0.4782608695652173,0.5769230769230769,0.5972222222222221,0.3201754385964912,0.27472527472527475,0.14285714285714285,0.3355704697986577,0.4571428571428571,0.27272727272727293,0.6029411764705883,0.2421052631578947,0.23955773955773957,0.4736842105263158,0.1333333333333333,0.2727272727272727,0.3902439024390244,0.36666666666666714,0.5333333333333332,3
0.3913043478260869,0.3076923076923077,0.6111111111111109,0.1578947368421052,0.10989010989010983,0.12244897959183672,0.24832214765100669,0.5428571428571427,0.18181818181818188,0.36764705882352944,0.21052631578947367,0.17936117936117935,0.3026315789473685,0.16000000000000003,0.4090909090909091,0.34146341463414637,0.43333333333333357,0.5999999999999996,3
0.6739130434782608,0.6538461538461537,0.9166666666666665,0.45614035087719296,0.20879120879120883,0.14285714285714285,0.6375838926174495,0.17142857142857137,0.5454545454545454,0.5882352941176472,0.48947368421052617,0.5540540540540541,0.7105263157894736,0.17333333333333334,0.6363636363636364,0.21951219512195122,0.40000000000000036,0.5,2
0.43478260869565233,0.3076923076923077,0.5833333333333333,0.23684210526315785,0.17582417582417587,0.12244897959183672,0.21476510067114085,0.5714285714285714,0.18181818181818188,0.36764705882352944,0.1578947368421052,0.15356265356265358,0.09868421052631582,0.040000000000000036,0.2727272727272727,0.24390243902439024,0.7666666666666666,0.8666666666666663,3
0.26086956521739135,0.42307692307692313,0.41666666666666663,0.4385964912280701,0.6153846153846155,0.9999999999999999,0.24832214765100669,0.5428571428571427,0.18181818181818188,0.38235294117647056,0.5842105263157894,0.17321867321867324,0.4999999999999999,0.8933333333333333,0.4090909090909091,0.2682926829268293,0.13333333333333375,0.06666666666666643,0
0.7391304347826089,0.9230769230769231,0.9166666666666665,0.29385964912280693,0.03296703296703296,0.061224489795918366,0.9597315436241609,0.0,1.0,0.75,0.7894736842105262,0.9496314496314496,0.9999999999999999,0.33333333333333326,0.2272727272727273,0.21951219512195122,0.16666666666666696,0.06666666666666643,0
0.5217391304347827,0.3846153846153846,0.45833333333333326,0.29824561403508765,0.19780219780219777,0.061224489795918366,0.27516778523489926,0.4571428571428571,0.18181818181818188,0.36764705882352944,0.2421052631578947,0.21744471744471744,0.39473684210526316,0.07999999999999996,0.5909090909090909,0.024390243902439025,0.8000000000000007,0.7666666666666666,0
0.36956521739130443,0.3846153846153846,0.36111111111111105,0.22807017543859642,0.19780219780219777,0.12244897959183672,0.16778523489932884,0.6285714285714286,0.09090909090909105,0.4117647058823528,0.16842105263157892,0.11916461916461918,0.3421052631578948,0.09333333333333338,0.13636363636363635,0.07317073170731708,0.5666666666666673,0.7000000000000002,3
0.28260869565217384,0.038461538461538325,0.30555555555555547,0.15350877192982448,0.15384615384615385,0.08163265306122448,0.06711409395973145,0.7999999999999998,0.0,0.13235294117647056,0.05789473684210522,0.04791154791154795,0.0,0.053333333333333344,0.09090909090909091,0.34146341463414637,0.8000000000000007,0.9000000000000004,3
0.43478260869565233,0.42307692307692313,0.8055555555555554,0.4035087719298245,0.1648351648351648,0.16326530612244894,0.4765100671140938,0.2857142857142856,0.4545454545454546,0.4117647058823528,0.3789473684210526,0.3943488943488943,0.26315789473684215,0.053333333333333344,0.18181818181818182,0.34146341463414637,0.6333333333333337,0.7666666666666666,2
0.28260869565217384,0.1153846153846152,0.41666666666666663,0.16666666666666663,0.15384615384615385,0.12244897959183672,0.14093959731543615,0.6857142857142857,0.09090909090909105,0.17647058823529393,0.1210526315789473,0.10073710073710074,0.09868421052631582,0.07999999999999996,0.09090909090909091,0.24390243902439024,0.6000000000000005,0.7000000000000002,3
0.36956521739130443,0.038461538461538325,0.36111111111111105,0.13596491228070173,0.08791208791208793,0.061224489795918366,0.0738255033557047,0.7999999999999998,0.0,0.0,0.09473684210526312,0.04914004914004916,0.03947368421052633,0.06666666666666665,0.2272727272727273,0.6341463414634146,0.666666666666667,0.7000000000000002,2
0.32608695652173925,0.5,0.4722222222222221,0.2894736842105263,0.23076923076923073,0.061224489795918366,0.26845637583892623,0.48571428571428554,0.18181818181818188,0.44117647058823506,0.26315789473684204,0.2027027027027027,0.5263157894736842,0.14666666666666672,0.2272727272727273,0.2682926829268293,0.43333333333333357,0.4666666666666668,0
0.34782608695652173,0.34615384615384603,0.625,0.17105263157894735,0.1208791208791209,0.14285714285714285,0.26845637583892623,0.5142857142857142,0.18181818181818188,0.38235294117647056,0.22631578947368414,0.1977886977886978,0.3223684210526315,0.16000000000000003,0.36363636363636365,0.3170731707317073,0.36666666666666714,0.5333333333333332,3
0.4565217391304346,0.6153846153846154,0.5416666666666665,0.4298245614035088,0.2637362637362638,0.040816326530612235,0.4161073825503354,0.3142857142857143,0.36363636363636376,0.5294117647058822,0.34736842105263144,0.3452088452088452,0.6184210526315789,0.14666666666666672,0.2727272727272727,0.04878048780487805,0.7000000000000002,0.5999999999999996,0
0.5,0.846153846153846,0.875,0.42105263157894735,0.19780219780219777,0.12244897959183672,0.6174496644295302,0.17142857142857137,0.5454545454545454,0.7058823529411762,0.5105263157894736,0.5405405405405406,0.8815789473684209,0.18666666666666665,0.2727272727272727,0.04878048780487805,0.3333333333333339,0.43333333333333357,1
0.34782608695652173,0.1153846153846152,0.15277777777777768,0.017543859649122806,0.05494505494505497,0.061224489795918366,0.04026845637583887,0.8857142857142857,0.0,0.1617647058823528,0.0368421052631579,0.02702702702702703,0.08552631578947367,0.2666666666666666,0.09090909090909091,0.34146341463414637,0.16666666666666696,0.13333333333333375,3
0.5652173913043477,0.3076923076923077,0.5138888888888888,0.4035087719298245,0.2417582417582418,0.061224489795918366,0.43624161073825496,0.2857142857142856,0.36363636363636376,0.3088235294117645,0.3789473684210526,0.36977886977886976,0.256578947368421,0.16000000000000003,0.18181818181818182,0.24390243902439024,0.7333333333333334,0.5999999999999996,0
0.6739130434782608,0.8076923076923077,0.8333333333333333,0.35526315789473684,0.15384615384615385,0.14285714285714285,0.6979865771812079,0.1428571428571428,0.6363636363636362,0.8088235294117645,0.4999999999999999,0.6167076167076168,0.7105263157894736,0.18666666666666665,0.2272727272727273,0.2682926829268293,0.3000000000000007,0.4666666666666668,2
0.6086956521739131,0.8846153846153848,0.8333333333333333,0.48245614035087714,0.2417582417582418,0.14285714285714285,0.6442953020134228,0.17142857142857137,0.6363636363636362,0.75,0.5105263157894736,0.5737100737100737,0.7302631578947368,0.18666666666666665,0.2727272727272727,0.12195121951219512,0.3333333333333339,0.40000000000000036,1
0.23913043478260865,0.5384615384615383,0.48611111111111094,0.21052631578947367,0.18681318681318682,0.061224489795918366,0.2818791946308725,0.48571428571428554,0.18181818181818188,0.3970588235294117,0.23684210526315785,0.20884520884520885,0.4736842105263158,0.19999999999999996,0.0,0.07317073170731708,0.3000000000000007,0.36666666666666714,0
0.23913043478260865,0.15384615384615374,0.18055555555555547,0.07017543859649122,0.13186813186813184,0.040816326530612235,0.0738255033557047,0.8285714285714285,0.0,0.10294117647058809,0.05789473684210522,0.04545454545454547,0.13815789473684215,0.29333333333333345,0.3181818181818182,0.024390243902439025,0.10000000000000053,0.06666666666666643,3
0.4565217391304346,0.3846153846153846,0.33333333333333326,0.29824561403508765,0.2417582417582418,0.08163265306122448,0.2550335570469797,0.48571428571428554,0.18181818181818188,0.3529411764705883,0.20526315789473681,0.19656019656019658,0.4276315789473685,0.10666666666666669,0.4090909090909091,0.024390243902439025,0.7666666666666666,0.833333333333333,0
0.30434782608695654,0.23076923076923062,0.41666666666666663,0.1885964912280702,0.15384615384615385,0.08163265306122448,0.2080536912751677,0.5714285714285714,0.09090909090909105,0.2647058823529411,0.17894736842105263,0.1511056511056511,0.1907894736842105,0.12,0.045454545454545456,0.04878048780487805,0.5333333333333341,0.5999999999999996,0
0.5652173913043477,0.7692307692307694,0.9027777777777777,0.5,0.20879120879120883,0.16326530612244894,0.6174496644295302,0.17142857142857137,0.5454545454545454,0.6911764705882351,0.4789473684210527,0.5393120393120393,0.7368421052631579,0.10666666666666669,0.0,0.14634146341463417,0.5,0.666666666666667,2
0.26086956521739135,0.46153846153846145,0.5555555555555556,0.2149122807017544,0.18681318681318682,0.12244897959183672,0.2348993288590604,0.5428571428571427,0.18181818181818188,0.44117647058823506,0.20526315789473681,0.17199017199017202,0.4078947368421052,0.14666666666666672,0.045454545454545456,0.0975609756097561,0.40000000000000036,0.5999999999999996,3
0.21739130434782616,0.1153846153846152,0.19444444444444442,0.06140350877192979,0.10989010989010983,0.061224489795918366,0.10738255033557043,0.7714285714285714,0.09090909090909105,0.10294117647058809,0.06842105263157894,0.06633906633906633,0.17763157894736836,0.29333333333333345,0.2727272727272727,0.07317073170731708,0.10000000000000053,0.06666666666666643,2
0.7391304347826089,0.8076923076923077,0.8055555555555554,0.4298245614035088,0.19780219780219777,0.16326530612244894,0.7114093959731542,0.1428571428571428,0.7272727272727275,0.7205882352941178,0.5210526315789473,0.628992628992629,0.6842105263157895,0.16000000000000003,0.045454545454545456,0.6829268292682927,0.36666666666666714,0.5999999999999996,2
0.6304347826086958,0.46153846153846145,0.625,0.38596491228070173,0.18681318681318682,0.061224489795918366,0.5369127516778522,0.19999999999999996,0.4545454545454546,0.4117647058823528,0.45789473684210524,0.4742014742014742,0.33552631578947356,0.21333333333333337,0.2727272727272727,0.17073170731707318,0.6333333333333337,0.40000000000000036,0
0.15217391304347827,0.1923076923076923,0.3194444444444444,0.10526315789473684,0.08791208791208793,0.08163265306122448,0.22818791946308725,0.5714285714285714,0.18181818181818188,0.17647058823529393,0.19999999999999996,0.1597051597051597,0.3026315789473685,0.30666666666666664,0.4090909090909091,0.4878048780487805,0.13333333333333375,0.13333333333333375,2
0.34782608695652173,0.3846153846153846,0.625,0.24122807017543857,0.18681318681318682,0.16326530612244894,0.28859060402684555,0.48571428571428554,0.18181818181818188,0.4852941176470589,0.22631578947368414,0.21130221130221133,0.4078947368421052,0.16000000000000003,0.2272727272727273,0.21951219512195122,0.3000000000000007,0.5,3
0.32608695652173925,0.34615384615384603,0.5138888888888888,0.20175438596491224,0.1208791208791209,0.1020408163265306,0.18791946308724827,0.5999999999999999,0.09090909090909105,0.3529411764705883,0.1842105263157895,0.13390663390663393,0.3026315789473685,0.053333333333333344,0.4545454545454546,0.2682926829268293,0.7333333333333334,0.7999999999999998,2
0.43478260869565233,0.07692307692307687,0.36111111111111105,0.2149122807017544,0.13186813186813184,0.061224489795918366,0.20134228187919456,0.5714285714285714,0.09090909090909105,0.1470588235294117,0.16842105263157892,0.14742014742014742,0.052631578947368474,0.053333333333333344,0.2272727272727273,0.3170731707317073,0.7000000000000002,0.7000000000000002,1
0.6086956521739131,0.5769230769230769,0.9305555555555554,0.513157894736842,0.23076923076923073,0.14285714285714285,0.6442953020134228,0.17142857142857137,0.6363636363636362,0.5294117647058822,0.5368421052631579,0.5614250614250614,0.6052631578947368,0.1333333333333333,0.2272727272727273,0.926829268292683,0.4666666666666668,0.7000000000000002,1
0.30434782608695654,0.1923076923076923,0.625,0.3157894736842105,0.15384615384615385,0.1020408163265306,0.34899328859060397,0.3999999999999999,0.27272727272727293,0.1617647058823528,0.2947368421052631,0.2678132678132678,0.11842105263157898,0.040000000000000036,0.045454545454545456,0.6097560975609756,0.7333333333333334,0.7999999999999998,1
0.5869565217391304,0.5,0.6944444444444444,0.29385964912280693,0.21978021978021978,0.12244897959183672,0.30201342281879184,0.48571428571428554,0.27272727272727293,0.47058823529411775,0.21052631578947367,0.21990171990171992,0.4736842105263158,0.09333333333333338,0.7727272727272727,0.17073170731707318,0.5333333333333341,0.6333333333333337,3
0.19565217391304346,0.42307692307692313,0.4444444444444444,0.05701754385964908,0.05494505494505497,0.08163265306122448,0.26845637583892623,0.5142857142857142,0.18181818181818188,0.42647058823529393,0.231578947368421,0.19164619164619168,0.4276315789473685,0.29333333333333345,0.09090909090909091,0.04878048780487805,0.13333333333333375,0.13333333333333375,0
0.36956521739130443,0.5769230769230769,0.6388888888888888,0.881578947368421,0.8681318681318683,0.9387755102040816,0.27516778523489926,0.5142857142857142,0.18181818181818188,0.5588235294117645,0.7473684210526316,0.199017199017199,0.5789473684210525,0.7733333333333334,0.0,0.36585365853658536,0.3000000000000007,0.43333333333333357,3
0.7173913043478262,0.7692307692307694,0.8055555555555554,0.3114035087719298,0.07692307692307687,0.14285714285714285,0.6979865771812079,0.1428571428571428,0.6363636363636362,0.7794117647058822,0.5526315789473685,0.6228501228501229,0.6973684210526315,0.18666666666666665,0.045454545454545456,0.21951219512195122,0.36666666666666714,0.5333333333333332,2
0.17391304347826098,0.46153846153846145,0.38888888888888884,0.2807017543859649,0.2857142857142857,0.061224489795918366,0.261744966442953,0.5142857142857142,0.18181818181818188,0.4117647058823528,0.22631578947368414,0.18673218673218672,0.48684210526315785,0.19999999999999996,0.3181818181818182,0.0,0.2333333333333334,0.2666666666666666,0
0.4782608695652173,0.5769230769230769,0.8888888888888888,0.4780701754385964,0.21978021978021978,0.12244897959183672,0.6241610738255032,0.17142857142857137,0.5454545454545454,0.4852941176470589,0.5105263157894736,0.5454545454545454,0.5921052631578948,0.18666666666666665,0.2272727272727273,0.21951219512195122,0.3333333333333339,0.40000000000000036,1
0.32608695652173925,0.15384615384615374,0.15277777777777768,0.0,0.05494505494505497,0.040816326530612235,0.04697986577181201,0.8857142857142857,0.0,0.1470588235294117,0.02631578947368418,0.02825552825552824,0.08552631578947367,0.3466666666666667,0.36363636363636365,0.3902439024390244,0.10000000000000053,0.06666666666666643,3
0.4565217391304346,0.6153846153846154,0.6527777777777777,0.14035087719298245,0.07692307692307687,0.16326530612244894,0.3087248322147651,0.48571428571428554,0.27272727272727293,0.6470588235294117,0.25263157894736843,0.2235872235872236,0.48684210526315785,0.19999999999999996,0.2272727272727273,0.12195121951219512,0.2333333333333334,0.43333333333333357,3
0.43478260869565233,0.15384615384615374,0.5,0.3421052631578947,0.17582417582417587,0.1020408163265306,0.34899328859060397,0.3999999999999999,0.27272727272727293,0.23529411764705865,0.32105263157894737,0.2714987714987715,0.17763157894736836,0.09333333333333338,0.18181818181818182,0.17073170731707318,0.5333333333333341,0.5333333333333332,2
1.0,0.8076923076923077,0.9166666666666665,0.5043859649122806,0.19780219780219777,0.18367346938775508,0.6778523489932886,0.1428571428571428,0.6363636363636362,0.7205882352941178,0.48947368421052617,0.6031941031941032,0.7894736842105262,0.07999999999999996,0.9090909090909092,0.024390243902439025,0.5333333333333341,0.7000000000000002,2
0.43478260869565233,0.5,0.5833333333333333,0.17543859649122806,0.1208791208791209,0.16326530612244894,0.31543624161073813,0.48571428571428554,0.27272727272727293,0.6176470588235294,0.26315789473684204,0.22972972972972971,0.5065789473684211,0.2266666666666668,0.09090909090909091,0.0975609756097561,0.2333333333333334,0.43333333333333357,3
0.3913043478260869,0.3846153846153846,0.41666666666666663,0.12280701754385959,0.08791208791208793,0.1020408163265306,0.12080536912751672,0.7142857142857142,0.09090909090909105,0.4117647058823528,0.15263157894736834,0.08476658476658477,0.2894736842105262,0.1333333333333333,0.045454545454545456,0.1951219512195122,0.4666666666666668,0.43333333333333357,3
0.26086956521739135,0.34615384615384603,0.36111111111111105,0.07456140350877194,0.07692307692307687,0.061224489795918366,0.24161073825503354,0.5714285714285714,0.18181818181818188,0.3382352941176472,0.22105263157894728,0.16339066339066338,0.4078947368421052,0.3733333333333333,0.2727272727272727,0.34146341463414637,0.13333333333333375,0.033333333333333215,0
0.34782608695652173,0.5384615384615383,0.5694444444444444,0.1842105263157895,0.18681318681318682,0.16326530612244894,0.2953020134228188,0.5142857142857142,0.27272727272727293,0.6617647058823528,0.21052631578947367,0.20638820638820637,0.4999999999999999,0.21333333333333337,0.2727272727272727,0.3170731707317073,0.2666666666666666,0.40000000000000036,3
0.3913043478260869,0.46153846153846145,0.5416666666666665,0.3114035087719298,0.13186813186813184,0.12244897959183672,0.34228187919463093,0.3999999999999999,0.27272727272727293,0.44117647058823506,0.28421052631578947,0.2702702702702703,0.4407894736842105,0.026666666666666727,0.0,0.24390243902439024,0.7666666666666666,0.9000000000000004,2
0.10869565217391308,0.1923076923076923,0.3194444444444444,0.04385964912280704,0.04395604395604391,0.061224489795918366,0.20134228187919456,0.5999999999999999,0.18181818181818188,0.17647058823529393,0.16842105263157892,0.1412776412776413,0.22368421052631582,0.2266666666666668,0.09090909090909091,0.0975609756097561,0.16666666666666696,0.13333333333333375,2
0.4130434782608696,0.1923076923076923,0.43055555555555547,0.30263157894736836,0.20879120879120883,0.08163265306122448,0.2818791946308725,0.48571428571428554,0.18181818181818188,0.22058823529411753,0.2684210526315789,0.21007371007371006,0.11842105263157898,0.1333333333333333,0.18181818181818182,0.5853658536585367,0.43333333333333357,0.4666666666666668,2
0.5434782608695654,0.846153846153846,0.8472222222222221,0.5394736842105263,0.25274725274725274,0.12244897959183672,0.6577181208053691,0.1428571428571428,0.6363636363636362,0.7352941176470589,0.5578947368421051,0.585995085995086,0.8749999999999999,0.16000000000000003,0.045454545454545456,0.14634146341463417,0.40000000000000036,0.5333333333333332,1
0.6086956521739131,0.34615384615384603,0.30555555555555547,0.3070175438596491,0.21978021978021978,0.061224489795918366,0.24832214765100669,0.48571428571428554,0.18181818181818188,0.3088235294117645,0.20526315789473681,0.1928746928746929,0.3486842105263158,0.06666666666666665,0.3181818181818182,0.2682926829268293,0.8666666666666671,0.9333333333333336,0
0.6086956521739131,0.8846153846153848,0.8888888888888888,0.3508771929824561,0.06593406593406592,0.061224489795918366,0.9731543624161074,0.0,1.0,0.7352941176470589,0.7631578947368421,0.9484029484029485,0.7763157894736842,0.30666666666666664,0.2272727272727273,0.6341463414634146,0.13333333333333375,0.09999999999999964,0
0.4565217391304346,0.1153846153846152,0.36111111111111105,0.20175438596491224,0.15384615384615385,0.1020408163265306,0.14093959731543615,0.6857142857142857,0.09090909090909105,0.25,0.12631578947368416,0.09950859950859953,0.046052631578947345,0.026666666666666727,0.4090909090909091,0.07317073170731708,0.8333333333333339,0.9000000000000004,3
0.5217391304347827,0.42307692307692313,0.7777777777777777,0.39473684210526316,0.17582417582417587,0.12244897959183672,0.4899328859060401,0.2857142857142856,0.4545454545454546,0.38235294117647056,0.3789473684210526,0.40294840294840295,0.3486842105263158,0.07999999999999996,0.18181818181818182,0.1951219512195122,0.5,0.5999999999999996,2
0.34782608695652173,0.5384615384615383,0.6111111111111109,0.12280701754385959,0.08791208791208793,0.16326530612244894,0.30201342281879184,0.5142857142857142,0.27272727272727293,0.6176470588235294,0.20526315789473681,0.20884520884520885,0.42105263157894746,0.18666666666666665,0.2272727272727273,0.21951219512195122,0.20000000000000018,0.36666666666666714,3
0.7391304347826089,0.7692307692307694,0.875,0.5087719298245613,0.20879120879120883,0.16326530612244894,0.6510067114093958,0.17142857142857137,0.6363636363636362,0.6617647058823528,0.48421052631578954,0.5761670761670762,0.6578947368421052,0.07999999999999996,0.0,0.024390243902439025,0.5,0.666666666666667,1
0.26086956521739135,0.23076923076923062,0.38888888888888884,0.06140350877192979,0.05494505494505497,0.040816326530612235,0.10738255033557043,0.7714285714285714,0.09090909090909105,0.25,0.09473684210526312,0.07002457002457002,0.19736842105263153,0.19999999999999996,0.36363636363636365,0.1951219512195122,0.20000000000000018,0.20000000000000018,3
0.652173913043478,0.6538461538461537,0.8055555555555554,0.4692982456140351,0.17582417582417587,0.12244897959183672,0.5436241610738255,0.22857142857142854,0.4545454545454546,0.6323529411764706,0.44210526315789467,0.4705159705159705,0.48026315789473684,0.053333333333333344,0.2272727272727273,0.12195121951219512,0.7333333333333334,0.7666666666666666,1
0.08695652173913038,0.1923076923076923,0.3194444444444444,0.13157894736842102,0.13186813186813184,0.040816326530612235,0.12080536912751672,0.7428571428571429,0.09090909090909105,0.17647058823529393,0.07894736842105254,0.0773955773955774,0.17763157894736836,0.2533333333333334,0.5909090909090909,0.5121951219512195,0.2333333333333334,0.20000000000000018,1
0.5,0.26923076923076916,0.41666666666666663,0.06578947368421051,0.03296703296703296,0.1020408163265306,0.16778523489932884,0.6857142857142857,0.09090909090909105,0.3382352941176472,0.16842105263157892,0.10442260442260443,0.17763157894736836,0.2666666666666666,0.4545454545454546,0.3170731707317073,0.2333333333333334,0.06666666666666643,3
0.21739130434782616,0.34615384615384603,0.36111111111111105,0.2236842105263157,0.21978021978021978,0.08163265306122448,0.2550335570469797,0.5428571428571427,0.18181818181818188,0.38235294117647056,0.231578947368421,0.18304668304668303,0.3092105263157895,0.24,0.18181818181818182,0.04878048780487805,0.20000000000000018,0.2333333333333334,0
0.43478260869565233,0.46153846153846145,0.6388888888888888,0.42105263157894735,0.2417582417582418,0.08163265306122448,0.4832214765100671,0.2571428571428571,0.4545454545454546,0.3970588235294117,0.38421052631578945,0.41646191646191644,0.4671052631578948,0.16000000000000003,0.0,0.0975609756097561,0.6000000000000005,0.5333333333333332,0
0.34782608695652173,0.3076923076923077,0.48611111111111094,0.16666666666666663,0.09890109890109888,0.08163265306122448,0.22818791946308725,0.5714285714285714,0.18181818181818188,0.27941176470588225,0.21052631578947367,0.16339066339066338,0.2894736842105262,0.21333333333333337,0.8181818181818182,0.12195121951219512,0.2666666666666666,0.2333333333333334,1
0.17391304347826098,0.3846153846153846,0.38888888888888884,0.08771929824561397,0.10989010989010983,0.1020408163265306,0.24832214765100669,0.5714285714285714,0.18181818181818188,0.4117647058823528,0.20526315789473681,0.17076167076167076,0.39473684210526316,0.30666666666666664,0.2727272727272727,0.43902439024390244,0.10000000000000053,0.09999999999999964,0
0.5434782608695654,0.846153846153846,0.8472222222222221,0.5,0.2417582417582418,0.16326530612244894,0.7583892617449663,0.11428571428571421,0.7272727272727275,0.8823529411764706,0.531578947368421,0.6928746928746928,0.6842105263157895,0.18666666666666665,0.2727272727272727,0.34146341463414637,0.36666666666666714,0.4666666666666668,1
0.28260869565217384,0.42307692307692313,0.5277777777777777,0.25877192982456143,0.23076923076923073,0.12244897959183672,0.20134228187919456,0.5714285714285714,0.09090909090909105,0.42647058823529393,0.19999999999999996,0.14864864864864868,0.38815789473684215,0.1333333333333333,0.045454545454545456,0.2682926829268293,0.4666666666666668,0.666666666666667,3
0.5434782608695654,0.6153846153846154,0.6111111111111109,0.5,0.29670329670329676,0.08163265306122448,0.523489932885906,0.22857142857142854,0.4545454545454546,0.5294117647058822,0.41052631578947374,0.45945945945945943,0.6381578947368421,0.18666666666666665,0.18181818181818182,0.17073170731707318,0.6333333333333337,0.4666666666666668,0
0.5,0.846153846153846,0.8055555555555554,0.24561403508771928,0.07692307692307687,0.14285714285714285,0.6912751677852349,0.1428571428571428,0.6363636363636362,0.8382352941176472,0.5052631578947367,0.6130221130221131,0.7171052631578948,0.21333333333333337,0.13636363636363635,0.14634146341463417,0.3000000000000007,0.40000000000000036,1
0.5217391304347827,0.9999999999999998,0.9444444444444444,0.5350877192982456,0.25274725274725274,0.16326530612244894,0.7516778523489933,0.11428571428571421,0.7272727272727275,1.0,0.4999999999999999,0.6732186732186732,0.6973684210526315,0.1333333333333333,0.4545454545454546,0.6097560975609756,0.3333333333333339,0.5666666666666664,1
0.4130434782608696,0.23076923076923062,0.7083333333333333,0.3771929824561403,0.1648351648351648,0.1020408163265306,0.4295302013422819,0.3142857142857143,0.36363636363636376,0.27941176470588225,0.34736842105263144,0.34643734643734647,0.256578947368421,0.09333333333333338,0.13636363636363635,0.5609756097560976,0.5333333333333341,0.6333333333333337,1
0.0,0.15384615384615374,0.18055555555555547,0.02631578947368418,0.07692307692307687,0.061224489795918366,0.09395973154362414,0.8285714285714285,0.09090909090909105,0.1470588235294117,0.02631578947368418,0.052825552825552846,0.23026315789473684,0.29333333333333345,0.045454545454545456,0.36585365853658536,0.0,0.09999999999999964,1
0.34782608695652173,0.34615384615384603,0.6805555555555554,0.1842105263157895,0.15384615384615385,0.16326530612244894,0.261744966442953,0.5142857142857142,0.18181818181818188,0.3970588235294117,0.21052631578947367,0.1891891891891892,0.33552631578947356,0.16000000000000003,0.5,0.5609756097560976,0.36666666666666714,0.5999999999999996,3
0.6086956521739131,0.7692307692307694,0.875,0.4298245614035088,0.17582417582417587,0.12244897959183672,0.5570469798657718,0.22857142857142854,0.4545454545454546,0.6470588235294117,0.42105263157894723,0.47542997542997545,0.6447368421052632,0.10666666666666669,0.2272727272727273,0.12195121951219512,0.5,0.5666666666666664,1
0.3913043478260869,0.23076923076923062,0.5972222222222221,0.2850877192982456,0.1428571428571429,0.1020408163265306,0.4026845637583891,0.34285714285714275,0.36363636363636376,0.23529411764705865,0.3526315789473683,0.32063882063882065,0.26315789473684215,0.16000000000000003,0.0,0.24390243902439024,0.40000000000000036,0.43333333333333357,2
0.28260869565217384,0.26923076923076916,0.30555555555555547,0.15350877192982448,0.1648351648351648,0.08163265306122448,0.2550335570469797,0.5428571428571427,0.18181818181818188,0.22058823529411753,0.1842105263157895,0.17936117936117935,0.4013157894736842,0.29333333333333345,0.09090909090909091,0.07317073170731708,0.13333333333333375,0.13333333333333375,2
0.6739130434782608,0.7307692307692306,0.75,0.45175438596491224,0.20879120879120883,0.040816326530612235,0.6442953020134228,0.1428571428571428,0.6363636363636362,0.6323529411764706,0.5105263157894736,0.5921375921375921,0.6973684210526315,0.21333333333333337,0.5,0.0975609756097561,0.5666666666666673,0.33333333333333304,0
0.34782608695652173,0.42307692307692313,0.38888888888888884,0.03508771929824561,0.03296703296703296,0.08163265306122448,0.2550335570469797,0.5428571428571427,0.18181818181818188,0.42647058823529393,0.21578947368421053,0.17690417690417692,0.5065789473684211,0.3733333333333333,0.2727272727272727,0.12195121951219512,0.10000000000000053,0.033333333333333215,0
0.30434782608695654,0.5,0.43055555555555547,0.23684210526315785,0.20879120879120883,0.061224489795918366,0.261744966442953,0.5142857142857142,0.18181818181818188,0.4117647058823528,0.23684210526315785,0.19533169533169537,0.5065789473684211,0.17333333333333334,0.09090909090909091,0.0,0.3333333333333339,0.2999999999999998,0
0.5652173913043477,0.6923076923076923,0.7222222222222221,0.4298245614035088,0.19780219780219777,0.040816326530612235,0.6510067114093958,0.1428571428571428,0.6363636363636362,0.6029411764705883,0.5368421052631579,0.5982800982800983,0.6710526315789472,0.24,0.2272727272727273,0.2682926829268293,0.5,0.2666666666666666,0
0.4565217391304346,0.1153846153846152,0.38888888888888884,0.0964912280701754,0.07692307692307687,0.08163265306122448,0.10067114093959728,0.7428571428571429,0.09090909090909105,0.2058823529411764,0.13157894736842102,0.07125307125307129,0.02631578947368418,0.07999999999999996,0.045454545454545456,0.04878048780487805,0.6333333333333337,0.5,3
0.13043478260869557,0.26923076923076916,0.5555555555555556,0.12280701754385959,0.08791208791208793,0.08163265306122448,0.2348993288590604,0.5999999999999999,0.18181818181818188,0.25,0.22105263157894728,0.156019656019656,0.21052631578947367,0.21333333333333337,0.36363636363636365,0.7317073170731707,0.16666666666666696,0.40000000000000036,1
0.34782608695652173,0.26923076923076916,0.5,0.36403508771929816,0.31868131868131866,0.08163265306122448,0.2550335570469797,0.5142857142857142,0.18181818181818188,0.2647058823529411,0.231578947368421,0.1941031941031941,0.23684210526315785,0.16000000000000003,0.13636363636363635,0.1951219512195122,0.5666666666666673,0.5333333333333332,0
0.8043478260869565,0.9615384615384615,0.9166666666666665,0.32894736842105265,0.04395604395604391,0.061224489795918366,1.0,0.0,1.0,0.7794117647058822,0.7789473684210525,0.9999999999999999,0.9539473684210525,0.30666666666666664,0.4090909090909091,0.3170731707317073,0.16666666666666696,0.033333333333333215,0
0.34782608695652173,0.3076923076923077,0.6111111111111109,0.1578947368421052,0.1208791208791209,0.12244897959183672,0.24832214765100669,0.5428571428571427,0.18181818181818188,0.3970588235294117,0.22105263157894728,0.17936117936117935,0.32894736842105254,0.16000000000000003,0.18181818181818182,0.43902439024390244,0.40000000000000036,0.6333333333333337,3
0.28260869565217384,0.15384615384615374,0.2777777777777777,0.04385964912280704,0.07692307692307687,0.040816326530612235,0.04697986577181201,0.857142857142857,0.0,0.2058823529411764,0.05789473684210522,0.030712530712530717,0.11184210526315785,0.16000000000000003,0.09090909090909091,0.1951219512195122,0.3333333333333339,0.2999999999999998,3
0.3913043478260869,0.34615384615384603,0.6111111111111109,0.45614035087719296,0.3076923076923077,0.061224489795918366,0.3959731543624161,0.34285714285714275,0.27272727272727293,0.2941176470588234,0.31052631578947365,0.3218673218673219,0.3223684210526315,0.12,0.13636363636363635,0.29268292682926833,0.666666666666667,0.666666666666667,0
0.15217391304347827,0.15384615384615374,0.23611111111111105,0.04824561403508776,0.08791208791208793,0.061224489795918366,0.08724832214765099,0.7999999999999998,0.09090909090909105,0.10294117647058809,0.06315789473684208,0.05528255528255527,0.13157894736842102,0.28,0.36363636363636365,0.12195121951219512,0.06666666666666732,0.09999999999999964,1
0.6739130434782608,0.846153846153846,0.9305555555555554,0.513157894736842,0.23076923076923073,0.16326530612244894,0.7114093959731542,0.1428571428571428,0.6363636363636362,0.8088235294117645,0.5368421052631579,0.6375921375921376,0.7697368421052632,0.14666666666666672,0.13636363636363635,0.24390243902439024,0.40000000000000036,0.5999999999999996,2
0.4565217391304346,0.1923076923076923,0.6111111111111109,0.23245614035087714,0.08791208791208793,0.12244897959183672,0.3825503355704698,0.37142857142857144,0.27272727272727293,0.17647058823529393,0.34736842105263144,0.3022113022113022,0.2828947368421052,0.12,0.4090909090909091,0.36585365853658536,0.4666666666666668,0.4666666666666668,1
0.6739130434782608,0.7307692307692306,0.8333333333333333,0.3771929824561403,0.13186813186813184,0.12244897959183672,0.5704697986577181,0.19999999999999996,0.5454545454545454,0.5882352941176472,0.4631578947368421,0.4901719901719902,0.8026315789473685,0.1333333333333333,0.4545454545454546,0.24390243902439024,0.5,0.5666666666666664,2
0.4565217391304346,0.5769230769230769,0.6527777777777777,0.25,0.18681318681318682,0.14285714285714285,0.30201342281879184,0.48571428571428554,0.27272727272727293,0.6323529411764706,0.2578947368421052,0.21990171990171992,0.48684210526315785,0.19999999999999996,0.18181818181818182,0.36585365853658536,0.2666666666666666,0.4666666666666668,3
0.23913043478260865,0.46153846153846145,0.36111111111111105,0.2149122807017544,0.19780219780219777,0.061224489795918366,0.221476510067114,0.5714285714285714,0.18181818181818188,0.38235294117647056,0.19999999999999996,0.15724815724815727,0.4276315789473685,0.17333333333333334,0.09090909090909091,0.07317073170731708,0.2666666666666666,0.2333333333333334,0
0.5217391304347827,0.6538461538461537,0.9444444444444444,0.4649122807017544,0.19780219780219777,0.14285714285714285,0.6845637583892616,0.1428571428571428,0.6363636363636362,0.5588235294117645,0.5368421052631579,0.6130221130221131,0.6973684210526315,0.16000000000000003,0.3181818181818182,0.7073170731707318,0.40000000000000036,0.5333333333333332,1
0.34782608695652173,0.34615384615384603,0.5555555555555556,0.20175438596491224,0.1648351648351648,0.061224489795918366,0.21476510067114085,0.5714285714285714,0.18181818181818188,0.3088235294117645,0.18947368421052624,0.15233415233415232,0.38157894736842113,0.18666666666666665,0.7727272727272727,0.3170731707317073,0.3000000000000007,0.2666666666666666,2
0.28260869565217384,0.3846153846153846,0.38888888888888884,0.20614035087719296,0.1648351648351648,0.08163265306122448,0.2550335570469797,0.5142857142857142,0.18181818181818188,0.3529411764705883,0.2578947368421052,0.187960687960688,0.3421052631578948,0.19999999999999996,0.18181818181818182,0.21951219512195122,0.40000000000000036,0.36666666666666714,0
0.4782608695652173,0.5,0.9027777777777777,0.5,0.23076923076923073,0.12244897959183672,0.5973154362416107,0.19999999999999996,0.5454545454545454,0.44117647058823506,0.48947368421052617,0.5135135135135135,0.5855263157894736,0.12,0.2272727272727273,0.926829268292683,0.5,0.7000000000000002,1
0.30434782608695654,0.42307692307692313,0.3472222222222221,0.08333333333333326,0.09890109890109888,0.061224489795918366,0.24832214765100669,0.5714285714285714,0.18181818181818188,0.38235294117647056,0.21052631578947367,0.16830466830466834,0.38815789473684215,0.3600000000000001,0.18181818181818182,0.29268292682926833,0.10000000000000053,0.033333333333333215,0
0.19565217391304346,0.46153846153846145,0.36111111111111105,0.644736842105263,0.8681318681318683,0.9999999999999999,0.24161073825503354,0.5428571428571427,0.18181818181818188,0.38235294117647056,0.563157894736842,0.17444717444717445,0.48026315789473684,0.7866666666666666,0.045454545454545456,0.024390243902439025,0.16666666666666696,0.13333333333333375,0
0.4782608695652173,0.34615384615384603,0.625,0.30263157894736836,0.20879120879120883,0.12244897959183672,0.27516778523489926,0.5142857142857142,0.18181818181818188,0.38235294117647056,0.19999999999999996,0.20024570024570026,0.25,0.06666666666666665,0.5,0.12195121951219512,0.666666666666667,0.7666666666666666,3
0.4565217391304346,0.34615384615384603,0.38888888888888884,0.19736842105263153,0.18681318681318682,0.08163265306122448,0.10738255033557043,0.7428571428571429,0.09090909090909105,0.36764705882352944,0.12631578947368416,0.07616707616707619,0.3092105263157895,0.12,0.6363636363636364,0.12195121951219512,0.5333333333333341,0.5,3
0.4130434782608696,0.1923076923076923,0.2777777777777777,0.10964912280701755,0.1648351648351648,0.040816326530612235,0.01342281879194629,0.9142857142857141,0.0,0.2058823529411764,0.02631578947368418,0.012285012285012303,0.16447368421052633,0.16000000000000003,0.6363636363636364,0.12195121951219512,0.4666666666666668,0.43333333333333357,3
0.6304347826086958,0.46153846153846145,0.5972222222222221,0.4078947368421052,0.19780219780219777,0.040816326530612235,0.5503355704697985,0.19999999999999996,0.4545454545454546,0.4117647058823528,0.4999999999999999,0.48157248157248156,0.36184210526315785,0.2533333333333334,0.0,0.6585365853658537,0.5666666666666673,0.33333333333333304,0
0.7608695652173911,0.7692307692307694,0.875,0.42543859649122806,0.18681318681318682,0.14285714285714285,0.7248322147651005,0.11428571428571421,0.7272727272727275,0.7352941176470589,0.49473684210526303,0.6474201474201474,0.6710526315789472,0.17333333333333334,0.5,0.24390243902439024,0.40000000000000036,0.5999999999999996,2
0.5652173913043477,0.5,0.9027777777777777,0.45614035087719296,0.18681318681318682,0.16326530612244894,0.5704697986577181,0.22857142857142854,0.5454545454545454,0.5,0.43157894736842095,0.4803439803439803,0.3092105263157895,0.06666666666666665,0.0,0.8048780487804879,0.6000000000000005,0.7999999999999998,1
0.26086956521739135,0.23076923076923062,0.5138888888888888,0.20175438596491224,0.13186813186813184,0.1020408163265306,0.2550335570469797,0.5428571428571427,0.18181818181818188,0.23529411764705865,0.2421052631578947,0.1805896805896806,0.13815789473684215,0.17333333333333334,0.0,0.3902439024390244,0.2666666666666666,0.40000000000000036,1
0.15217391304347827,0.42307692307692313,0.38888888888888884,0.13157894736842102,0.13186813186813184,0.1020408163265306,0.2550335570469797,0.5428571428571427,0.18181818181818188,0.3970588235294117,0.21052631578947367,0.17813267813267813,0.4013157894736842,0.2666666666666666,0.3181818181818182,0.29268292682926833,0.13333333333333375,0.13333333333333375,0
0.5652173913043477,0.5769230769230769,0.5416666666666665,0.4122807017543859,0.23076923076923073,0.061224489795918366,0.4899328859060401,0.2571428571428571,0.4545454545454546,0.5147058823529411,0.3789473684210526,0.4176904176904177,0.38815789473684215,0.18666666666666665,0.2272727272727273,0.1951219512195122,0.6333333333333337,0.4666666666666668,0
0.34782608695652173,0.26923076923076916,0.5138888888888888,0.23684210526315785,0.19780219780219777,0.12244897959183672,0.21476510067114085,0.5714285714285714,0.18181818181818188,0.3382352941176472,0.19999999999999996,0.1597051597051597,0.20394736842105265,0.1333333333333333,0.0,0.12195121951219512,0.4666666666666668,0.6333333333333337,3
0.4565217391304346,0.5769230769230769,0.5972222222222221,0.25,0.18681318681318682,0.14285714285714285,0.2953020134228188,0.48571428571428554,0.18181818181818188,0.5147058823529411,0.24736842105263157,0.21253071253071254,0.49342105263157887,0.18666666666666665,0.18181818181818182,0.34146341463414637,0.3000000000000007,0.5,3
0.08695652173913038,0.1923076923076923,0.48611111111111094,0.17105263157894735,0.13186813186813184,0.061224489795918366,0.2348993288590604,0.5714285714285714,0.18181818181818188,0.2058823529411764,0.1947368421052631,0.16093366093366096,0.1578947368421052,0.2666666666666666,0.7272727272727273,0.4878048780487805,0.16666666666666696,0.20000000000000018,1
0.32608695652173925,0.07692307692307687,0.13888888888888884,0.07017543859649122,0.1208791208791209,0.040816326530612235,0.01342281879194629,0.9428571428571428,0.0,0.05882352941176472,0.010526315789473606,0.009828009828009854,0.17105263157894735,0.18666666666666665,0.9545454545454546,0.0975609756097561,0.20000000000000018,0.20000000000000018,1
0.43478260869565233,0.3846153846153846,0.625,0.12280701754385959,0.07692307692307687,0.14285714285714285,0.28859060402684555,0.5142857142857142,0.18181818181818188,0.5147058823529411,0.231578947368421,0.20515970515970516,0.3486842105263158,0.19999999999999996,0.5454545454545454,0.3170731707317073,0.2666666666666666,0.5,3
0.4782608695652173,0.5384615384615383,0.6666666666666665,0.25,0.18681318681318682,0.16326530612244894,0.31543624161073813,0.48571428571428554,0.27272727272727293,0.5735294117647056,0.2421052631578947,0.22972972972972971,0.48026315789473684,0.14666666666666672,0.5454545454545454,0.3170731707317073,0.43333333333333357,0.5666666666666664,3
0.5869565217391304,0.46153846153846145,0.8333333333333333,0.45614035087719296,0.19780219780219777,0.1020408163265306,0.5973154362416107,0.17142857142857137,0.5454545454545454,0.42647058823529393,0.531578947368421,0.5245700245700246,0.5065789473684211,0.16000000000000003,0.2272727272727273,0.12195121951219512,0.43333333333333357,0.4666666666666668,1
0.7826086956521738,0.7692307692307694,0.9583333333333333,0.5087719298245613,0.2417582417582418,0.18367346938775508,0.7315436241610738,0.1428571428571428,0.7272727272727275,0.75,0.5052631578947367,0.6486486486486487,0.6578947368421052,0.16000000000000003,0.5909090909090909,0.6829268292682927,0.40000000000000036,0.666666666666667,2
0.26086956521739135,0.3846153846153846,0.33333333333333326,0.10087719298245612,0.09890109890109888,0.1020408163265306,0.2550335570469797,0.5714285714285714,0.18181818181818188,0.38235294117647056,0.19999999999999996,0.17199017199017202,0.4013157894736842,0.29333333333333345,0.4090909090909091,0.34146341463414637,0.13333333333333375,0.09999999999999964,0
0.43478260869565233,0.6153846153846154,0.5416666666666665,0.32894736842105265,0.19780219780219777,0.08163265306122448,0.4093959731543624,0.3142857142857143,0.36363636363636376,0.5882352941176472,0.31052631578947365,0.3427518427518428,0.5394736842105262,0.1333333333333333,0.2272727272727273,0.24390243902439024,0.7000000000000002,0.7000000000000002,0
0.34782608695652173,0.15384615384615374,0.19444444444444442,0.06140350877192979,0.06593406593406592,0.040816326530612235,0.1476510067114094,0.6857142857142857,0.09090909090909105,0.13235294117647056,0.1105263157894737,0.10073710073710074,0.22368421052631582,0.2533333333333334,0.7272727272727273,0.34146341463414637,0.2666666666666666,0.13333333333333375,2
0.36956521739130443,0.5769230769230769,0.5277777777777777,0.16228070175438591,0.13186813186813184,0.16326530612244894,0.3221476510067114,0.48571428571428554,0.27272727272727293,0.6176470588235294,0.22631578947368414,0.2285012285012285,0.48026315789473684,0.21333333333333337,0.4545454545454546,0.2682926829268293,0.2333333333333334,0.36666666666666714,3
0.4130434782608696,0.26923076923076916,0.5833333333333333,0.2543859649122807,0.17582417582417587,0.12244897959183672,0.22818791946308725,0.5428571428571427,0.18181818181818188,0.3235294117647056,0.1842105263157895,0.16584766584766586,0.16447368421052633,0.053333333333333344,0.4090909090909091,0.0,0.7666666666666666,0.833333333333333,3
0.36956521739130443,0.1153846153846152,0.23611111111111105,0.10964912280701755,0.10989010989010983,0.061224489795918366,0.0604026845637583,0.857142857142857,0.0,0.13235294117647056,0.0368421052631579,0.039312039312039304,0.13157894736842102,0.10666666666666669,1.0,0.5609756097560976,0.4666666666666668,0.4666666666666668,2
0.26086956521739135,0.46153846153846145,0.43055555555555547,0.19736842105263153,0.17582417582417587,0.1020408163265306,0.2080536912751677,0.5714285714285714,0.18181818181818188,0.42647058823529393,0.21578947368421053,0.1511056511056511,0.4407894736842105,0.16000000000000003,0.09090909090909091,0.07317073170731708,0.36666666666666714,0.5,3
0.36956521739130443,0.5,0.5555555555555556,0.16666666666666663,0.1648351648351648,0.16326530612244894,0.31543624161073813,0.48571428571428554,0.27272727272727293,0.5588235294117645,0.20526315789473681,0.2235872235872236,0.48684210526315785,0.18666666666666665,0.7727272727272727,0.17073170731707318,0.3000000000000007,0.40000000000000036,3
0.34782608695652173,0.34615384615384603,0.41666666666666663,0.1885964912280702,0.1648351648351648,0.08163265306122448,0.2348993288590604,0.5428571428571427,0.18181818181818188,0.36764705882352944,0.2421052631578947,0.17076167076167076,0.26973684210526316,0.21333333333333337,0.09090909090909091,0.14634146341463417,0.3333333333333339,0.2666666666666666,0
0.26086956521739135,0.3076923076923077,0.36111111111111105,0.2192982456140351,0.19780219780219777,0.38775510204081626,0.24832214765100669,0.5428571428571427,0.18181818181818188,0.3088235294117645,0.22631578947368414,0.17936117936117935,0.2828947368421052,0.19999999999999996,0.2727272727272727,0.3902439024390244,0.2666666666666666,0.33333333333333304,0
0.5217391304347827,0.46153846153846145,0.6666666666666665,0.29824561403508765,0.21978021978021978,0.14285714285714285,0.30201342281879184,0.48571428571428554,0.27272727272727293,0.5735294117647056,0.22631578947368414,0.22235872235872234,0.29605263157894746,0.09333333333333338,0.36363636363636365,0.29268292682926833,0.5333333333333341,0.6333333333333337,3
0.5869565217391304,0.5769230769230769,0.7638888888888888,0.45614035087719296,0.23076923076923073,0.08163265306122448,0.5838926174496644,0.17142857142857137,0.5454545454545454,0.47058823529411775,0.4526315789473684,0.5171990171990172,0.5789473684210525,0.17333333333333334,0.3181818181818182,0.2682926829268293,0.5333333333333341,0.43333333333333357,0
0.5869565217391304,0.5,0.8888888888888888,0.3464912280701754,0.1428571428571429,0.12244897959183672,0.5704697986577181,0.22857142857142854,0.5454545454545454,0.42647058823529393,0.48421052631578954,0.484029484029484,0.5657894736842105,0.17333333333333334,0.5909090909090909,0.3170731707317073,0.43333333333333357,0.5333333333333332,2
0.28260869565217384,0.1153846153846152,0.5138888888888888,0.26315789473684204,0.1428571428571429,0.08163265306122448,0.2550335570469797,0.5428571428571427,0.18181818181818188,0.1470588235294117,0.231578947368421,0.1805896805896806,0.125,0.07999999999999996,0.0,0.7804878048780488,0.666666666666667,0.7333333333333334,2
0.5217391304347827,0.34615384615384603,0.8472222222222221,0.35526315789473684,0.13186813186813184,0.12244897959183672,0.49664429530201337,0.2857142857142856,0.4545454545454546,0.2941176470588234,0.41052631578947374,0.4017199017199017,0.36842105263157887,0.09333333333333338,0.3181818181818182,1.0,0.6000000000000005,0.833333333333333,2
0.5434782608695654,0.23076923076923062,0.38888888888888884,0.07017543859649122,0.02197802197802201,0.08163265306122448,0.1476510067114094,0.7142857142857142,0.09090909090909105,0.3529411764705883,0.17894736842105263,0.09459459459459463,0.14473684210526316,0.19999999999999996,0.18181818181818182,0.024390243902439025,0.3333333333333339,0.16666666666666696,3
0.6304347826086958,0.8076923076923077,0.8333333333333333,0.2543859649122807,0.06593406593406592,0.14285714285714285,0.6778523489932886,0.1428571428571428,0.6363636363636362,0.8088235294117645,0.46842105263157896,0.5958230958230958,0.5855263157894736,0.21333333333333337,0.5454545454545454,0.6585365853658537,0.36666666666666714,0.4666666666666668,1
0.34782608695652173,0.5384615384615383,0.5972222222222221,0.9517543859649122,0.9450549450549451,0.9183673469387755,0.3087248322147651,0.48571428571428554,0.27272727272727293,0.6617647058823528,0.5210526315789473,0.22113022113022113,0.42105263157894746,0.4933333333333334,0.0,0.34146341463414637,0.2666666666666666,0.43333333333333357,3
0.28260869565217384,0.5769230769230769,0.48611111111111094,0.13596491228070173,0.1208791208791209,0.14285714285714285,0.3288590604026844,0.48571428571428554,0.27272727272727293,0.6617647058823528,0.21052631578947367,0.22972972972972971,0.48026315789473684,0.19999999999999996,0.13636363636363635,0.024390243902439025,0.2333333333333334,0.36666666666666714,3
0.30434782608695654,0.34615384615384603,0.33333333333333326,0.19736842105263153,0.18681318681318682,0.14285714285714285,0.14093959731543615,0.6857142857142857,0.09090909090909105,0.3529411764705883,0.14210526315789473,0.09828009828009832,0.3092105263157895,0.09333333333333338,0.3181818181818182,0.024390243902439025,0.5666666666666673,0.666666666666667,3
0.32608695652173925,0.15384615384615374,0.3194444444444444,0.10964912280701755,0.1208791208791209,0.040816326530612235,0.08724832214765099,0.7999999999999998,0.09090909090909105,0.17647058823529393,0.05789473684210522,0.056511056511056534,0.2171052631578947,0.18666666666666665,0.6363636363636364,0.4878048780487805,0.2666666666666666,0.2333333333333334,2
0.3913043478260869,0.34615384615384603,0.5555555555555556,0.25,0.20879120879120883,0.1020408163265306,0.24161073825503354,0.5142857142857142,0.18181818181818188,0.3970588235294117,0.21578947368421053,0.1805896805896806,0.23026315789473684,0.1333333333333333,0.13636363636363635,0.12195121951219512,0.43333333333333357,0.5999999999999996,3
0.36956521739130443,0.15384615384615374,0.5555555555555556,0.2894736842105263,0.1208791208791209,0.12244897959183672,0.30201342281879184,0.4571428571428571,0.27272727272727293,0.2058823529411764,0.22105263157894728,0.2321867321867322,0.019736842105263164,0.0,0.13636363636363635,0.43902439024390244,0.8333333333333339,0.9333333333333336,2
0.17391304347826098,0.34615384615384603,0.3194444444444444,0.08771929824561397,0.08791208791208793,0.1020408163265306,0.24832214765100669,0.5714285714285714,0.18181818181818188,0.3970588235294117,0.18947368421052624,0.16707616707616707,0.39473684210526316,0.3466666666666667,0.3181818181818182,0.17073170731707318,0.10000000000000053,0.033333333333333215,0
0.7173913043478262,0.6153846153846154,0.9305555555555554,0.39035087719298245,0.10989010989010983,0.16326530612244894,0.6845637583892616,0.1428571428571428,0.6363636363636362,0.6323529411764706,0.49473684210526303,0.597051597051597,0.39473684210526316,0.09333333333333338,0.0,0.951219512195122,0.5333333333333341,0.833333333333333,1
0.15217391304347827,0.3846153846153846,0.38888888888888884,0.06578947368421051,0.07692307692307687,0.1020408163265306,0.2550335570469797,0.5428571428571427,0.18181818181818188,0.3970588235294117,0.21578947368421053,0.17813267813267813,0.42105263157894746,0.33333333333333326,0.18181818181818182,0.1951219512195122,0.10000000000000053,0.06666666666666643,0
0.4782608695652173,0.46153846153846145,0.5555555555555556,0.35526315789473684,0.1648351648351648,0.08163265306122448,0.34899328859060397,0.3999999999999999,0.27272727272727293,0.3970588235294117,0.3052631578947368,0.2727272727272727,0.4342105263157895,0.06666666666666665,0.5,0.43902439024390244,0.7666666666666666,0.7666666666666666,1
0.652173913043478,0.8076923076923077,0.9305555555555554,0.4956140350877193,0.18681318681318682,0.18367346938775508,0.738255033557047,0.11428571428571421,0.7272727272727275,0.8235294117647056,0.4789473684210527,0.6683046683046683,0.5723684210526315,0.09333333333333338,0.0,0.43902439024390244,0.43333333333333357,0.6333333333333337,1
0.5869565217391304,0.5,0.625,0.25877192982456143,0.18681318681318682,0.16326530612244894,0.34228187919463093,0.4571428571428571,0.27272727272727293,0.6617647058823528,0.2421052631578947,0.24938574938574937,0.38157894736842113,0.14666666666666672,0.8181818181818182,0.0,0.43333333333333357,0.5,3
0.3913043478260869,0.26923076923076916,0.5,0.2894736842105263,0.21978021978021978,0.08163265306122448,0.24832214765100669,0.5142857142857142,0.18181818181818188,0.25,0.20526315789473681,0.18181818181818182,0.21052631578947367,0.10666666666666669,0.18181818181818182,0.41463414634146345,0.5333333333333341,0.6333333333333337,0
0.36956521739130443,0.3846153846153846,0.4444444444444444,0.29385964912280693,0.13186813186813184,0.1020408163265306,0.2818791946308725,0.4571428571428571,0.18181818181818188,0.38235294117647056,0.231578947368421,0.21621621621621623,0.3026315789473685,0.013333333333333308,0.6818181818181819,0.21951219512195122,0.9000000000000004,0.9333333333333336,2
0.43478260869565233,0.1153846153846152,0.33333333333333326,0.26315789473684204,0.2417582417582418,0.1020408163265306,0.1610738255033557,0.657142857142857,0.09090909090909105,0.2647058823529411,0.16315789473684206,0.1167076167076167,0.09868421052631582,0.09333333333333338,0.09090909090909091,0.7073170731707318,0.5666666666666673,0.7666666666666666,3
0.6739130434782608,0.6538461538461537,0.7777777777777777,0.4649122807017544,0.19780219780219777,0.14285714285714285,0.5033557046979866,0.2571428571428571,0.4545454545454546,0.5588235294117645,0.4052631578947369,0.4213759213759214,0.5460526315789472,0.06666666666666665,0.13636363636363635,0.17073170731707318,0.6333333333333337,0.833333333333333,2
0.4565217391304346,0.42307692307692313,0.6111111111111109,0.48684210526315785,0.29670329670329676,0.061224489795918366,0.4832214765100671,0.2571428571428571,0.4545454545454546,0.3970588235294117,0.41052631578947374,0.41891891891891897,0.2763157894736842,0.17333333333333334,0.18181818181818182,0.5365853658536586,0.666666666666667,0.5333333333333332,0
0.43478260869565233,0.07692307692307687,0.4444444444444444,0.29385964912280693,0.1648351648351648,0.08163265306122448,0.24832214765100669,0.5142857142857142,0.18181818181818188,0.08823529411764697,0.20526315789473681,0.1842751842751843,0.08552631578947367,0.026666666666666727,0.2272727272727273,0.7317073170731707,0.9000000000000004,0.9666666666666668,1
0.7173913043478262,0.6153846153846154,0.9166666666666665,0.4649122807017544,0.18681318681318682,0.12244897959183672,0.6442953020134228,0.17142857142857137,0.6363636363636362,0.5882352941176472,0.49473684210526303,0.5663390663390664,0.4736842105263158,0.10666666666666669,0.045454545454545456,0.5853658536585367,0.4666666666666668,0.7000000000000002,2
0.34782608695652173,0.26923076923076916,0.5416666666666665,0.2149122807017544,0.18681318681318682,0.12244897959183672,0.21476510067114085,0.5714285714285714,0.18181818181818188,0.3088235294117645,0.19999999999999996,0.156019656019656,0.24342105263157898,0.14666666666666672,0.36363636363636365,0.17073170731707318,0.40000000000000036,0.5333333333333332,3
0.8043478260869565,0.8846153846153848,0.875,0.5175438596491228,0.18681318681318682,0.040816326530612235,0.9261744966442953,0.0,0.9090909090909092,0.75,0.7894736842105262,0.9140049140049139,0.8355263157894736,0.33333333333333326,0.18181818181818182,0.14634146341463417,0.2666666666666666,0.06666666666666643,0
0.26086956521739135,0.1153846153846152,0.5277777777777777,0.1929824561403508,0.08791208791208793,0.08163265306122448,0.2348993288590604,0.5428571428571427,0.18181818181818188,0.1470588235294117,0.19999999999999996,0.16830466830466834,0.14473684210526316,0.053333333333333344,0.4545454545454546,0.5853658536585367,0.7000000000000002,0.7333333333333334,1
0.43478260869565233,0.34615384615384603,0.41666666666666663,0.11403508771929827,0.09890109890109888,0.08163265306122448,0.10067114093959728,0.7714285714285714,0.09090909090909105,0.3970588235294117,0.13684210526315788,0.06879606879606881,0.26315789473684215,0.18666666666666665,0.2272727272727273,0.0975609756097561,0.43333333333333357,0.2999999999999998,3
0.30434782608695654,0.23076923076923062,0.4722222222222221,0.20614035087719296,0.1208791208791209,0.061224489795918366,0.261744966442953,0.5142857142857142,0.18181818181818188,0.2647058823529411,0.231578947368421,0.187960687960688,0.1842105263157895,0.1333333333333333,0.045454545454545456,0.8048780487804879,0.36666666666666714,0.5,2
0.3913043478260869,0.46153846153846145,0.48611111111111094,0.2149122807017544,0.10989010989010983,0.061224489795918366,0.2550335570469797,0.5142857142857142,0.18181818181818188,0.4117647058823528,0.21052631578947367,0.1855036855036855,0.4473684210526315,0.07999999999999996,0.7272727272727273,0.04878048780487805,0.5666666666666673,0.5666666666666664,1
0.19565217391304346,0.1923076923076923,0.18055555555555547,0.08771929824561397,0.13186813186813184,0.040816326530612235,0.14093959731543615,0.7142857142857142,0.09090909090909105,0.1470588235294117,0.11578947368421044,0.09213759213759215,0.22368421052631582,0.3600000000000001,0.0,0.0,0.0333333333333341,0.06666666666666643,1
0.7391304347826089,0.7307692307692306,0.8472222222222221,0.4956140350877193,0.18681318681318682,0.16326530612244894,0.6040268456375839,0.19999999999999996,0.5454545454545454,0.6764705882352939,0.46842105263157896,0.5233415233415234,0.5263157894736842,0.06666666666666665,0.7727272727272727,0.04878048780487805,0.7000000000000002,0.833333333333333,1
0.5434782608695654,0.23076923076923062,0.5694444444444444,0.3771929824561403,0.18681318681318682,0.12244897959183672,0.36241610738255026,0.3999999999999999,0.27272727272727293,0.2941176470588234,0.28421052631578947,0.28378378378378377,0.125,0.026666666666666727,0.36363636363636365,0.4634146341463415,0.7000000000000002,0.7999999999999998,2
0.26086956521739135,0.26923076923076916,0.4444444444444444,0.14912280701754388,0.13186813186813184,0.040816326530612235,0.134228187919463,0.6857142857142857,0.09090909090909105,0.25,0.15263157894736834,0.09336609336609336,0.25,0.10666666666666669,0.13636363636363635,0.21951219512195122,0.5,0.4666666666666668,2
0.5434782608695654,0.8076923076923077,0.8888888888888888,0.35526315789473684,0.13186813186813184,0.14285714285714285,0.6778523489932886,0.17142857142857137,0.6363636363636362,0.7941176470588234,0.48947368421052617,0.5909090909090909,0.6907894736842105,0.17333333333333334,0.045454545454545456,0.6341463414634146,0.3333333333333339,0.4666666666666668,1
0.652173913043478,0.8076923076923077,0.7083333333333333,0.32456140350877194,0.10989010989010983,0.16326530612244894,0.7248322147651005,0.1428571428571428,0.7272727272727275,0.7647058823529411,0.4736842105263158,0.6425061425061425,0.5657894736842105,0.16000000000000003,0.045454545454545456,0.7804878048780488,0.3333333333333339,0.5666666666666664,1
0.4130434782608696,0.1153846153846152,0.5277777777777777,0.26315789473684204,0.10989010989010983,0.1020408163265306,0.27516778523489926,0.48571428571428554,0.18181818181818188,0.1470588235294117,0.20526315789473681,0.2027027027027027,0.07894736842105265,0.0,0.18181818181818182,0.4634146341463415,0.9000000000000004,1.0,2
0.8043478260869565,0.6923076923076923,0.8888888888888888,0.3771929824561403,0.10989010989010983,0.18367346938775508,0.6778523489932886,0.1428571428571428,0.6363636363636362,0.6470588235294117,0.5052631578947367,0.601965601965602,0.5131578947368421,0.10666666666666669,0.8181818181818182,0.04878048780487805,0.5,0.5999999999999996,2
0.19565217391304346,0.46153846153846145,0.38888888888888884,0.14912280701754388,0.18681318681318682,0.061224489795918366,0.2348993288590604,0.5714285714285714,0.18181818181818188,0.36764705882352944,0.20526315789473681,0.16707616707616707,0.4736842105263158,0.2666666666666666,0.0,0.024390243902439025,0.16666666666666696,0.09999999999999964,0
0.5434782608695654,0.1923076923076923,0.41666666666666663,0.08771929824561397,0.05494505494505497,0.1020408163265306,0.12080536912751672,0.7714285714285714,0.09090909090909105,0.3088235294117645,0.14210526315789473,0.0724815724815725,0.13157894736842102,0.18666666666666665,0.0,0.3170731707317073,0.3333333333333339,0.13333333333333375,3
0.7608695652173911,0.6923076923076923,0.875,0.4035087719298245,0.1428571428571429,0.16326530612244894,0.6644295302013423,0.1428571428571428,0.6363636363636362,0.6176470588235294,0.48421052631578954,0.585995085995086,0.49342105263157887,0.09333333333333338,0.3181818181818182,0.07317073170731708,0.4666666666666668,0.6333333333333337,1
0.7173913043478262,0.8076923076923077,0.875,0.24561403508771928,0.0,0.020408163265306117,0.9060402684563758,0.02857142857142847,0.9090909090909092,0.7058823529411762,0.7157894736842104,0.8697788697788699,0.8552631578947368,0.33333333333333326,0.18181818181818182,0.2682926829268293,0.16666666666666696,0.06666666666666643,0
0.4565217391304346,0.46153846153846145,0.5694444444444444,0.26754385964912275,0.21978021978021978,0.12244897959183672,0.221476510067114,0.5714285714285714,0.18181818181818188,0.42647058823529393,0.17894736842105263,0.15847665847665848,0.4407894736842105,0.07999999999999996,0.5,0.34146341463414637,0.6000000000000005,0.7000000000000002,3
0.5,0.6153846153846154,0.8055555555555554,0.35964912280701755,0.13186813186813184,0.061224489795918366,0.6778523489932886,0.1428571428571428,0.6363636363636362,0.5,0.5157894736842105,0.6093366093366094,0.6447368421052632,0.2266666666666668,0.36363636363636365,0.6829268292682927,0.40000000000000036,0.2666666666666666,0
0.43478260869565233,0.5769230769230769,0.6111111111111109,0.19736842105263153,0.17582417582417587,0.16326530612244894,0.2953020134228188,0.5142857142857142,0.27272727272727293,0.6911764705882351,0.21578947368421053,0.20884520884520885,0.4999999999999999,0.17333333333333334,0.36363636363636365,0.36585365853658536,0.3000000000000007,0.4666666666666668,3
0.32608695652173925,0.26923076923076916,0.5277777777777777,0.35526315789473684,0.2857142857142857,0.061224489795918366,0.3087248322147651,0.4285714285714286,0.27272727272727293,0.23529411764705865,0.2894736842105263,0.23955773955773957,0.23684210526315785,0.17333333333333334,0.045454545454545456,0.2682926829268293,0.5666666666666673,0.5333333333333332,0
0.23913043478260865,0.23076923076923062,0.6944444444444444,0.32894736842105265,0.1428571428571429,0.08163265306122448,0.43624161073825496,0.3142857142857143,0.36363636363636376,0.19117647058823528,0.4157894736842104,0.35012285012285016,0.2171052631578947,0.14666666666666672,0.18181818181818182,0.926829268292683,0.4666666666666668,0.5666666666666664,1
0.34782608695652173,0.42307692307692313,0.4444444444444444,0.24122807017543857,0.20879120879120883,0.08163265306122448,0.21476510067114085,0.5714285714285714,0.18181818181818188,0.42647058823529393,0.18947368421052624,0.15724815724815727,0.3749999999999999,0.12,0.5,0.024390243902439025,0.5,0.5666666666666664,0
0.43478260869565233,0.15384615384615374,0.45833333333333326,0.30263157894736836,0.23076923076923073,0.08163265306122448,0.261744966442953,0.48571428571428554,0.18181818181818188,0.19117647058823528,0.23684210526315785,0.20024570024570026,0.15131578947368418,0.10666666666666669,0.045454545454545456,0.5365853658536586,0.666666666666667,0.7999999999999998,0
0.34782608695652173,0.42307692307692313,0.41666666666666663,0.14035087719298245,0.1208791208791209,0.061224489795918366,0.1610738255033557,0.657142857142857,0.09090909090909105,0.4117647058823528,0.19999999999999996,0.10933660933660933,0.35526315789473684,0.24,0.4545454545454546,0.07317073170731708,0.3333333333333339,0.20000000000000018,3
0.6304347826086958,0.8076923076923077,0.9166666666666665,0.5087719298245613,0.23076923076923073,0.16326530612244894,0.6375838926174495,0.17142857142857137,0.6363636363636362,0.6764705882352939,0.5157894736842105,0.5577395577395577,0.8289473684210525,0.14666666666666672,0.0,0.6341463414634146,0.43333333333333357,0.6333333333333337,2
0.10869565217391308,0.1153846153846152,0.2777777777777777,0.04824561403508776,0.09890109890109888,0.061224489795918366,0.0738255033557047,0.8285714285714285,0.0,0.08823529411764697,0.05789473684210522,0.04545454545454547,0.05921052631578949,0.24,0.13636363636363635,0.3902439024390244,0.06666666666666732,0.13333333333333375,1
0.3913043478260869,0.34615384615384603,0.36111111111111105,0.2807017543859649,0.20879120879120883,0.08163265306122448,0.221476510067114,0.5142857142857142,0.18181818181818188,0.3235294117647056,0.20526315789473681,0.17321867321867324,0.3092105263157895,0.09333333333333338,0.18181818181818182,0.0,0.8333333333333339,0.8666666666666663,0
0.23913043478260865,0.07692307692307687,0.18055555555555547,0.07456140350877194,0.10989010989010983,0.020408163265306117,0.02684563758389258,0.9428571428571428,0.0,0.07352941176470584,0.02631578947368418,0.014742014742014753,0.10526315789473684,0.21333333333333337,0.4545454545454546,0.6585365853658537,0.2333333333333334,0.2999999999999998,2
0.652173913043478,0.5,0.9166666666666665,0.45614035087719296,0.20879120879120883,0.14285714285714285,0.6107382550335569,0.19999999999999996,0.5454545454545454,0.4558823529411762,0.45789473684210524,0.5257985257985258,0.6447368421052632,0.1333333333333333,0.4090909090909091,0.24390243902439024,0.5,0.5999999999999996,2
0.5869565217391304,0.3076923076923077,0.48611111111111094,0.4385964912280701,0.2637362637362638,0.040816326530612235,0.4295302013422819,0.2857142857142856,0.36363636363636376,0.2941176470588234,0.3894736842105263,0.3624078624078624,0.256578947368421,0.16000000000000003,0.3181818181818182,0.4634146341463415,0.7000000000000002,0.5333333333333332,0
0.3913043478260869,0.34615384615384603,0.5694444444444444,0.38596491228070173,0.2417582417582418,0.040816326530612235,0.3825503355704698,0.34285714285714275,0.27272727272727293,0.27941176470588225,0.28421052631578947,0.30712530712530717,0.2894736842105262,0.10666666666666669,0.13636363636363635,0.5609756097560976,0.7333333333333334,0.7666666666666666,0
0.5434782608695654,0.46153846153846145,0.5,0.26754385964912275,0.1428571428571429,0.08163265306122448,0.30201342281879184,0.4571428571428571,0.27272727272727293,0.44117647058823506,0.28421052631578947,0.22972972972972971,0.48684210526315785,0.12,0.5909090909090909,0.24390243902439024,0.4666666666666668,0.5,1
0.6086956521739131,0.6923076923076923,0.9027777777777777,0.4692982456140351,0.23076923076923073,0.14285714285714285,0.6510067114093958,0.17142857142857137,0.6363636363636362,0.6470588235294117,0.48421052631578954,0.5761670761670762,0.7368421052631579,0.17333333333333334,0.2272727272727273,0.5609756097560976,0.3333333333333339,0.4666666666666668,1
0.36956521739130443,0.1153846153846152,0.5277777777777777,0.32456140350877194,0.18681318681318682,0.1020408163265306,0.30201342281879184,0.4571428571428571,0.18181818181818188,0.11764705882352944,0.27368421052631575,0.22481572481572482,0.19736842105263153,0.07999999999999996,0.045454545454545456,0.4878048780487805,0.5333333333333341,0.5666666666666664,1
0.5217391304347827,0.5769230769230769,0.75,0.4078947368421052,0.17582417582417587,0.12244897959183672,0.46308724832214754,0.2857142857142856,0.36363636363636376,0.5441176470588234,0.36842105263157887,0.3808353808353808,0.5065789473684211,0.053333333333333344,0.9090909090909092,0.2682926829268293,0.7666666666666666,0.7333333333333334,1
0.30434782608695654,0.26923076923076916,0.5694444444444444,0.25,0.23076923076923073,0.14285714285714285,0.22818791946308725,0.5714285714285714,0.18181818181818188,0.3088235294117645,0.1947368421052631,0.16339066339066338,0.29605263157894746,0.1333333333333333,0.0,0.3170731707317073,0.43333333333333357,0.5999999999999996,3
0.43478260869565233,0.3846153846153846,0.5,0.1929824561403508,0.10989010989010983,0.08163265306122448,0.24832214765100669,0.5142857142857142,0.18181818181818188,0.36764705882352944,0.22105263157894728,0.1855036855036855,0.42105263157894746,0.12,0.6363636363636364,0.0,0.43333333333333357,0.43333333333333357,2
0.7391304347826089,0.846153846153846,0.8055555555555554,0.4122807017543859,0.13186813186813184,0.08163265306122448,0.8590604026845636,0.02857142857142847,0.8181818181818183,0.7352941176470589,0.6736842105263158,0.8378378378378378,0.8749999999999999,0.2666666666666666,0.13636363636363635,0.024390243902439025,0.3333333333333339,0.09999999999999964,0
0.4130434782608696,0.15384615384615374,0.6388888888888888,0.27192982456140347,0.1428571428571429,0.08163265306122448,0.3087248322147651,0.4571428571428571,0.27272727272727293,0.19117647058823528,0.2684210526315789,0.2321867321867322,0.21052631578947367,0.10666666666666669,0.4090909090909091,0.5121951219512195,0.4666666666666668,0.5,2
0.28260869565217384,0.3846153846153846,0.36111111111111105,0.10964912280701755,0.09890109890109888,0.08163265306122448,0.26845637583892623,0.5142857142857142,0.18181818181818188,0.3529411764705883,0.24736842105263157,0.19164619164619168,0.4013157894736842,0.28,0.2727272727272727,0.34146341463414637,0.16666666666666696,0.13333333333333375,0
0.7391304347826089,0.8846153846153848,0.8888888888888888,0.5526315789473684,0.2637362637362638,0.16326530612244894,0.7181208053691275,0.1428571428571428,0.7272727272727275,0.7941176470588234,0.5052631578947367,0.64004914004914,0.6907894736842105,0.14666666666666672,0.8636363636363636,0.2682926829268293,0.43333333333333357,0.5,2
0.19565217391304346,0.42307692307692313,0.4444444444444444,0.19736842105263153,0.18681318681318682,0.08163265306122448,0.2818791946308725,0.5142857142857142,0.18181818181818188,0.38235294117647056,0.2684210526315789,0.20393120393120395,0.4276315789473685,0.2666666666666666,0.0,0.3902439024390244,0.2333333333333334,0.20000000000000018,0
0.17391304347826098,0.5,0.43055555555555547,0.10964912280701755,0.09890109890109888,0.08163265306122448,0.27516778523489926,0.5142857142857142,0.18181818181818188,0.4558823529411762,0.22105263157894728,0.1941031941031941,0.5197368421052632,0.28,0.13636363636363635,0.34146341463414637,0.13333333333333375,0.16666666666666696,0
0.19565217391304346,0.42307692307692313,0.4444444444444444,0.13596491228070173,0.15384615384615385,0.08163265306122448,0.2348993288590604,0.5714285714285714,0.18181818181818188,0.36764705882352944,0.22631578947368414,0.16339066339066338,0.4671052631578948,0.28,0.2727272727272727,0.41463414634146345,0.16666666666666696,0.13333333333333375,0
0.43478260869565233,0.5384615384615383,0.625,0.2543859649122807,0.20879120879120883,0.16326530612244894,0.2953020134228188,0.5142857142857142,0.27272727272727293,0.5882352941176472,0.22105263157894728,0.21007371007371006,0.4342105263157895,0.18666666666666665,0.3181818181818182,0.36585365853658536,0.2333333333333334,0.4666666666666668,3
0.36956521739130443,0.1153846153846152,0.4722222222222221,0.2894736842105263,0.1428571428571429,0.1020408163265306,0.30201342281879184,0.4571428571428571,0.18181818181818188,0.1470588235294117,0.24736842105263157,0.22481572481572482,0.07236842105263153,0.013333333333333308,0.2727272727272727,0.5121951219512195,0.7000000000000002,0.7666666666666666,2
0.8260869565217392,0.8076923076923077,0.875,0.2894736842105263,0.03296703296703296,0.16326530612244894,0.7315436241610738,0.11428571428571421,0.7272727272727275,0.7941176470588234,0.5105263157894736,0.6670761670761671,0.5855263157894736,0.12,0.6818181818181819,0.14634146341463417,0.4666666666666668,0.5666666666666664,1
0.652173913043478,0.846153846153846,0.8333333333333333,0.39035087719298245,0.1648351648351648,0.16326530612244894,0.6711409395973154,0.1428571428571428,0.6363636363636362,0.8382352941176472,0.45789473684210524,0.5921375921375921,0.7039473684210525,0.17333333333333334,0.4545454545454546,0.34146341463414637,0.36666666666666714,0.43333333333333357,1
0.34782608695652173,0.26923076923076916,0.2499999999999999,0.14035087719298245,0.1208791208791209,0.08163265306122448,0.06711409395973145,0.7999999999999998,0.0,0.3235294117647056,0.0842105263157894,0.05036855036855037,0.25,0.040000000000000036,0.3181818181818182,0.0975609756097561,0.7666666666666666,0.833333333333333,3
0.30434782608695654,0.5384615384615383,0.5694444444444444,0.1929824561403508,0.1648351648351648,0.12244897959183672,0.2348993288590604,0.5428571428571427,0.18181818181818188,0.5,0.21578947368421053,0.17321867321867324,0.45394736842105254,0.16000000000000003,0.0,0.14634146341463417,0.40000000000000036,0.5666666666666664,3
0.4130434782608696,0.5,0.5416666666666665,0.3114035087719298,0.18681318681318682,0.1020408163265306,0.3355704697986577,0.4285714285714286,0.27272727272727293,0.4558823529411762,0.2789473684210526,0.26044226044226043,0.4342105263157895,0.09333333333333338,0.09090909090909091,0.24390243902439024,0.5,0.5666666666666664,1
0.26086956521739135,0.34615384615384603,0.33333333333333326,0.07017543859649122,0.08791208791208793,0.08163265306122448,0.24832214765100669,0.5714285714285714,0.18181818181818188,0.4117647058823528,0.1947368421052631,0.17076167076167076,0.39473684210526316,0.33333333333333326,0.045454545454545456,0.14634146341463417,0.10000000000000053,0.033333333333333215,0
0.28260869565217384,0.5,0.41666666666666663,0.1929824561403508,0.19780219780219777,0.1020408163265306,0.24832214765100669,0.5428571428571427,0.18181818181818188,0.4117647058823528,0.21052631578947367,0.1805896805896806,0.48026315789473684,0.2266666666666668,0.2727272727272727,0.14634146341463417,0.2333333333333334,0.2333333333333334,0
0.6086956521739131,0.8846153846153848,0.8333333333333333,0.2763157894736842,0.08791208791208793,0.16326530612244894,0.6845637583892616,0.1428571428571428,0.6363636363636362,0.8382352941176472,0.46842105263157896,0.6105651105651105,0.7368421052631579,0.18666666666666665,0.09090909090909091,0.07317073170731708,0.3000000000000007,0.36666666666666714,1
0.4565217391304346,0.23076923076923062,0.6805555555555554,0.39035087719298245,0.1648351648351648,0.12244897959183672,0.4026845637583891,0.34285714285714275,0.36363636363636376,0.25,0.32105263157894737,0.3194103194103194,0.05921052631578949,0.040000000000000036,0.18181818181818182,0.5609756097560976,0.8333333333333339,0.9333333333333336,1
0.28260869565217384,0.15384615384615374,0.4027777777777777,0.19736842105263153,0.17582417582417587,0.1020408163265306,0.17449664429530198,0.6285714285714286,0.09090909090909105,0.23529411764705865,0.17368421052631577,0.12285012285012287,0.07894736842105265,0.14666666666666672,0.045454545454545456,0.14634146341463417,0.43333333333333357,0.4666666666666668,3
0.36956521739130443,0.3076923076923077,0.43055555555555547,0.2807017543859649,0.23076923076923073,0.08163265306122448,0.2550335570469797,0.5142857142857142,0.18181818181818188,0.2941176470588234,0.23684210526315785,0.18673218673218672,0.29605263157894746,0.14666666666666672,0.13636363636363635,0.43902439024390244,0.5333333333333341,0.5333333333333332,0
0.6739130434782608,0.6153846153846154,0.6805555555555554,0.2763157894736842,0.07692307692307687,0.020408163265306117,0.6711409395973154,0.1428571428571428,0.6363636363636362,0.5147058823529411,0.5684210526315788,0.6117936117936118,0.5657894736842105,0.24,0.045454545454545456,0.5609756097560976,0.4666666666666668,0.2666666666666666,0
0.34782608695652173,0.1153846153846152,0.4444444444444444,0.1578947368421052,0.09890109890109888,0.08163265306122448,0.17449664429530198,0.6285714285714286,0.09090909090909105,0.11764705882352944,0.17368421052631577,0.1253071253071253,0.11842105263157898,0.16000000000000003,0.045454545454545456,0.024390243902439025,0.36666666666666714,0.36666666666666714,1
0.36956521739130443,0.23076923076923062,0.6388888888888888,0.2807017543859649,0.1648351648351648,0.08163265306122448,0.3355704697986577,0.4285714285714286,0.27272727272727293,0.19117647058823528,0.33684210526315794,0.25061425061425063,0.23026315789473684,0.18666666666666665,0.045454545454545456,0.5365853658536586,0.3000000000000007,0.33333333333333304,1
0.23913043478260865,0.42307692307692313,0.5138888888888888,0.19736842105263153,0.13186813186813184,0.040816326530612235,0.26845637583892623,0.5142857142857142,0.18181818181818188,0.36764705882352944,0.23684210526315785,0.19656019656019658,0.4276315789473685,0.2266666666666668,0.36363636363636365,0.04878048780487805,0.2333333333333334,0.20000000000000018,2
0.6739130434782608,0.9230769230769231,0.875,0.48684210526315785,0.2417582417582418,0.16326530612244894,0.7181208053691275,0.11428571428571421,0.7272727272727275,0.8529411764705883,0.5157894736842105,0.6437346437346437,0.7039473684210525,0.17333333333333334,0.18181818181818182,0.07317073170731708,0.3333333333333339,0.5,1
0.21739130434782616,0.42307692307692313,0.38888888888888884,0.17105263157894735,0.15384615384615385,0.1020408163265306,0.2348993288590604,0.5428571428571427,0.18181818181818188,0.36764705882352944,0.21052631578947367,0.17321867321867324,0.4473684210526315,0.18666666666666665,0.045454545454545456,0.024390243902439025,0.3000000000000007,0.33333333333333304,0
0.26086956521739135,0.23076923076923062,0.23611111111111105,0.09210526315789469,0.09890109890109888,0.061224489795918366,0.01342281879194629,0.9142857142857141,0.0,0.25,0.021052631578947323,0.013513513513513514,0.2171052631578947,0.053333333333333344,0.7727272727272727,0.17073170731707318,0.7000000000000002,0.7000000000000002,3
0.5652173913043477,0.846153846153846,0.8472222222222221,0.4429824561403508,0.1648351648351648,0.20408163265306117,0.738255033557047,0.11428571428571421,0.7272727272727275,0.9117647058823528,0.4999999999999999,0.6609336609336609,0.6644736842105262,0.14666666666666672,0.09090909090909091,0.07317073170731708,0.3333333333333339,0.5,1
0.32608695652173925,0.42307692307692313,0.625,0.14912280701754388,0.09890109890109888,0.16326530612244894,0.30201342281879184,0.48571428571428554,0.27272727272727293,0.5441176470588234,0.2421052631578947,0.21990171990171992,0.4144736842105262,0.21333333333333337,0.2272727272727273,0.3902439024390244,0.2666666666666666,0.4666666666666668,3
0.5869565217391304,0.6538461538461537,0.5694444444444444,0.4035087719298245,0.21978021978021978,0.061224489795918366,0.49664429530201337,0.22857142857142854,0.4545454545454546,0.5882352941176472,0.4,0.42628992628992635,0.5657894736842105,0.18666666666666665,0.2727272727272727,0.024390243902439025,0.7000000000000002,0.5666666666666664,0
0.17391304347826098,0.42307692307692313,0.4444444444444444,0.14912280701754388,0.1428571428571429,0.061224489795918366,0.27516778523489926,0.5142857142857142,0.18181818181818188,0.4117647058823528,0.26315789473684204,0.20024570024570026,0.4342105263157895,0.28,0.045454545454545456,0.36585365853658536,0.20000000000000018,0.16666666666666696,0
0.28260869565217384,0.3076923076923077,0.36111111111111105,0.12280701754385959,0.09890109890109888,0.061224489795918366,0.1610738255033557,0.657142857142857,0.09090909090909105,0.2647058823529411,0.13157894736842102,0.11056511056511059,0.32894736842105254,0.18666666666666665,0.2272727272727273,0.34146341463414637,0.2333333333333334,0.2666666666666666,2
0.43478260869565233,0.3076923076923077,0.5416666666666665,0.23684210526315785,0.17582417582417587,0.1020408163265306,0.21476510067114085,0.5714285714285714,0.18181818181818188,0.47058823529411775,0.1842105263157895,0.15356265356265358,0.14473684210526316,0.09333333333333338,0.18181818181818182,0.21951219512195122,0.6333333333333337,0.7333333333333334,3
0.7391304347826089,0.8076923076923077,0.8055555555555554,0.4605263157894737,0.20879120879120883,0.16326530612244894,0.7114093959731542,0.1428571428571428,0.6363636363636362,0.75,0.4789473684210527,0.6388206388206388,0.6842105263157895,0.14666666666666672,0.6363636363636364,0.0,0.40000000000000036,0.5333333333333332,2
0.4565217391304346,0.07692307692307687,0.36111111111111105,0.1842105263157895,0.1648351648351648,0.12244897959183672,0.12751677852348986,0.6857142857142857,0.09090909090909105,0.13235294117647056,0.15263157894736834,0.09090909090909094,0.019736842105263164,0.07999999999999996,0.36363636363636365,0.17073170731707318,0.666666666666667,0.666666666666667,3
0.6956521739130435,0.8076923076923077,0.9166666666666665,0.48245614035087714,0.23076923076923073,0.14285714285714285,0.6442953020134228,0.17142857142857137,0.6363636363636362,0.7058823529411762,0.45789473684210524,0.5601965601965602,0.6973684210526315,0.12,0.6363636363636364,0.5609756097560976,0.43333333333333357,0.5999999999999996,2
0.28260869565217384,0.3076923076923077,0.33333333333333326,0.1885964912280702,0.15384615384615385,0.040816326530612235,0.2550335570469797,0.5428571428571427,0.18181818181818188,0.2941176470588234,0.1842105263157895,0.18304668304668303,0.4013157894736842,0.2666666666666666,0.2272727272727273,0.1951219512195122,0.20000000000000018,0.13333333333333375,2
0.26086956521739135,0.07692307692307687,0.09722222222222221,0.021929824561403466,0.08791208791208793,0.0,0.03355704697986572,0.8857142857142857,0.0,0.05882352941176472,0.03157894736842104,0.02334152334152334,0.17763157894736836,0.3866666666666667,0.2272727272727273,0.21951219512195122,0.13333333333333375,0.09999999999999964,3
0.26086956521739135,0.0,0.0,0.04385964912280704,0.10989010989010983,0.0,0.0,1.0,0.0,0.014705882352941124,0.0,0.0,0.09868421052631582,0.3466666666666667,0.5454545454545454,0.5121951219512195,0.16666666666666696,0.06666666666666643,2
0.17391304347826098,0.42307692307692313,0.38888888888888884,0.06578947368421051,0.06593406593406592,0.061224489795918366,0.261744966442953,0.5428571428571427,0.18181818181818188,0.42647058823529393,0.21052631578947367,0.18304668304668303,0.4342105263157895,0.3466666666666667,0.18181818181818182,0.12195121951219512,0.10000000000000053,0.06666666666666643,0
0.5869565217391304,0.7307692307692306,0.8888888888888888,0.36842105263157887,0.13186813186813184,0.14285714285714285,0.6442953020134228,0.17142857142857137,0.6363636363636362,0.6617647058823528,0.4736842105263158,0.5626535626535627,0.5592105263157895,0.1333333333333333,0.045454545454545456,0.5365853658536586,0.36666666666666714,0.5666666666666664,2
0.43478260869565233,0.34615384615384603,0.33333333333333326,0.23245614035087714,0.23076923076923073,0.12244897959183672,0.1476510067114094,0.657142857142857,0.09090909090909105,0.3529411764705883,0.17368421052631577,0.10319410319410321,0.38157894736842113,0.14666666666666672,0.3181818181818182,0.3170731707317073,0.5333333333333341,0.666666666666667,3
0.36956521739130443,0.5769230769230769,0.5277777777777777,0.1271929824561403,0.09890109890109888,0.16326530612244894,0.3221476510067114,0.48571428571428554,0.27272727272727293,0.7205882352941178,0.20526315789473681,0.2235872235872236,0.48026315789473684,0.21333333333333337,0.045454545454545456,0.34146341463414637,0.20000000000000018,0.36666666666666714,3
0.5,0.15384615384615374,0.4722222222222221,0.4122807017543859,0.29670329670329676,0.040816326530612235,0.3557046979865772,0.37142857142857144,0.27272727272727293,0.1470588235294117,0.3052631578947368,0.2886977886977887,0.1578947368421052,0.16000000000000003,0.045454545454545456,0.07317073170731708,0.666666666666667,0.6333333333333337,0
0.26086956521739135,0.46153846153846145,0.3472222222222221,0.10087719298245612,0.09890109890109888,0.1020408163265306,0.261744966442953,0.5428571428571427,0.18181818181818188,0.3970588235294117,0.21052631578947367,0.18181818181818182,0.48684210526315785,0.28,0.045454545454545456,0.24390243902439024,0.10000000000000053,0.09999999999999964,0
0.5869565217391304,0.846153846153846,0.8472222222222221,0.36842105263157887,0.10989010989010983,0.14285714285714285,0.738255033557047,0.11428571428571421,0.7272727272727275,0.8676470588235294,0.4999999999999999,0.671990171990172,0.6513157894736842,0.14666666666666672,0.3181818181818182,0.41463414634146345,0.40000000000000036,0.5333333333333332,1
0.13043478260869557,0.5384615384615383,0.4722222222222221,0.1578947368421052,0.15384615384615385,0.08163265306122448,0.27516778523489926,0.48571428571428554,0.18181818181818188,0.4558823529411762,0.23684210526315785,0.2027027027027027,0.5723684210526315,0.2266666666666668,0.2727272727272727,0.24390243902439024,0.2333333333333334,0.2666666666666666,0
0.34782608695652173,0.1153846153846152,0.5138888888888888,0.29385964912280693,0.1648351648351648,0.1020408163265306,0.30201342281879184,0.4571428571428571,0.18181818181818188,0.10294117647058809,0.231578947368421,0.22481572481572482,0.09210526315789469,0.040000000000000036,0.2272727272727273,0.5365853658536586,0.7333333333333334,0.7999999999999998,1
0.43478260869565233,0.46153846153846145,0.45833333333333326,0.25877192982456143,0.13186813186813184,0.08163265306122448,0.31543624161073813,0.4571428571428571,0.27272727272727293,0.4117647058823528,0.27368421052631575,0.23955773955773957,0.4999999999999999,0.06666666666666665,0.5,0.36585365853658536,0.6333333333333337,0.666666666666667,1
0.26086956521739135,0.34615384615384603,0.26388888888888884,0.11842105263157898,0.1208791208791209,0.08163265306122448,0.24832214765100669,0.5714285714285714,0.18181818181818188,0.38235294117647056,0.18947368421052624,0.16707616707616707,0.39473684210526316,0.30666666666666664,0.36363636363636365,0.0975609756097561,0.10000000000000053,0.033333333333333215,0
0.6086956521739131,0.846153846153846,0.9444444444444444,0.5394736842105263,0.2417582417582418,0.18367346938775508,0.6912751677852349,0.1428571428571428,0.6363636363636362,0.7352941176470589,0.5210526315789473,0.6142506142506142,0.6710526315789472,0.14666666666666672,0.09090909090909091,0.3902439024390244,0.40000000000000036,0.5999999999999996,2
0.26086956521739135,0.5384615384615383,0.48611111111111094,0.07017543859649122,0.06593406593406592,0.12244897959183672,0.30201342281879184,0.5142857142857142,0.27272727272727293,0.6911764705882351,0.19999999999999996,0.21375921375921375,0.42105263157894746,0.2266666666666668,0.045454545454545456,0.17073170731707318,0.20000000000000018,0.33333333333333304,3
0.43478260869565233,0.3076923076923077,0.48611111111111094,0.08333333333333326,0.04395604395604391,0.08163265306122448,0.18791946308724827,0.657142857142857,0.09090909090909105,0.3382352941176472,0.17894736842105263,0.12285012285012287,0.24342105263157898,0.2266666666666668,0.2272727272727273,0.36585365853658536,0.2666666666666666,0.13333333333333375,3
0.4782608695652173,0.1153846153846152,0.45833333333333326,0.3771929824561403,0.2857142857142857,0.061224489795918366,0.2953020134228188,0.4285714285714286,0.18181818181818188,0.11764705882352944,0.28421052631578947,0.2334152334152334,0.07894736842105265,0.14666666666666672,0.09090909090909091,0.4634146341463415,0.7666666666666666,0.7666666666666666,0
0.3913043478260869,0.23076923076923062,0.5972222222222221,0.3114035087719298,0.13186813186813184,0.08163265306122448,0.3825503355704698,0.37142857142857144,0.27272727272727293,0.2058823529411764,0.3157894736842105,0.29729729729729726,0.19736842105263153,0.09333333333333338,0.0,0.5853658536585367,0.5333333333333341,0.5999999999999996,2
0.652173913043478,0.846153846153846,0.875,0.4649122807017544,0.19780219780219777,0.16326530612244894,0.6711409395973154,0.1428571428571428,0.6363636363636362,0.6911764705882351,0.5210526315789473,0.6007371007371007,0.9013157894736842,0.16000000000000003,0.2272727272727273,0.3902439024390244,0.40000000000000036,0.5,1
0.26086956521739135,0.038461538461538325,0.18055555555555547,0.0964912280701754,0.1208791208791209,0.061224489795918366,0.02684563758389258,0.9142857142857141,0.0,0.04411764705882337,0.0368421052631579,0.01597051597051599,0.09868421052631582,0.1333333333333333,0.13636363636363635,0.4878048780487805,0.3000000000000007,0.2666666666666666,2
0.4782608695652173,0.1923076923076923,0.36111111111111105,0.09210526315789469,0.05494505494505497,0.1020408163265306,0.14093959731543615,0.7428571428571429,0.09090909090909105,0.3235294117647056,0.1473684210526316,0.08476658476658477,0.1842105263157895,0.24,0.5,0.1951219512195122,0.2666666666666666,0.06666666666666643,3
0.6739130434782608,0.9615384615384615,0.875,0.5482456140350878,0.2417582417582418,0.16326530612244894,0.7181208053691275,0.11428571428571421,0.7272727272727275,0.8529411764705883,0.531578947368421,0.6535626535626535,0.8815789473684209,0.14666666666666672,0.3181818181818182,0.0975609756097561,0.36666666666666714,0.5,1
0.23913043478260865,0.42307692307692313,0.5555555555555556,0.15350877192982448,0.1208791208791209,0.16326530612244894,0.2953020134228188,0.5142857142857142,0.27272727272727293,0.5735294117647056,0.18947368421052624,0.2027027027027027,0.42105263157894746,0.18666666666666665,0.2272727272727273,0.41463414634146345,0.2333333333333334,0.40000000000000036,3
0.4565217391304346,0.3846153846153846,0.38888888888888884,0.2850877192982456,0.21978021978021978,0.061224489795918366,0.20134228187919456,0.5714285714285714,0.09090909090909105,0.3529411764705883,0.17894736842105263,0.1547911547911548,0.4276315789473685,0.06666666666666665,0.4545454545454546,0.1951219512195122,0.7333333333333334,0.7333333333333334,0
0.43478260869565233,0.5384615384615383,0.625,0.24561403508771928,0.19780219780219777,0.18367346938775508,0.28859060402684555,0.48571428571428554,0.18181818181818188,0.5735294117647056,0.2578947368421052,0.20884520884520885,0.4342105263157895,0.21333333333333337,0.09090909090909091,0.21951219512195122,0.2666666666666666,0.5,3
0.847826086956522,0.6538461538461537,0.9722222222222221,0.35526315789473684,0.09890109890109888,0.16326530612244894,0.6845637583892616,0.1428571428571428,0.6363636363636362,0.6029411764705883,0.5368421052631579,0.6044226044226044,0.5986842105263158,0.14666666666666672,0.8181818181818182,0.6585365853658537,0.5,0.7000000000000002,2
0.3913043478260869,0.1153846153846152,0.5138888888888888,0.22807017543859642,0.09890109890109888,0.08163265306122448,0.28859060402684555,0.4571428571428571,0.18181818181818188,0.11764705882352944,0.24736842105263157,0.21744471744471744,0.07236842105263153,0.06666666666666665,0.36363636363636365,0.36585365853658536,0.6333333333333337,0.666666666666667,2
0.4130434782608696,0.3846153846153846,0.4027777777777777,0.23245614035087714,0.09890109890109888,0.08163265306122448,0.24832214765100669,0.5142857142857142,0.18181818181818188,0.36764705882352944,0.21052631578947367,0.18304668304668303,0.36842105263157887,0.040000000000000036,0.6363636363636364,0.43902439024390244,0.7333333333333334,0.7333333333333334,1
0.5652173913043477,0.5769230769230769,0.8888888888888888,0.3991228070175439,0.17582417582417587,0.14285714285714285,0.5973154362416107,0.19999999999999996,0.5454545454545454,0.5,0.4789473684210527,0.515970515970516,0.5723684210526315,0.17333333333333334,0.36363636363636365,0.0975609756097561,0.40000000000000036,0.5333333333333332,2
0.5434782608695654,0.9615384615384615,0.8472222222222221,0.45175438596491224,0.19780219780219777,0.18367346938775508,0.7651006711409396,0.11428571428571421,0.7272727272727275,0.9411764705882351,0.4999999999999999,0.6928746928746928,0.6842105263157895,0.14666666666666672,0.2727272727272727,0.024390243902439025,0.3000000000000007,0.5,1
0.21739130434782616,0.15384615384615374,0.19444444444444442,0.05701754385964908,0.08791208791208793,0.020408163265306117,0.11409395973154357,0.7428571428571429,0.09090909090909105,0.13235294117647056,0.0842105263157894,0.07493857493857498,0.1842105263157895,0.28,0.18181818181818182,0.3170731707317073,0.13333333333333375,0.09999999999999964,2
0.3913043478260869,0.23076923076923062,0.6666666666666665,0.36842105263157887,0.17582417582417587,0.12244897959183672,0.42281879194630867,0.34285714285714275,0.36363636363636376,0.2058823529411764,0.3526315789473683,0.3353808353808354,0.2894736842105262,0.12,0.0,0.5609756097560976,0.5,0.5666666666666664,2
0.34782608695652173,0.26923076923076916,0.2777777777777777,0.11403508771929827,0.09890109890109888,0.061224489795918366,0.04026845637583887,0.857142857142857,0.0,0.27941176470588225,0.06842105263157894,0.030712530712530717,0.26973684210526316,0.06666666666666665,0.4545454545454546,0.1951219512195122,0.5666666666666673,0.5999999999999996,3
0.34782608695652173,0.07692307692307687,0.41666666666666663,0.14473684210526316,0.1208791208791209,0.08163265306122448,0.09395973154362414,0.7714285714285714,0.0,0.1470588235294117,0.08947368421052626,0.06511056511056512,0.0,0.053333333333333344,0.18181818181818182,0.4634146341463415,0.7666666666666666,0.8666666666666663,3
0.652173913043478,0.6153846153846154,0.8333333333333333,0.39035087719298245,0.1428571428571429,0.14285714285714285,0.4899328859060401,0.2571428571428571,0.4545454545454546,0.6176470588235294,0.3789473684210526,0.4103194103194103,0.4342105263157895,0.026666666666666727,0.5909090909090909,0.1951219512195122,0.7333333333333334,0.9000000000000004,2
0.15217391304347827,0.46153846153846145,0.43055555555555547,0.10087719298245612,0.09890109890109888,0.08163265306122448,0.261744966442953,0.5428571428571427,0.18181818181818188,0.42647058823529393,0.21578947368421053,0.187960687960688,0.42105263157894746,0.2533333333333334,0.13636363636363635,0.3902439024390244,0.16666666666666696,0.20000000000000018,0
0.28260869565217384,0.34615384615384603,0.3472222222222221,0.04824561403508776,0.06593406593406592,0.061224489795918366,0.26845637583892623,0.5428571428571427,0.18181818181818188,0.3382352941176472,0.23684210526315785,0.1855036855036855,0.39473684210526316,0.33333333333333326,0.2272727272727273,0.0975609756097561,0.10000000000000053,0.06666666666666643,0
0.5869565217391304,0.5,0.5694444444444444,0.35964912280701755,0.15384615384615385,0.12244897959183672,0.36241610738255026,0.3999999999999999,0.27272727272727293,0.5294117647058822,0.31052631578947365,0.28378378378378377,0.4144736842105262,0.040000000000000036,0.5909090909090909,0.21951219512195122,0.7333333333333334,0.8666666666666663,2
0.28260869565217384,0.23076923076923062,0.2777777777777777,0.15350877192982448,0.1428571428571429,0.08163265306122448,0.04697986577181201,0.8285714285714285,0.0,0.23529411764705865,0.05263157894736836,0.034398034398034405,0.1907894736842105,0.013333333333333308,0.3181818181818182,0.1951219512195122,0.8000000000000007,0.8666666666666663,3
0.21739130434782616,0.15384615384615374,0.30555555555555547,0.03508771929824561,0.06593406593406592,0.061224489795918366,0.06711409395973145,0.8285714285714285,0.0,0.1617647058823528,0.06842105263157894,0.04176904176904178,0.15131578947368418,0.2533333333333334,0.0,0.17073170731707318,0.16666666666666696,0.13333333333333375,3
0.19565217391304346,0.46153846153846145,0.38888888888888884,0.19736842105263153,0.2417582417582418,0.040816326530612235,0.24161073825503354,0.5428571428571427,0.18181818181818188,0.38235294117647056,0.20526315789473681,0.16953316953316955,0.4736842105263158,0.2666666666666666,0.2272727272727273,0.0,0.16666666666666696,0.09999999999999964,0
0.43478260869565233,0.5384615384615383,0.6666666666666665,0.41666666666666663,0.20879120879120883,0.08163265306122448,0.4093959731543624,0.34285714285714275,0.36363636363636376,0.4852941176470589,0.3526315789473683,0.3292383292383293,0.6118421052631579,0.07999999999999996,0.0,0.07317073170731708,0.6333333333333337,0.7000000000000002,2
0.3913043478260869,0.3846153846153846,0.6666666666666665,0.22807017543859642,0.15384615384615385,0.12244897959183672,0.24832214765100669,0.5428571428571427,0.18181818181818188,0.5735294117647056,0.1842105263157895,0.17444717444717445,0.1842105263157895,0.053333333333333344,0.045454545454545456,0.6341463414634146,0.7000000000000002,0.8666666666666663,3
0.5,0.46153846153846145,0.5555555555555556,0.25,0.17582417582417587,0.12244897959183672,0.22818791946308725,0.5714285714285714,0.18181818181818188,0.44117647058823506,0.16315789473684206,0.16216216216216217,0.3223684210526315,0.053333333333333344,0.2272727272727273,0.24390243902439024,0.7666666666666666,0.8666666666666663,3
0.7391304347826089,0.9230769230769231,0.9166666666666665,0.32456140350877194,0.04395604395604391,0.1020408163265306,0.9731543624161074,0.0,1.0,0.7941176470588234,0.7631578947368421,0.9459459459459459,0.7894736842105262,0.30666666666666664,0.09090909090909091,0.4878048780487805,0.16666666666666696,0.09999999999999964,0
0.30434782608695654,0.42307692307692313,0.41666666666666663,0.32456140350877194,0.3076923076923077,0.061224489795918366,0.22818791946308725,0.5428571428571427,0.18181818181818188,0.3382352941176472,0.1947368421052631,0.17444717444717445,0.4342105263157895,0.12,0.2727272727272727,0.024390243902439025,0.6000000000000005,0.666666666666667,0
0.21739130434782616,0.5,0.45833333333333326,0.14035087719298245,0.13186813186813184,0.061224489795918366,0.24161073825503354,0.5428571428571427,0.18181818181818188,0.4117647058823528,0.1947368421052631,0.17567567567567566,0.4671052631578948,0.19999999999999996,0.36363636363636365,0.0,0.3000000000000007,0.33333333333333304,0
0.28260869565217384,0.3076923076923077,0.36111111111111105,0.10526315789473684,0.08791208791208793,0.08163265306122448,0.15436241610738255,0.6857142857142857,0.09090909090909105,0.2647058823529411,0.12631578947368416,0.10073710073710074,0.3486842105263158,0.18666666666666665,0.13636363636363635,0.0975609756097561,0.13333333333333375,0.20000000000000018,1
0.7826086956521738,0.8076923076923077,0.9583333333333333,0.5263157894736842,0.23076923076923073,0.16326530612244894,0.6845637583892616,0.1428571428571428,0.6363636363636362,0.75,0.5052631578947367,0.6031941031941032,0.6578947368421052,0.10666666666666669,0.5,0.7804878048780488,0.43333333333333357,0.7000000000000002,2
0.4565217391304346,0.15384615384615374,0.45833333333333326,0.35526315789473684,0.2637362637362638,0.08163265306122448,0.2818791946308725,0.4571428571428571,0.18181818181818188,0.13235294117647056,0.21578947368421053,0.2186732186732187,0.13157894736842102,0.09333333333333338,0.09090909090909091,0.1951219512195122,0.7000000000000002,0.833333333333333,0
0.5869565217391304,0.42307692307692313,0.7361111111111109,0.38596491228070173,0.1648351648351648,0.1020408163265306,0.49664429530201337,0.2571428571428571,0.4545454545454546,0.42647058823529393,0.3789473684210526,0.414004914004914,0.256578947368421,0.07999999999999996,0.0,0.04878048780487805,0.5666666666666673,0.5666666666666664,1
0.19565217391304346,0.3846153846153846,0.45833333333333326,0.2149122807017544,0.19780219780219777,0.08163265306122448,0.261744966442953,0.5142857142857142,0.18181818181818188,0.36764705882352944,0.25263157894736843,0.1928746928746929,0.3157894736842105,0.21333333333333337,0.2272727272727273,0.2682926829268293,0.3000000000000007,0.2666666666666666,0
0.28260869565217384,0.5,0.45833333333333326,0.08771929824561397,0.10989010989010983,0.061224489795918366,0.261744966442953,0.5428571428571427,0.18181818181818188,0.42647058823529393,0.21052631578947367,0.1842751842751843,0.4999999999999999,0.29333333333333345,0.4090909090909091,0.2682926829268293,0.13333333333333375,0.09999999999999964,0
0.9347826086956523,0.7692307692307694,0.9722222222222221,0.5526315789473684,0.21978021978021978,0.18367346938775508,0.7046979865771812,0.1428571428571428,0.6363636363636362,0.6911764705882351,0.531578947368421,0.624078624078624,0.7236842105263158,0.09333333333333338,0.7272727272727273,0.6829268292682927,0.5333333333333341,0.833333333333333,2
0.34782608695652173,0.5,0.5138888888888888,0.08771929824561397,0.05494505494505497,0.14285714285714285,0.2953020134228188,0.5142857142857142,0.27272727272727293,0.6176470588235294,0.21578947368421053,0.20515970515970516,0.4276315789473685,0.24,0.3181818181818182,0.41463414634146345,0.2333333333333334,0.33333333333333304,3
0.34782608695652173,0.5769230769230769,0.625,0.36842105263157887,0.18681318681318682,0.1020408163265306,0.3825503355704698,0.37142857142857144,0.27272727272727293,0.5147058823529411,0.3052631578947368,0.2985257985257985,0.5131578947368421,0.053333333333333344,0.7272727272727273,0.12195121951219512,0.6333333333333337,0.666666666666667,2
0.21739130434782616,0.3076923076923077,0.41666666666666663,0.2192982456140351,0.19780219780219777,0.08163265306122448,0.21476510067114085,0.5714285714285714,0.18181818181818188,0.3382352941176472,0.19999999999999996,0.15356265356265358,0.23026315789473684,0.14666666666666672,0.18181818181818182,0.29268292682926833,0.40000000000000036,0.4666666666666668,0
0.32608695652173925,0.3846153846153846,0.6111111111111109,0.13596491228070173,0.08791208791208793,0.16326530612244894,0.2818791946308725,0.5142857142857142,0.18181818181818188,0.47058823529411775,0.231578947368421,0.20393120393120395,0.3421052631578948,0.17333333333333334,0.2727272727272727,0.04878048780487805,0.3000000000000007,0.5,3
0.5,0.5384615384615383,0.875,0.48245614035087714,0.2417582417582418,0.14285714285714285,0.5906040268456376,0.19999999999999996,0.5454545454545454,0.42647058823529393,0.4736842105263158,0.5085995085995086,0.5789473684210525,0.17333333333333334,0.2727272727272727,0.14634146341463417,0.36666666666666714,0.43333333333333357,1
0.32608695652173925,0.15384615384615374,0.23611111111111105,0.11842105263157898,0.1648351648351648,0.061224489795918366,0.15436241610738255,0.6857142857142857,0.09090909090909105,0.10294117647058809,0.1105263157894737,0.09950859950859953,0.21052631578947367,0.30666666666666664,0.7272727272727273,0.3902439024390244,0.13333333333333375,0.09999999999999964,2
0.5434782608695654,0.1923076923076923,0.36111111111111105,0.10964912280701755,0.08791208791208793,0.08163265306122448,0.12080536912751672,0.7142857142857142,0.09090909090909105,0.2941176470588234,0.1578947368421052,0.0823095823095823,0.07236842105263153,0.12,0.13636363636363635,0.29268292682926833,0.5,0.43333333333333357,3
0.34782608695652173,0.46153846153846145,0.5694444444444444,0.618421052631579,0.6043956043956044,0.8163265306122449,0.28859060402684555,0.5142857142857142,0.27272727272727293,0.6176470588235294,0.36842105263157887,0.20024570024570026,0.4276315789473685,0.40000000000000013,0.4090909090909091,0.41463414634146345,0.2333333333333334,0.36666666666666714,3
0.30434782608695654,0.34615384615384603,0.5,0.23684210526315785,0.19780219780219777,0.040816326530612235,0.28859060402684555,0.4571428571428571,0.18181818181818188,0.2941176470588234,0.28421052631578947,0.2186732186732187,0.29605263157894746,0.21333333333333337,0.2727272727272727,0.29268292682926833,0.43333333333333357,0.40000000000000036,0
0.43478260869565233,0.1153846153846152,0.3194444444444444,0.14912280701754388,0.10989010989010983,0.1020408163265306,0.134228187919463,0.6857142857142857,0.09090909090909105,0.2647058823529411,0.1473684210526316,0.09336609336609336,0.05921052631578949,0.09333333333333338,0.13636363636363635,0.6585365853658537,0.5666666666666673,0.666666666666667,3
0.7826086956521738,0.846153846153846,0.8611111111111109,0.2807017543859649,0.04395604395604391,0.061224489795918366,0.8657718120805369,0.02857142857142847,0.8181818181818183,0.6911764705882351,0.7105263157894736,0.8427518427518427,0.8881578947368421,0.32000000000000006,0.4545454545454546,0.2682926829268293,0.2666666666666666,0.06666666666666643,0
0.36956521739130443,0.1923076923076923,0.48611111111111094,0.25877192982456143,0.18681318681318682,0.08163265306122448,0.261744966442953,0.48571428571428554,0.18181818181818188,0.19117647058823528,0.19999999999999996,0.1977886977886978,0.17763157894736836,0.07999999999999996,0.0,0.0,0.6333333333333337,0.7666666666666666,0
0.5434782608695654,0.7307692307692306,0.6388888888888888,0.4473684210526315,0.2417582417582418,0.040816326530612235,0.5369127516778522,0.19999999999999996,0.4545454545454546,0.6323529411764706,0.43157894736842095,0.4742014742014742,0.7171052631578948,0.19999999999999996,0.18181818181818182,0.14634146341463417,0.6000000000000005,0.4666666666666668,0
0.19565217391304346,0.15384615384615374,0.36111111111111105,0.09210526315789469,0.07692307692307687,0.08163265306122448,0.134228187919463,0.7428571428571429,0.09090909090909105,0.13235294117647056,0.09473684210526312,0.08353808353808356,0.19736842105263153,0.16000000000000003,0.7727272727272727,0.17073170731707318,0.2333333333333334,0.20000000000000018,2
0.3913043478260869,0.26923076923076916,0.8055555555555554,0.381578947368421,0.18681318681318682,0.12244897959183672,0.43624161073825496,0.34285714285714275,0.36363636363636376,0.25,0.33684210526315794,0.3452088452088452,0.3486842105263158,0.07999999999999996,0.4090909090909091,0.8536585365853658,0.6333333333333337,0.7999999999999998,2
0.5434782608695654,0.26923076923076916,0.5138888888888888,0.2894736842105263,0.15384615384615385,0.061224489795918366,0.4026845637583891,0.3142857142857143,0.36363636363636376,0.3088235294117645,0.3526315789473683,0.3353808353808354,0.1907894736842105,0.16000000000000003,0.18181818181818182,0.41463414634146345,0.7666666666666666,0.666666666666667,0
0.7173913043478262,0.7692307692307694,0.8055555555555554,0.38596491228070173,0.1428571428571429,0.14285714285714285,0.6912751677852349,0.1428571428571428,0.6363636363636362,0.75,0.49473684210526303,0.6105651105651105,0.6973684210526315,0.17333333333333334,0.36363636363636365,0.5121951219512195,0.40000000000000036,0.5333333333333332,2
0.43478260869565233,0.3846153846153846,0.5277777777777777,0.26754385964912275,0.13186813186813184,0.08163265306122448,0.261744966442953,0.5142857142857142,0.18181818181818188,0.3382352941176472,0.27368421052631575,0.1941031941031941,0.4078947368421052,0.10666666666666669,0.6818181818181819,0.04878048780487805,0.5666666666666673,0.5333333333333332,1
0.4565217391304346,0.15384615384615374,0.4444444444444444,0.38596491228070173,0.27472527472527475,0.061224489795918366,0.3087248322147651,0.4285714285714286,0.18181818181818188,0.22058823529411753,0.28421052631578947,0.24692874692874694,0.09868421052631582,0.1333333333333333,0.0,0.34146341463414637,0.8000000000000007,0.7666666666666666,0
0.34782608695652173,0.1153846153846152,0.38888888888888884,0.1929824561403508,0.1428571428571429,0.1020408163265306,0.14093959731543615,0.6857142857142857,0.09090909090909105,0.23529411764705865,0.1210526315789473,0.09950859950859953,0.046052631578947345,0.026666666666666727,0.2727272727272727,0.43902439024390244,0.8333333333333339,0.9333333333333336,3
0.26086956521739135,0.46153846153846145,0.41666666666666663,0.10964912280701755,0.1208791208791209,0.1020408163265306,0.261744966442953,0.5428571428571427,0.18181818181818188,0.4117647058823528,0.21578947368421053,0.1842751842751843,0.49342105263157887,0.2533333333333334,0.09090909090909091,0.12195121951219512,0.16666666666666696,0.16666666666666696,0
0.28260869565217384,0.46153846153846145,0.45833333333333326,0.20614035087719296,0.17582417582417587,0.061224489795918366,0.24832214765100669,0.5142857142857142,0.18181818181818188,0.3970588235294117,0.21052631578947367,0.1855036855036855,0.42105263157894746,0.14666666666666672,0.2727272727272727,0.024390243902439025,0.43333333333333357,0.5,0
0.7173913043478262,0.5769230769230769,0.9305555555555554,0.42543859649122806,0.15384615384615385,0.14285714285714285,0.6375838926174495,0.17142857142857137,0.6363636363636362,0.5147058823529411,0.5105263157894736,0.5540540540540541,0.5789473684210525,0.1333333333333333,0.2272727272727273,0.6829268292682927,0.4666666666666668,0.7333333333333334,2
0.7391304347826089,0.7307692307692306,0.875,0.35526315789473684,0.10989010989010983,0.16326530612244894,0.6845637583892616,0.1428571428571428,0.6363636363636362,0.6470588235294117,0.45789473684210524,0.6044226044226044,0.5065789473684211,0.07999999999999996,0.2727272727272727,0.12195121951219512,0.43333333333333357,0.5666666666666664,1
0.7826086956521738,0.6923076923076923,0.8333333333333333,0.4035087719298245,0.13186813186813184,0.14285714285714285,0.5369127516778522,0.22857142857142854,0.4545454545454546,0.6323529411764706,0.42105263157894723,0.4533169533169533,0.5460526315789472,0.053333333333333344,0.6363636363636364,0.07317073170731708,0.666666666666667,0.7000000000000002,1
0.7826086956521738,0.5769230769230769,0.9305555555555554,0.48245614035087714,0.1648351648351648,0.14285714285714285,0.6241610738255032,0.17142857142857137,0.5454545454545454,0.5882352941176472,0.48421052631578954,0.5405405405405406,0.36842105263157887,0.06666666666666665,0.4090909090909091,0.7804878048780488,0.6333333333333337,0.833333333333333,1
0.36956521739130443,0.6538461538461537,0.6944444444444444,0.36403508771929816,0.15384615384615385,0.14285714285714285,0.46308724832214754,0.2857142857142856,0.36363636363636376,0.5882352941176472,0.4263157894736841,0.3783783783783784,0.7105263157894736,0.12,0.2727272727272727,0.4634146341463415,0.5,0.5999999999999996,2
0.43478260869565233,0.46153846153846145,0.5972222222222221,0.16228070175438591,0.09890109890109888,0.14285714285714285,0.30201342281879184,0.48571428571428554,0.27272727272727293,0.5441176470588234,0.26315789473684204,0.22113022113022113,0.4999999999999999,0.19999999999999996,0.045454545454545456,0.5121951219512195,0.2666666666666666,0.5333333333333332,3
0.19565217391304346,0.3076923076923077,0.41666666666666663,0.2192982456140351,0.18681318681318682,0.08163265306122448,0.24161073825503354,0.5428571428571427,0.18181818181818188,0.2941176470588234,0.22105263157894728,0.17690417690417692,0.26315789473684215,0.16000000000000003,0.2272727272727273,0.41463414634146345,0.36666666666666714,0.4666666666666668,0
0.5,0.7307692307692306,0.8888888888888888,0.513157894736842,0.21978021978021978,0.12244897959183672,0.5771812080536913,0.19999999999999996,0.5454545454545454,0.6617647058823528,0.45789473684210524,0.4975429975429976,0.7499999999999999,0.09333333333333338,0.5454545454545454,0.4878048780487805,0.5333333333333341,0.666666666666667,1
0.36956521739130443,0.34615384615384603,0.3194444444444444,0.09210526315789469,0.08791208791208793,0.08163265306122448,0.26845637583892623,0.5428571428571427,0.18181818181818188,0.3529411764705883,0.22631578947368414,0.18673218673218672,0.4013157894736842,0.28,0.0,0.36585365853658536,0.13333333333333375,0.09999999999999964,0
0.43478260869565233,0.26923076923076916,0.30555555555555547,0.05263157894736836,0.02197802197802201,0.08163265306122448,0.12751677852348986,0.7428571428571429,0.09090909090909105,0.3970588235294117,0.1578947368421052,0.07985257985257987,0.2894736842105262,0.24,0.36363636363636365,0.14634146341463417,0.2666666666666666,0.09999999999999964,3
0.3913043478260869,0.3076923076923077,0.36111111111111105,0.11403508771929827,0.09890109890109888,0.12244897959183672,0.09395973154362414,0.7714285714285714,0.09090909090909105,0.38235294117647056,0.15263157894736834,0.06511056511056512,0.2828947368421052,0.16000000000000003,0.13636363636363635,0.24390243902439024,0.5,0.43333333333333357,3
0.4782608695652173,0.46153846153846145,0.9027777777777777,0.45175438596491224,0.18681318681318682,0.14285714285714285,0.5033557046979866,0.2857142857142856,0.4545454545454546,0.47058823529411775,0.3789473684210526,0.41277641277641275,0.3026315789473685,0.053333333333333344,0.3181818181818182,0.7804878048780488,0.7333333333333334,1.0,2
0.34782608695652173,0.15384615384615374,0.15277777777777768,0.02631578947368418,0.07692307692307687,0.040816326530612235,0.05369127516778516,0.857142857142857,0.0,0.13235294117647056,0.04210526315789476,0.035626535626535616,0.23026315789473684,0.29333333333333345,0.3181818181818182,0.0975609756097561,0.16666666666666696,0.06666666666666643,3
0.6304347826086958,0.6923076923076923,0.7222222222222221,0.39035087719298245,0.1428571428571429,0.061224489795918366,0.7248322147651005,0.11428571428571421,0.7272727272727275,0.6470588235294117,0.6157894736842106,0.671990171990172,0.6381578947368421,0.2666666666666666,0.3181818181818182,0.17073170731707318,0.40000000000000036,0.16666666666666696,0
0.6956521739130435,0.8076923076923077,0.8333333333333333,0.5043859649122806,0.2417582417582418,0.14285714285714285,0.7315436241610738,0.11428571428571421,0.7272727272727275,0.7647058823529411,0.5368421052631579,0.6560196560196561,0.5921052631578948,0.17333333333333334,0.0,0.3170731707317073,0.36666666666666714,0.5999999999999996,2
0.8695652173913042,0.9230769230769231,0.9583333333333333,0.39035087719298245,0.09890109890109888,0.061224489795918366,0.9932885906040267,0.0,1.0,0.8382352941176472,0.8315789473684211,0.9803439803439803,0.9802631578947368,0.33333333333333326,0.5,0.5121951219512195,0.20000000000000018,0.06666666666666643,0
0.30434782608695654,0.3846153846153846,0.3472222222222221,0.0964912280701754,0.09890109890109888,0.1020408163265306,0.24832214765100669,0.5714285714285714,0.18181818181818188,0.36764705882352944,0.20526315789473681,0.16953316953316955,0.38815789473684215,0.33333333333333326,0.2727272727272727,0.07317073170731708,0.13333333333333375,0.033333333333333215,0
0.5434782608695654,0.6923076923076923,0.7777777777777777,0.4298245614035088,0.20879120879120883,0.14285714285714285,0.5100671140939597,0.2571428571428571,0.4545454545454546,0.5735294117647056,0.4052631578947369,0.42874692874692877,0.7828947368421052,0.10666666666666669,0.4545454545454546,0.024390243902439025,0.5,0.5999999999999996,2
0.4565217391304346,0.1923076923076923,0.6666666666666665,0.32456140350877194,0.1428571428571429,0.08163265306122448,0.38926174496644284,0.37142857142857144,0.36363636363636376,0.19117647058823528,0.3052631578947368,0.3083538083538083,0.21052631578947367,0.07999999999999996,0.09090909090909091,0.6829268292682927,0.6333333333333337,0.7666666666666666,2
0.19565217391304346,0.42307692307692313,0.3194444444444444,0.07894736842105265,0.07692307692307687,0.08163265306122448,0.261744966442953,0.5428571428571427,0.18181818181818188,0.42647058823529393,0.18947368421052624,0.17813267813267813,0.48026315789473684,0.28,0.13636363636363635,0.0975609756097561,0.10000000000000053,0.033333333333333215,0
0.7173913043478262,0.6153846153846154,0.7777777777777777,0.42105263157894735,0.15384615384615385,0.14285714285714285,0.46308724832214754,0.2857142857142856,0.36363636363636376,0.5882352941176472,0.3526315789473683,0.3808353808353808,0.4473684210526315,0.026666666666666727,0.8636363636363636,0.36585365853658536,0.8666666666666671,0.9333333333333336,1
0.34782608695652173,0.42307692307692313,0.5833333333333333,0.13596491228070173,0.07692307692307687,0.061224489795918366,0.24832214765100669,0.5428571428571427,0.18181818181818188,0.38235294117647056,0.21052631578947367,0.18181818181818182,0.36842105263157887,0.10666666666666669,0.4545454545454546,0.34146341463414637,0.40000000000000036,0.40000000000000036,1
0.43478260869565233,0.3846153846153846,0.6666666666666665,0.2850877192982456,0.20879120879120883,0.12244897959183672,0.2550335570469797,0.5428571428571427,0.18181818181818188,0.42647058823529393,0.17894736842105263,0.1842751842751843,0.20394736842105265,0.06666666666666665,0.09090909090909091,0.41463414634146345,0.666666666666667,0.833333333333333,3
0.34782608695652173,0.1923076923076923,0.5555555555555556,0.2807017543859649,0.13186813186813184,0.08163265306122448,0.3288590604026844,0.4285714285714286,0.27272727272727293,0.19117647058823528,0.2947368421052631,0.25184275184275184,0.16447368421052633,0.10666666666666669,0.2272727272727273,0.36585365853658536,0.5333333333333341,0.5333333333333332,2
0.5434782608695654,0.42307692307692313,0.5277777777777777,0.24122807017543857,0.17582417582417587,0.1020408163265306,0.20134228187919456,0.5999999999999999,0.09090909090909105,0.44117647058823506,0.1578947368421052,0.14250614250614252,0.38815789473684215,0.040000000000000036,0.8636363636363636,0.04878048780487805,0.8333333333333339,0.8666666666666663,3
0.6739130434782608,0.7307692307692306,0.7777777777777777,0.36403508771929816,0.13186813186813184,0.12244897959183672,0.5100671140939597,0.2571428571428571,0.4545454545454546,0.6323529411764706,0.4,0.4250614250614251,0.6118421052631579,0.09333333333333338,0.5,0.1951219512195122,0.5666666666666673,0.6333333333333337,1
0.5652173913043477,0.9230769230769231,0.9583333333333333,0.5043859649122806,0.20879120879120883,0.16326530612244894,0.7315436241610738,0.11428571428571421,0.7272727272727275,0.8529411764705883,0.5473684210526316,0.6646191646191646,0.8157894736842105,0.1333333333333333,0.4545454545454546,0.6097560975609756,0.40000000000000036,0.6333333333333337,1
0.28260869565217384,0.34615384615384603,0.3472222222222221,0.08771929824561397,0.07692307692307687,0.08163265306122448,0.2550335570469797,0.5428571428571427,0.18181818181818188,0.3235294117647056,0.21578947368421053,0.17567567567567566,0.39473684210526316,0.33333333333333326,0.09090909090909091,0.1951219512195122,0.13333333333333375,0.033333333333333215,0
0.7391304347826089,0.9230769230769231,0.8611111111111109,0.3464912280701754,0.08791208791208793,0.08163265306122448,0.8187919463087248,0.05714285714285705,0.8181818181818183,0.7794117647058822,0.5947368421052631,0.7837837837837839,0.7697368421052632,0.2266666666666668,0.3181818181818182,0.2682926829268293,0.36666666666666714,0.20000000000000018,0
0.7826086956521738,0.8076923076923077,0.875,0.4385964912280701,0.17582417582417587,0.16326530612244894,0.738255033557047,0.11428571428571421,0.7272727272727275,0.8382352941176472,0.5210526315789473,0.6584766584766585,0.6644736842105262,0.14666666666666672,0.2727272727272727,0.34146341463414637,0.36666666666666714,0.6333333333333337,2
0.34782608695652173,0.42307692307692313,0.5,0.08771929824561397,0.07692307692307687,0.14285714285714285,0.2953020134228188,0.5142857142857142,0.27272727272727293,0.4852941176470589,0.17368421052631577,0.20638820638820637,0.42105263157894746,0.21333333333333337,0.5454545454545454,0.29268292682926833,0.2666666666666666,0.40000000000000036,3
0.5652173913043477,0.6923076923076923,0.6666666666666665,0.36403508771929816,0.1648351648351648,0.040816326530612235,0.6107382550335569,0.17142857142857137,0.5454545454545454,0.5882352941176472,0.48421052631578954,0.5417690417690417,0.7039473684210525,0.2266666666666668,0.36363636363636365,0.6341463414634146,0.5,0.2999999999999998,0
0.5217391304347827,0.46153846153846145,0.7083333333333333,0.24561403508771928,0.17582417582417587,0.14285714285714285,0.261744966442953,0.5428571428571427,0.18181818181818188,0.44117647058823506,0.18947368421052624,0.1842751842751843,0.38815789473684215,0.06666666666666665,0.8181818181818182,0.4878048780487805,0.7000000000000002,0.7999999999999998,3
0.30434782608695654,0.3076923076923077,0.45833333333333326,0.23245614035087714,0.18681318681318682,0.08163265306122448,0.261744966442953,0.5142857142857142,0.18181818181818188,0.2941176470588234,0.23684210526315785,0.1928746928746929,0.26315789473684215,0.17333333333333334,0.13636363636363635,0.1951219512195122,0.4666666666666668,0.43333333333333357,0
0.34782608695652173,0.26923076923076916,0.4444444444444444,0.2192982456140351,0.17582417582417587,0.08163265306122448,0.22818791946308725,0.5428571428571427,0.18181818181818188,0.25,0.23684210526315785,0.16830466830466834,0.2171052631578947,0.16000000000000003,0.18181818181818182,0.24390243902439024,0.5333333333333341,0.5,0
0.28260869565217384,0.26923076923076916,0.48611111111111094,0.17982456140350878,0.1648351648351648,0.061224489795918366,0.18791946308724827,0.6285714285714286,0.09090909090909105,0.25,0.1473684210526316,0.13022113022113024,0.32894736842105254,0.16000000000000003,0.13636363636363635,0.5121951219512195,0.2333333333333334,0.2999999999999998,1
0.21739130434782616,0.15384615384615374,0.19444444444444442,0.11403508771929827,0.15384615384615385,0.020408163265306117,0.15436241610738255,0.6857142857142857,0.09090909090909105,0.13235294117647056,0.11578947368421044,0.1068796068796069,0.1907894736842105,0.33333333333333326,0.13636363636363635,0.14634146341463417,0.13333333333333375,0.06666666666666643,2
0.6304347826086958,0.8076923076923077,0.8472222222222221,0.3728070175438596,0.1208791208791209,0.14285714285714285,0.738255033557047,0.11428571428571421,0.7272727272727275,0.7794117647058822,0.49473684210526303,0.6683046683046683,0.5986842105263158,0.14666666666666672,0.5909090909090909,0.14634146341463417,0.43333333333333357,0.5666666666666664,1
0.5652173913043477,0.846153846153846,0.8472222222222221,0.5,0.23076923076923073,0.14285714285714285,0.7516778523489933,0.11428571428571421,0.7272727272727275,0.8823529411764706,0.5157894736842105,0.6793611793611793,0.6644736842105262,0.18666666666666665,0.5,0.4878048780487805,0.36666666666666714,0.5,1
0.6086956521739131,0.8076923076923077,0.9166666666666665,0.36403508771929816,0.10989010989010983,0.08163265306122448,0.832214765100671,0.05714285714285705,0.8181818181818183,0.6764705882352939,0.6631578947368421,0.7972972972972973,0.9276315789473685,0.28,0.2727272727272727,0.34146341463414637,0.3000000000000007,0.13333333333333375,0
0.9565217391304346,0.7307692307692306,0.9722222222222221,0.5394736842105263,0.19780219780219777,0.18367346938775508,0.6711409395973154,0.1428571428571428,0.6363636363636362,0.6617647058823528,0.5157894736842105,0.5945945945945946,0.7105263157894736,0.07999999999999996,0.9545454545454546,0.6097560975609756,0.6000000000000005,0.7999999999999998,2
0.32608695652173925,0.42307692307692313,0.5138888888888888,0.27192982456140347,0.13186813186813184,0.061224489795918366,0.261744966442953,0.5142857142857142,0.18181818181818188,0.3970588235294117,0.23684210526315785,0.19533169533169537,0.4276315789473685,0.053333333333333344,0.4090909090909091,0.29268292682926833,0.8666666666666671,0.9000000000000004,1
0.4782608695652173,0.42307692307692313,0.6111111111111109,0.23245614035087714,0.1648351648351648,0.14285714285714285,0.221476510067114,0.5714285714285714,0.18181818181818188,0.44117647058823506,0.17368421052631577,0.15724815724815727,0.35526315789473684,0.053333333333333344,0.4545454545454546,0.14634146341463417,0.7666666666666666,0.833333333333333,3
0.34782608695652173,0.26923076923076916,0.4027777777777777,0.1842105263157895,0.1208791208791209,0.061224489795918366,0.134228187919463,0.6857142857142857,0.09090909090909105,0.27941176470588225,0.13157894736842102,0.09336609336609336,0.256578947368421,0.013333333333333308,0.7272727272727273,0.14634146341463417,0.9000000000000004,0.9333333333333336,1
0.5217391304347827,0.5,0.8472222222222221,0.4605263157894737,0.20879120879120883,0.1020408163265306,0.5369127516778522,0.2571428571428571,0.4545454545454546,0.4852941176470589,0.41052631578947374,0.4447174447174447,0.3749999999999999,0.07999999999999996,0.045454545454545456,0.7804878048780488,0.5,0.6333333333333337,1
0.32608695652173925,0.1923076923076923,0.2499999999999999,0.14035087719298245,0.1428571428571429,0.040816326530612235,0.24161073825503354,0.5714285714285714,0.18181818181818188,0.19117647058823528,0.17368421052631577,0.16584766584766586,0.29605263157894746,0.3466666666666667,0.5454545454545454,0.0,0.13333333333333375,0.06666666666666643,2
0.3913043478260869,0.5,0.5277777777777777,0.1885964912280702,0.15384615384615385,0.12244897959183672,0.2348993288590604,0.5428571428571427,0.18181818181818188,0.5,0.19999999999999996,0.17076167076167076,0.5723684210526315,0.1333333333333333,0.5909090909090909,0.2682926829268293,0.43333333333333357,0.6333333333333337,3
0.17391304347826098,0.5384615384615383,0.4027777777777777,0.17982456140350878,0.18681318681318682,0.061224489795918366,0.261744966442953,0.5142857142857142,0.18181818181818188,0.42647058823529393,0.21578947368421053,0.19164619164619168,0.5460526315789472,0.19999999999999996,0.2272727272727273,0.0,0.2333333333333334,0.2333333333333334,0
0.5434782608695654,0.6538461538461537,0.6944444444444444,0.381578947368421,0.17582417582417587,0.12244897959183672,0.43624161073825496,0.3142857142857143,0.36363636363636376,0.5441176470588234,0.3421052631578948,0.35380835380835385,0.5592105263157895,0.06666666666666665,0.4545454545454546,0.024390243902439025,0.5666666666666673,0.666666666666667,2
0.43478260869565233,0.34615384615384603,0.6666666666666665,0.36403508771929816,0.1648351648351648,0.14285714285714285,0.4765100671140938,0.2857142857142856,0.36363636363636376,0.3382352941176472,0.41052631578947374,0.39312039312039315,0.36842105263157887,0.1333333333333333,0.13636363636363635,0.29268292682926833,0.43333333333333357,0.5333333333333332,1
0.3913043478260869,0.46153846153846145,0.5,0.2894736842105263,0.2417582417582418,0.08163265306122448,0.2550335570469797,0.5142857142857142,0.18181818181818188,0.38235294117647056,0.21052631578947367,0.19164619164619168,0.4407894736842105,0.12,0.5454545454545454,0.024390243902439025,0.6333333333333337,0.666666666666667,0
0.7826086956521738,0.6153846153846154,0.9583333333333333,0.38596491228070173,0.13186813186813184,0.14285714285714285,0.6375838926174495,0.17142857142857137,0.6363636363636362,0.5588235294117645,0.4999999999999999,0.5540540540540541,0.6644736842105262,0.1333333333333333,0.5909090909090909,0.7560975609756098,0.5,0.7000000000000002,2
0.30434782608695654,0.46153846153846145,0.5833333333333333,0.25877192982456143,0.1428571428571429,0.1020408163265306,0.2953020134228188,0.4571428571428571,0.18181818181818188,0.38235294117647056,0.2684210526315789,0.2235872235872236,0.4078947368421052,0.1333333333333333,0.09090909090909091,0.04878048780487805,0.4666666666666668,0.5,1
0.5869565217391304,0.6153846153846154,0.7777777777777777,0.4429824561403508,0.17582417582417587,0.12244897959183672,0.49664429530201337,0.2571428571428571,0.4545454545454546,0.5588235294117645,0.3789473684210526,0.4115479115479116,0.42105263157894746,0.026666666666666727,0.13636363636363635,0.12195121951219512,0.7000000000000002,0.7999999999999998,1
0.7608695652173911,0.7307692307692306,0.9583333333333333,0.337719298245614,0.08791208791208793,0.18367346938775508,0.6979865771812079,0.1428571428571428,0.6363636363636362,0.7794117647058822,0.5210526315789473,0.6179361179361179,0.6710526315789472,0.16000000000000003,0.4545454545454546,0.6829268292682927,0.43333333333333357,0.666666666666667,2
0.6086956521739131,0.5,0.9027777777777777,0.39473684210526316,0.15384615384615385,0.14285714285714285,0.5771812080536913,0.22857142857142854,0.5454545454545454,0.47058823529411775,0.4368421052631578,0.484029484029484,0.5460526315789472,0.07999999999999996,0.3181818181818182,0.926829268292683,0.5333333333333341,0.7999999999999998,2
0.4782608695652173,0.5384615384615383,0.5694444444444444,0.3114035087719298,0.13186813186813184,0.08163265306122448,0.37583892617449655,0.37142857142857144,0.27272727272727293,0.5,0.34736842105263144,0.2960687960687961,0.48026315789473684,0.09333333333333338,0.18181818181818182,0.0975609756097561,0.5,0.5666666666666664,2
0.34782608695652173,0.5384615384615383,0.625,0.1842105263157895,0.1208791208791209,0.14285714285714285,0.27516778523489926,0.5142857142857142,0.18181818181818188,0.4852941176470589,0.23684210526315785,0.2027027027027027,0.48684210526315785,0.18666666666666665,0.5909090909090909,0.17073170731707318,0.3333333333333339,0.5333333333333332,3
0.30434782608695654,0.46153846153846145,0.5138888888888888,0.21052631578947367,0.13186813186813184,0.08163265306122448,0.2818791946308725,0.5142857142857142,0.18181818181818188,0.3970588235294117,0.2684210526315789,0.20393120393120395,0.39473684210526316,0.19999999999999996,0.6818181818181819,0.34146341463414637,0.2666666666666666,0.2666666666666666,1
0.7608695652173911,0.8076923076923077,0.9027777777777777,0.4298245614035088,0.1648351648351648,0.16326530612244894,0.6040268456375839,0.19999999999999996,0.5454545454545454,0.6764705882352939,0.4526315789473684,0.5208845208845209,0.8092105263157895,0.10666666666666669,0.5454545454545454,0.07317073170731708,0.4666666666666668,0.6333333333333337,2
0.36956521739130443,0.5384615384615383,0.625,0.1929824561403508,0.1428571428571429,0.14285714285714285,0.28859060402684555,0.48571428571428554,0.18181818181818188,0.5441176470588234,0.2578947368421052,0.21007371007371006,0.48684210526315785,0.19999999999999996,0.045454545454545456,0.12195121951219512,0.3000000000000007,0.5,3
0.19565217391304346,0.15384615384615374,0.26388888888888884,0.1271929824561403,0.17582417582417587,0.08163265306122448,0.15436241610738255,0.7142857142857142,0.09090909090909105,0.1470588235294117,0.1105263157894737,0.09828009828009832,0.20394736842105265,0.29333333333333345,0.5,0.5853658536585367,0.10000000000000053,0.13333333333333375,2
0.23913043478260865,0.46153846153846145,0.38888888888888884,0.1885964912280702,0.18681318681318682,0.061224489795918366,0.22818791946308725,0.5714285714285714,0.18181818181818188,0.3529411764705883,0.19999999999999996,0.16339066339066338,0.4473684210526315,0.19999999999999996,0.2272727272727273,0.024390243902439025,0.2333333333333334,0.20000000000000018,0
0.34782608695652173,0.5384615384615383,0.5694444444444444,0.2236842105263157,0.10989010989010983,0.1020408163265306,0.3288590604026844,0.4285714285714286,0.27272727272727293,0.4558823529411762,0.29999999999999993,0.25061425061425063,0.5592105263157895,0.16000000000000003,0.4090909090909091,0.36585365853658536,0.36666666666666714,0.40000000000000036,1
0.5,0.3076923076923077,0.5138888888888888,0.3157894736842105,0.18681318681318682,0.040816326530612235,0.43624161073825496,0.2857142857142856,0.36363636363636376,0.23529411764705865,0.39473684210526316,0.36977886977886976,0.23684210526315785,0.18666666666666665,0.0,0.0975609756097561,0.666666666666667,0.5666666666666664,0
0.5217391304347827,0.46153846153846145,0.4444444444444444,0.35964912280701755,0.2637362637362638,0.040816326530612235,0.3288590604026844,0.3999999999999999,0.27272727272727293,0.38235294117647056,0.25263157894736843,0.2641277641277641,0.48684210526315785,0.1333333333333333,0.3181818181818182,0.17073170731707318,0.666666666666667,0.7333333333333334,0
0.5217391304347827,0.5384615384615383,0.6527777777777777,0.25877192982456143,0.18681318681318682,0.12244897959183672,0.2953020134228188,0.48571428571428554,0.27272727272727293,0.4558823529411762,0.22631578947368414,0.21498771498771502,0.46052631578947356,0.10666666666666669,0.045454545454545456,0.3170731707317073,0.5333333333333341,0.7000000000000002,3
0.5,0.5384615384615383,0.5138888888888888,0.4342105263157894,0.27472527472527475,0.061224489795918366,0.3691275167785235,0.34285714285714275,0.27272727272727293,0.47058823529411775,0.3052631578947368,0.30098280098280095,0.46052631578947356,0.12,0.2727272727272727,0.3902439024390244,0.7666666666666666,0.7333333333333334,0
0.30434782608695654,0.1153846153846152,0.18055555555555547,0.05263157894736836,0.1208791208791209,0.020408163265306117,0.04026845637583887,0.8857142857142857,0.0,0.10294117647058809,0.04210526315789476,0.025798525798525818,0.17105263157894735,0.33333333333333326,0.4090909090909091,0.36585365853658536,0.13333333333333375,0.06666666666666643,3
0.7826086956521738,0.7307692307692306,0.7638888888888888,0.36842105263157887,0.1208791208791209,0.020408163265306117,0.7718120805369126,0.08571428571428563,0.7272727272727275,0.5882352941176472,0.6947368421052632,0.7272727272727273,0.6907894736842105,0.29333333333333345,0.0,0.4634146341463415,0.36666666666666714,0.16666666666666696,0
0.6739130434782608,0.6923076923076923,0.9444444444444444,0.38596491228070173,0.13186813186813184,0.16326530612244894,0.7046979865771812,0.1428571428571428,0.6363636363636362,0.6617647058823528,0.5368421052631579,0.6265356265356266,0.5986842105263158,0.16000000000000003,0.6818181818181819,0.5365853658536586,0.4666666666666668,0.666666666666667,2
0.30434782608695654,0.15384615384615374,0.2777777777777777,0.11842105263157898,0.10989010989010983,0.061224489795918366,0.10738255033557043,0.7428571428571429,0.09090909090909105,0.1617647058823528,0.12631578947368416,0.0724815724815725,0.13157894736842102,0.14666666666666672,0.045454545454545456,0.34146341463414637,0.3333333333333339,0.36666666666666714,2
0.19565217391304346,0.1153846153846152,0.19444444444444442,0.05263157894736836,0.06593406593406592,0.08163265306122448,0.08724832214765099,0.7999999999999998,0.09090909090909105,0.11764705882352944,0.0842105263157894,0.05528255528255527,0.10526315789473684,0.24,0.045454545454545456,0.12195121951219512,0.13333333333333375,0.09999999999999964,2
0.6956521739130435,0.8846153846153848,0.8055555555555554,0.45614035087719296,0.18681318681318682,0.16326530612244894,0.7046979865771812,0.1428571428571428,0.6363636363636362,0.8088235294117645,0.4999999999999999,0.628992628992629,0.6842105263157895,0.16000000000000003,0.09090909090909091,0.4634146341463415,0.40000000000000036,0.5999999999999996,1
0.15217391304347827,0.23076923076923062,0.2777777777777777,0.07456140350877194,0.09890109890109888,0.061224489795918366,0.18120805369127513,0.657142857142857,0.09090909090909105,0.19117647058823528,0.1105263157894737,0.11916461916461918,0.19736842105263153,0.2666666666666666,0.0,0.12195121951219512,0.10000000000000053,0.16666666666666696,1
0.7173913043478262,0.8076923076923077,0.8333333333333333,0.5350877192982456,0.21978021978021978,0.020408163265306117,0.9261744966442953,0.02857142857142847,0.9090909090909092,0.6470588235294117,0.7894736842105262,0.9078624078624079,0.9868421052631579,0.3733333333333333,0.2272727272727273,0.2682926829268293,0.20000000000000018,0.033333333333333215,0
0.17391304347826098,0.5,0.43055555555555547,0.1578947368421052,0.15384615384615385,0.08163265306122448,0.27516778523489926,0.5142857142857142,0.18181818181818188,0.44117647058823506,0.24736842105263157,0.20024570024570026,0.5131578947368421,0.2666666666666666,0.045454545454545456,0.34146341463414637,0.20000000000000018,0.20000000000000018,0
0.5869565217391304,0.6923076923076923,0.9583333333333333,0.5219298245614035,0.21978021978021978,0.12244897959183672,0.7046979865771812,0.11428571428571421,0.6363636363636362,0.6470588235294117,0.5684210526315788,0.6388206388206388,0.6184210526315789,0.16000000000000003,0.2727272727272727,0.43902439024390244,0.43333333333333357,0.5999999999999996,1
0.32608695652173925,0.42307692307692313,0.43055555555555547,0.17543859649122806,0.09890109890109888,0.1020408163265306,0.20134228187919456,0.6285714285714286,0.18181818181818188,0.36764705882352944,0.15263157894736834,0.13759213759213762,0.4078947368421052,0.10666666666666669,0.3181818181818182,0.43902439024390244,0.40000000000000036,0.5333333333333332,1
0.4565217391304346,0.6153846153846154,0.6527777777777777,0.23684210526315785,0.18681318681318682,0.14285714285714285,0.30201342281879184,0.48571428571428554,0.27272727272727293,0.5882352941176472,0.2578947368421052,0.21990171990171992,0.5986842105263158,0.19999999999999996,0.18181818181818182,0.0,0.2333333333333334,0.43333333333333357,3
0.5652173913043477,0.3846153846153846,0.6805555555555554,0.39473684210526316,0.17582417582417587,0.1020408163265306,0.49664429530201337,0.2571428571428571,0.4545454545454546,0.38235294117647056,0.42105263157894723,0.414004914004914,0.35526315789473684,0.10666666666666669,0.2727272727272727,0.3170731707317073,0.5,0.5999999999999996,2
0.36956521739130443,0.5384615384615383,0.625,0.17543859649122806,0.1208791208791209,0.12244897959183672,0.26845637583892623,0.5142857142857142,0.18181818181818188,0.5441176470588234,0.23684210526315785,0.1977886977886978,0.4736842105263158,0.17333333333333334,0.18181818181818182,0.04878048780487805,0.3333333333333339,0.5333333333333332,3
0.4565217391304346,0.5384615384615383,0.625,1.0,1.0,0.9387755102040816,0.28859060402684555,0.48571428571428554,0.18181818181818188,0.5441176470588234,0.9999999999999999,0.20884520884520885,0.49342105263157887,1.0,0.5454545454545454,0.21951219512195122,0.40000000000000036,0.5,3
0.5869565217391304,0.9230769230769231,0.9305555555555554,0.4473684210526315,0.17582417582417587,0.16326530612244894,0.7718120805369126,0.11428571428571421,0.7272727272727275,0.9117647058823528,0.5473684210526316,0.7027027027027027,0.6118421052631579,0.16000000000000003,0.2727272727272727,0.4634146341463415,0.3333333333333339,0.5666666666666664,1
0.28260869565217384,0.34615384615384603,0.3472222222222221,0.03508771929824561,0.03296703296703296,0.1020408163265306,0.26845637583892623,0.5428571428571427,0.18181818181818188,0.3382352941176472,0.20526315789473681,0.18181818181818182,0.38815789473684215,0.33333333333333326,0.18181818181818182,0.3902439024390244,0.10000000000000053,0.06666666666666643,0
0.3913043478260869,0.1923076923076923,0.41666666666666663,0.24122807017543857,0.20879120879120883,0.4489795918367347,0.18791946308724827,0.5999999999999999,0.09090909090909105,0.3088235294117645,0.16842105263157892,0.13759213759213762,0.11842105263157898,0.09333333333333338,0.18181818181818182,0.2682926829268293,0.5333333333333341,0.7000000000000002,3
0.43478260869565233,0.42307692307692313,0.6944444444444444,0.26754385964912275,0.19780219780219777,0.14285714285714285,0.27516778523489926,0.5142857142857142,0.18181818181818188,0.5588235294117645,0.21052631578947367,0.20147420147420148,0.20394736842105265,0.07999999999999996,0.4090909090909091,0.41463414634146345,0.6000000000000005,0.7333333333333334,3
0.28260869565217384,0.5384615384615383,0.48611111111111094,0.26315789473684204,0.23076923076923073,0.061224489795918366,0.2818791946308725,0.48571428571428554,0.18181818181818188,0.4117647058823528,0.2421052631578947,0.21130221130221133,0.5131578947368421,0.18666666666666665,0.3181818181818182,0.07317073170731708,0.40000000000000036,0.43333333333333357,0
0.36956521739130443,0.6153846153846154,0.5972222222222221,0.35964912280701755,0.17582417582417587,0.08163265306122448,0.4295302013422819,0.3142857142857143,0.36363636363636376,0.5294117647058822,0.39473684210526316,0.3476658476658476,0.7236842105263158,0.1333333333333333,0.045454545454545456,0.04878048780487805,0.43333333333333357,0.4666666666666668,2
0.5217391304347827,0.15384615384615374,0.5,0.2807017543859649,0.1428571428571429,0.1020408163265306,0.3288590604026844,0.4285714285714286,0.27272727272727293,0.19117647058823528,0.31052631578947365,0.2542997542997543,0.1578947368421052,0.16000000000000003,0.0,0.0,0.40000000000000036,0.36666666666666714,1
0.7608695652173911,0.9230769230769231,0.9166666666666665,0.3157894736842105,0.04395604395604391,0.040816326530612235,0.9664429530201342,0.0,1.0,0.7647058823529411,0.8157894736842105,0.9606879606879607,0.9802631578947368,0.3600000000000001,0.5,0.04878048780487805,0.20000000000000018,0.0,0
0.34782608695652173,0.3076923076923077,0.48611111111111094,0.25,0.20879120879120883,0.040816326530612235,0.27516778523489926,0.48571428571428554,0.18181818181818188,0.2647058823529411,0.23684210526315785,0.20638820638820637,0.2763157894736842,0.16000000000000003,0.09090909090909091,0.0,0.40000000000000036,0.4666666666666668,0
0.5434782608695654,0.1923076923076923,0.41666666666666663,0.35526315789473684,0.23076923076923073,0.061224489795918366,0.34899328859060397,0.37142857142857144,0.27272727272727293,0.2647058823529411,0.31052631578947365,0.28132678132678135,0.11184210526315785,0.14666666666666672,0.13636363636363635,0.41463414634146345,0.8000000000000007,0.7333333333333334,0
0.30434782608695654,0.34615384615384603,0.33333333333333326,0.19736842105263153,0.18681318681318682,0.14285714285714285,0.14093959731543615,0.6857142857142857,0.09090909090909105,0.3382352941176472,0.14210526315789473,0.09950859950859953,0.3092105263157895,0.09333333333333338,0.3181818181818182,0.0,0.5666666666666673,0.666666666666667,3
0.7391304347826089,0.7692307692307694,0.9444444444444444,0.4736842105263157,0.18681318681318682,0.18367346938775508,0.6308724832214765,0.17142857142857137,0.5454545454545454,0.6617647058823528,0.4526315789473684,0.5442260442260443,0.5921052631578948,0.06666666666666665,0.9545454545454546,0.5365853658536586,0.6000000000000005,0.7999999999999998,2
0.26086956521739135,0.15384615384615374,0.5555555555555556,0.23245614035087714,0.13186813186813184,0.1020408163265306,0.27516778523489926,0.5142857142857142,0.18181818181818188,0.11764705882352944,0.2578947368421052,0.20147420147420148,0.1578947368421052,0.12,0.2727272727272727,0.5121951219512195,0.5,0.5333333333333332,1
0.6086956521739131,0.7307692307692306,0.9027777777777777,0.25,0.06593406593406592,0.14285714285714285,0.6711409395973154,0.1428571428571428,0.6363636363636362,0.6617647058823528,0.5052631578947367,0.5958230958230958,0.6052631578947368,0.18666666666666665,0.5454545454545454,0.2682926829268293,0.3333333333333339,0.43333333333333357,1
0.5,0.23076923076923062,0.5138888888888888,0.24122807017543857,0.1648351648351648,0.1020408163265306,0.18791946308724827,0.5999999999999999,0.09090909090909105,0.47058823529411775,0.16315789473684206,0.13513513513513514,0.07894736842105265,0.026666666666666727,0.6818181818181819,0.07317073170731708,0.8333333333333339,0.9000000000000004,3
0.652173913043478,0.5769230769230769,0.8472222222222221,0.4342105263157894,0.1648351648351648,0.18367346938775508,0.5906040268456376,0.19999999999999996,0.5454545454545454,0.5882352941176472,0.4473684210526315,0.504914004914005,0.3421052631578948,0.07999999999999996,0.36363636363636365,0.5365853658536586,0.5333333333333341,0.7000000000000002,1
0.32608695652173925,0.26923076923076916,0.45833333333333326,0.29824561403508765,0.23076923076923073,0.08163265306122448,0.2550335570469797,0.5142857142857142,0.18181818181818188,0.27941176470588225,0.231578947368421,0.1928746928746929,0.256578947368421,0.12,0.09090909090909091,0.4878048780487805,0.666666666666667,0.6333333333333337,0
0.15217391304347827,0.1923076923076923,0.33333333333333326,0.10964912280701755,0.13186813186813184,0.1020408163265306,0.1476510067114094,0.7142857142857142,0.09090909090909105,0.11764705882352944,0.11578947368421044,0.09213759213759215,0.15131578947368418,0.21333333333333337,0.045454545454545456,0.5609756097560976,0.10000000000000053,0.2333333333333334,1
0.3913043478260869,0.1923076923076923,0.48611111111111094,0.13596491228070173,0.06593406593406592,0.061224489795918366,0.21476510067114085,0.5999999999999999,0.18181818181818188,0.19117647058823528,0.1842105263157895,0.14864864864864868,0.24342105263157898,0.12,0.045454545454545456,0.17073170731707318,0.3333333333333339,0.33333333333333304,2
0.28260869565217384,0.46153846153846145,0.43055555555555547,0.2192982456140351,0.20879120879120883,0.08163265306122448,0.22818791946308725,0.5428571428571427,0.18181818181818188,0.38235294117647056,0.1947368421052631,0.16953316953316955,0.42105263157894746,0.16000000000000003,0.2272727272727273,0.14634146341463417,0.43333333333333357,0.5,0
0.28260869565217384,0.1923076923076923,0.6388888888888888,0.3070175438596491,0.1428571428571429,0.12244897959183672,0.38926174496644284,0.37142857142857144,0.36363636363636376,0.23529411764705865,0.32105263157894737,0.3058968058968059,0.17105263157894735,0.10666666666666669,0.045454545454545456,0.6829268292682927,0.5,0.5999999999999996,2
0.34782608695652173,0.46153846153846145,0.5138888888888888,0.36403508771929816,0.18681318681318682,0.12244897959183672,0.3288590604026844,0.4285714285714286,0.27272727272727293,0.4852941176470589,0.3157894736842105,0.25307125307125306,0.4078947368421052,0.07999999999999996,0.18181818181818182,0.04878048780487805,0.6000000000000005,0.666666666666667,2
0.10869565217391308,0.1153846153846152,0.15277777777777768,0.04824561403508776,0.09890109890109888,0.020408163265306117,0.05369127516778516,0.8857142857142857,0.0,0.08823529411764697,0.02631578947368418,0.030712530712530717,0.15131578947368418,0.32000000000000006,0.045454545454545456,0.29268292682926833,0.0333333333333341,0.09999999999999964,1
0.15217391304347827,0.3846153846153846,0.43055555555555547,0.12280701754385959,0.1428571428571429,0.08163265306122448,0.2550335570469797,0.5428571428571427,0.18181818181818188,0.4117647058823528,0.21052631578947367,0.17936117936117935,0.42105263157894746,0.28,0.2727272727272727,0.36585365853658536,0.13333333333333375,0.09999999999999964,0
0.32608695652173925,0.1153846153846152,0.5277777777777777,0.24122807017543857,0.1648351648351648,0.061224489795918366,0.18791946308724827,0.6285714285714286,0.09090909090909105,0.07352941176470584,0.16315789473684206,0.12653562653562656,0.11184210526315785,0.07999999999999996,0.18181818181818182,0.8536585365853658,0.6000000000000005,0.7000000000000002,1
0.26086956521739135,0.46153846153846145,0.5833333333333333,0.12280701754385959,0.09890109890109888,0.16326530612244894,0.31543624161073813,0.48571428571428554,0.27272727272727293,0.5588235294117645,0.21052631578947367,0.2186732186732187,0.4013157894736842,0.21333333333333337,0.4545454545454546,0.5121951219512195,0.2333333333333334,0.40000000000000036,3
0.6086956521739131,0.7692307692307694,0.9444444444444444,0.3464912280701754,0.07692307692307687,0.18367346938775508,0.6979865771812079,0.1428571428571428,0.6363636363636362,0.7941176470588234,0.4736842105263158,0.6154791154791155,0.49342105263157887,0.10666666666666669,0.18181818181818182,0.5853658536585367,0.4666666666666668,0.666666666666667,1
0.34782608695652173,0.42307692307692313,0.41666666666666663,0.23245614035087714,0.18681318681318682,0.061224489795918366,0.19463087248322142,0.5999999999999999,0.09090909090909105,0.36764705882352944,0.17894736842105263,0.1412776412776413,0.4013157894736842,0.07999999999999996,0.4090909090909091,0.2682926829268293,0.5666666666666673,0.5999999999999996,0
0.5,0.1153846153846152,0.4722222222222221,0.3421052631578947,0.25274725274725274,0.061224489795918366,0.24832214765100669,0.48571428571428554,0.18181818181818188,0.13235294117647056,0.25263157894736843,0.1928746928746929,0.09868421052631582,0.12,0.0,0.41463414634146345,0.8333333333333339,0.7999999999999998,0
0.30434782608695654,0.3846153846153846,0.41666666666666663,0.2807017543859649,0.27472527472527475,0.08163265306122448,0.26845637583892623,0.5142857142857142,0.18181818181818188,0.3970588235294117,0.24736842105263157,0.1928746928746929,0.38815789473684215,0.21333333333333337,0.2727272727272727,0.29268292682926833,0.2666666666666666,0.20000000000000018,0
0.43478260869565233,0.038461538461538325,0.4444444444444444,0.17105263157894735,0.09890109890109888,0.061224489795918366,0.14093959731543615,0.6857142857142857,0.09090909090909105,0.07352941176470584,0.1473684210526316,0.09705159705159705,0.08552631578947367,0.040000000000000036,0.2272727272727273,0.4878048780487805,0.8000000000000007,0.833333333333333,2
0.5,0.23076923076923062,0.2499999999999999,0.05263157894736836,0.04395604395604391,0.061224489795918366,0.14093959731543615,0.7428571428571429,0.09090909090909105,0.3088235294117645,0.12631578947368416,0.08722358722358725,0.25,0.3466666666666667,0.2727272727272727,0.0,0.16666666666666696,0.033333333333333215,3
0.5434782608695654,0.5769230769230769,0.8472222222222221,0.39473684210526316,0.15384615384615385,0.16326530612244894,0.6375838926174495,0.1428571428571428,0.5454545454545454,0.5,0.5105263157894736,0.5724815724815725,0.5328947368421052,0.14666666666666672,0.2272727272727273,0.17073170731707318,0.43333333333333357,0.5,1
0.36956521739130443,0.038461538461538325,0.36111111111111105,0.23245614035087714,0.13186813186813184,0.08163265306122448,0.18791946308724827,0.5999999999999999,0.09090909090909105,0.08823529411764697,0.1842105263157895,0.14004914004914004,0.03289473684210531,0.013333333333333308,0.045454545454545456,0.07317073170731708,0.8333333333333339,0.8666666666666663,2
0.26086956521739135,0.46153846153846145,0.41666666666666663,0.06578947368421051,0.07692307692307687,0.08163265306122448,0.24832214765100669,0.5428571428571427,0.18181818181818188,0.3970588235294117,0.20526315789473681,0.17444717444717445,0.48684210526315785,0.28,0.36363636363636365,0.0975609756097561,0.16666666666666696,0.09999999999999964,0
0.3913043478260869,0.3076923076923077,0.7361111111111109,0.4035087719298245,0.19780219780219777,0.12244897959183672,0.4765100671140938,0.2857142857142856,0.36363636363636376,0.27941176470588225,0.3789473684210526,0.39312039312039315,0.26973684210526316,0.07999999999999996,0.5,0.5853658536585367,0.5666666666666673,0.6333333333333337,1
0.34782608695652173,0.1153846153846152,0.4027777777777777,0.16228070175438591,0.10989010989010983,0.08163265306122448,0.15436241610738255,0.6857142857142857,0.09090909090909105,0.11764705882352944,0.12631578947368416,0.10073710073710074,0.10526315789473684,0.07999999999999996,0.13636363636363635,0.8780487804878049,0.5666666666666673,0.7333333333333334,1
0.7173913043478262,0.7692307692307694,0.8055555555555554,0.4298245614035088,0.17582417582417587,0.16326530612244894,0.7248322147651005,0.11428571428571421,0.7272727272727275,0.7205882352941178,0.5157894736842105,0.6461916461916462,0.6710526315789472,0.14666666666666672,0.4545454545454546,0.5853658536585367,0.40000000000000036,0.5333333333333332,1
0.28260869565217384,0.1923076923076923,0.6805555555555554,0.3114035087719298,0.13186813186813184,0.12244897959183672,0.3825503355704698,0.37142857142857144,0.27272727272727293,0.2058823529411764,0.3157894736842105,0.2997542997542998,0.23684210526315785,0.09333333333333338,0.3181818181818182,0.8048780487804879,0.5666666666666673,0.7000000000000002,1
0.847826086956522,0.6538461538461537,0.8888888888888888,0.4035087719298245,0.1208791208791209,0.16326530612244894,0.6442953020134228,0.17142857142857137,0.6363636363636362,0.6029411764705883,0.48947368421052617,0.558968058968059,0.48684210526315785,0.09333333333333338,0.6818181818181819,0.5365853658536586,0.5,0.7000000000000002,2
0.23913043478260865,0.15384615384615374,0.41666666666666663,0.17543859649122806,0.1648351648351648,0.12244897959183672,0.1610738255033557,0.6285714285714286,0.09090909090909105,0.23529411764705865,0.15263157894736834,0.11793611793611797,0.1842105263157895,0.10666666666666669,0.5,0.21951219512195122,0.6000000000000005,0.7000000000000002,3
0.6739130434782608,0.7692307692307694,0.9444444444444444,0.4429824561403508,0.15384615384615385,0.16326530612244894,0.7046979865771812,0.1428571428571428,0.6363636363636362,0.7352941176470589,0.5052631578947367,0.6265356265356266,0.6381578947368421,0.09333333333333338,0.0,0.21951219512195122,0.40000000000000036,0.666666666666667,2
0.5652173913043477,0.5384615384615383,0.7083333333333333,0.5307017543859649,0.29670329670329676,0.040816326530612235,0.6040268456375839,0.17142857142857137,0.5454545454545454,0.44117647058823506,0.5473684210526316,0.5466830466830467,0.48684210526315785,0.2533333333333334,0.18181818181818182,0.2682926829268293,0.5333333333333341,0.33333333333333304,0
0.23913043478260865,0.1923076923076923,0.5972222222222221,0.1578947368421052,0.07692307692307687,0.08163265306122448,0.24832214765100669,0.5428571428571427,0.18181818181818188,0.2058823529411764,0.24736842105263157,0.17567567567567566,0.24342105263157898,0.18666666666666665,0.2727272727272727,0.7073170731707318,0.3000000000000007,0.33333333333333304,2
0.26086956521739135,0.34615384615384603,0.41666666666666663,0.10964912280701755,0.09890109890109888,0.08163265306122448,0.2550335570469797,0.5428571428571427,0.18181818181818188,0.3970588235294117,0.24736842105263157,0.17690417690417692,0.39473684210526316,0.29333333333333345,0.4545454545454546,0.34146341463414637,0.16666666666666696,0.13333333333333375,0
0.6739130434782608,0.6923076923076923,0.9027777777777777,0.2763157894736842,0.07692307692307687,0.14285714285714285,0.6442953020134228,0.17142857142857137,0.6363636363636362,0.6470588235294117,0.4736842105263158,0.5614250614250614,0.7171052631578948,0.16000000000000003,0.4090909090909091,0.4878048780487805,0.36666666666666714,0.5333333333333332,2
0.26086956521739135,0.15384615384615374,0.38888888888888884,0.17543859649122806,0.1428571428571429,0.061224489795918366,0.12080536912751672,0.7142857142857142,0.09090909090909105,0.17647058823529393,0.10526315789473684,0.08476658476658477,0.05921052631578949,0.06666666666666665,0.13636363636363635,0.34146341463414637,0.6333333333333337,0.7333333333333334,3
0.43478260869565233,0.34615384615384603,0.33333333333333326,0.07894736842105265,0.04395604395604391,0.08163265306122448,0.15436241610738255,0.7142857142857142,0.09090909090909105,0.38235294117647056,0.17894736842105263,0.09582309582309584,0.2828947368421052,0.24,0.7272727272727273,0.29268292682926833,0.3000000000000007,0.13333333333333375,3
0.23913043478260865,0.26923076923076916,0.43055555555555547,0.11403508771929827,0.08791208791208793,0.08163265306122448,0.2550335570469797,0.5428571428571427,0.18181818181818188,0.23529411764705865,0.1947368421052631,0.17936117936117935,0.3486842105263158,0.2666666666666666,0.5454545454545454,0.024390243902439025,0.13333333333333375,0.16666666666666696,1
0.3913043478260869,0.6153846153846154,0.6388888888888888,0.39473684210526316,0.17582417582417587,0.1020408163265306,0.43624161073825496,0.3142857142857143,0.36363636363636376,0.5588235294117645,0.38421052631578945,0.355036855036855,0.5855263157894736,0.09333333333333338,0.3181818181818182,0.12195121951219512,0.5333333333333341,0.5666666666666664,1
0.5434782608695654,0.5384615384615383,0.9583333333333333,0.42543859649122806,0.13186813186813184,0.16326530612244894,0.5838926174496644,0.22857142857142854,0.5454545454545454,0.5294117647058822,0.4052631578947369,0.4938574938574939,0.3486842105263158,0.013333333333333308,0.045454545454545456,0.8048780487804879,0.6000000000000005,0.9000000000000004,2
0.6086956521739131,0.6923076923076923,0.8055555555555554,0.39035087719298245,0.1428571428571429,0.14285714285714285,0.5570469798657718,0.22857142857142854,0.4545454545454546,0.6323529411764706,0.46842105263157896,0.4766584766584766,0.7039473684210525,0.09333333333333338,0.0,0.24390243902439024,0.5333333333333341,0.666666666666667,2
0.36956521739130443,0.5384615384615383,0.45833333333333326,0.13596491228070173,0.1208791208791209,0.16326530612244894,0.3288590604026844,0.4571428571428571,0.27272727272727293,0.5147058823529411,0.22105263157894728,0.23587223587223588,0.48026315789473684,0.2266666666666668,0.5,0.1951219512195122,0.2333333333333334,0.33333333333333304,3
0.3913043478260869,0.1153846153846152,0.2777777777777777,0.09210526315789469,0.09890109890109888,0.061224489795918366,0.04697986577181201,0.857142857142857,0.0,0.17647058823529393,0.047368421052631504,0.033169533169533194,0.03947368421052633,0.09333333333333338,0.2727272727272727,0.34146341463414637,0.5333333333333341,0.5666666666666664,3
0.5652173913043477,0.6538461538461537,0.6666666666666665,0.4342105263157894,0.18681318681318682,0.14285714285714285,0.4899328859060401,0.2571428571428571,0.4545454545454546,0.6029411764705883,0.4157894736842104,0.40909090909090906,0.5328947368421052,0.07999999999999996,0.5454545454545454,0.2682926829268293,0.6000000000000005,0.666666666666667,1
0.6304347826086958,0.7692307692307694,0.8472222222222221,0.5833333333333333,0.27472527472527475,0.020408163265306117,0.8456375838926173,0.05714285714285705,0.8181818181818183,0.6617647058823528,0.7210526315789473,0.8108108108108109,0.8552631578947368,0.33333333333333326,0.3181818181818182,0.5365853658536586,0.2666666666666666,0.09999999999999964,0
0.34782608695652173,0.5,0.4722222222222221,0.13157894736842102,0.13186813186813184,0.12244897959183672,0.30201342281879184,0.5142857142857142,0.27272727272727293,0.5882352941176472,0.21052631578947367,0.21130221130221133,0.4276315789473685,0.2533333333333334,0.5454545454545454,0.07317073170731708,0.2666666666666666,0.33333333333333304,3
0.6086956521739131,0.7307692307692306,0.8472222222222221,0.4035087719298245,0.1648351648351648,0.12244897959183672,0.5100671140939597,0.2571428571428571,0.4545454545454546,0.6470588235294117,0.41052631578947374,0.4213759213759214,0.5986842105263158,0.09333333333333338,0.6363636363636364,0.36585365853658536,0.5666666666666673,0.7000000000000002,2
0.4782608695652173,0.9230769230769231,0.8888888888888888,0.5394736842105263,0.29670329670329676,0.14285714285714285,0.6711409395973154,0.1428571428571428,0.6363636363636362,0.8382352941176472,0.49473684210526303,0.597051597051597,0.7302631578947368,0.18666666666666665,0.0,0.0975609756097561,0.3333333333333339,0.40000000000000036,1
0.6086956521739131,0.7692307692307694,0.7083333333333333,0.39035087719298245,0.19780219780219777,0.061224489795918366,0.6174496644295302,0.17142857142857137,0.5454545454545454,0.6323529411764706,0.531578947368421,0.5552825552825553,0.6710526315789472,0.24,0.2272727272727273,0.34146341463414637,0.5333333333333341,0.36666666666666714,0
0.3913043478260869,0.23076923076923062,0.5833333333333333,0.25877192982456143,0.23076923076923073,0.14285714285714285,0.2080536912751677,0.5714285714285714,0.18181818181818188,0.27941176470588225,0.17894736842105263,0.15233415233415232,0.3026315789473685,0.10666666666666669,0.5909090909090909,0.21951219512195122,0.5,0.666666666666667,3
0.3913043478260869,0.5,0.48611111111111094,0.3508771929824561,0.3076923076923077,0.08163265306122448,0.2818791946308725,0.4571428571428571,0.18181818181818188,0.42647058823529393,0.25263157894736843,0.2186732186732187,0.5263157894736842,0.16000000000000003,0.36363636363636365,0.1951219512195122,0.5333333333333341,0.5999999999999996,0
0.4565217391304346,0.15384615384615374,0.4722222222222221,0.2807017543859649,0.13186813186813184,0.08163265306122448,0.3355704697986577,0.4285714285714286,0.27272727272727293,0.22058823529411753,0.25263157894736843,0.257985257985258,0.11842105263157898,0.040000000000000036,0.2727272727272727,0.14634146341463417,0.7333333333333334,0.7666666666666666,1
0.4130434782608696,0.1923076923076923,0.4722222222222221,0.3201754385964912,0.1648351648351648,0.12244897959183672,0.3288590604026844,0.4285714285714286,0.27272727272727293,0.25,0.2684210526315789,0.25061425061425063,0.13157894736842102,0.040000000000000036,0.3181818181818182,0.7073170731707318,0.7000000000000002,0.833333333333333,1
0.4782608695652173,0.3846153846153846,0.43055555555555547,0.23684210526315785,0.18681318681318682,0.061224489795918366,0.221476510067114,0.5428571428571427,0.18181818181818188,0.3382352941176472,0.20526315789473681,0.16953316953316955,0.38815789473684215,0.09333333333333338,0.36363636363636365,0.0975609756097561,0.6333333333333337,0.6333333333333337,0
0.7173913043478262,0.7307692307692306,0.8472222222222221,0.4736842105263157,0.18681318681318682,0.16326530612244894,0.5973154362416107,0.19999999999999996,0.5454545454545454,0.5882352941176472,0.44210526315789467,0.5196560196560197,0.6052631578947368,0.06666666666666665,0.09090909090909091,0.0975609756097561,0.5333333333333341,0.7666666666666666,2
0.17391304347826098,0.3846153846153846,0.38888888888888884,0.14912280701754388,0.1648351648351648,0.08163265306122448,0.24832214765100669,0.5714285714285714,0.18181818181818188,0.3970588235294117,0.22105263157894728,0.17076167076167076,0.38815789473684215,0.30666666666666664,0.045454545454545456,0.34146341463414637,0.13333333333333375,0.09999999999999964,0
0.4130434782608696,0.3846153846153846,0.41666666666666663,0.08333333333333326,0.05494505494505497,0.061224489795918366,0.18120805369127513,0.657142857142857,0.09090909090909105,0.38235294117647056,0.17894736842105263,0.12039312039312039,0.39473684210526316,0.2533333333333334,0.18181818181818182,0.3902439024390244,0.2333333333333334,0.13333333333333375,3
0.21739130434782616,0.46153846153846145,0.45833333333333326,0.24561403508771928,0.23076923076923073,0.1020408163265306,0.20134228187919456,0.5714285714285714,0.09090909090909105,0.38235294117647056,0.20526315789473681,0.14864864864864868,0.4407894736842105,0.14666666666666672,0.4545454545454546,0.07317073170731708,0.5,0.5999999999999996,3
0.652173913043478,0.9230769230769231,0.9027777777777777,0.5087719298245613,0.2417582417582418,0.16326530612244894,0.7114093959731542,0.11428571428571421,0.6363636363636362,0.8088235294117645,0.5052631578947367,0.6412776412776413,0.9078947368421052,0.17333333333333334,0.4545454545454546,0.04878048780487805,0.36666666666666714,0.4666666666666668,1
0.5434782608695654,0.34615384615384603,0.6944444444444444,0.381578947368421,0.15384615384615385,0.12244897959183672,0.4429530201342282,0.3142857142857143,0.36363636363636376,0.38235294117647056,0.31052631578947365,0.36363636363636365,0.17105263157894735,0.013333333333333308,0.13636363636363635,0.1951219512195122,0.7666666666666666,0.9000000000000004,2
0.36956521739130443,0.3076923076923077,0.30555555555555547,0.1842105263157895,0.1428571428571429,0.061224489795918366,0.10738255033557043,0.7428571428571429,0.09090909090909105,0.3382352941176472,0.09999999999999998,0.07616707616707619,0.29605263157894746,0.013333333333333308,0.5909090909090909,0.0975609756097561,0.8333333333333339,0.9000000000000004,3
0.7173913043478262,0.7307692307692306,0.9305555555555554,0.4649122807017544,0.1648351648351648,0.1020408163265306,0.5906040268456376,0.19999999999999996,0.5454545454545454,0.6323529411764706,0.4631578947368421,0.5135135135135135,0.5789473684210525,0.09333333333333338,0.4090909090909091,0.41463414634146345,0.6000000000000005,0.666666666666667,1
0.5217391304347827,0.5384615384615383,0.5694444444444444,0.3421052631578947,0.18681318681318682,0.1020408163265306,0.37583892617449655,0.37142857142857144,0.27272727272727293,0.47058823529411775,0.3315789473684211,0.29729729729729726,0.46052631578947356,0.1333333333333333,0.5,0.04878048780487805,0.5333333333333341,0.5666666666666664,1
0.26086956521739135,0.26923076923076916,0.36111111111111105,0.07017543859649122,0.05494505494505497,0.020408163265306117,0.26845637583892623,0.5142857142857142,0.18181818181818188,0.22058823529411753,0.21052631578947367,0.19164619164619168,0.33552631578947356,0.3600000000000001,0.5909090909090909,0.07317073170731708,0.13333333333333375,0.06666666666666643,1
0.5869565217391304,0.6153846153846154,0.5555555555555556,0.4429824561403508,0.25274725274725274,0.061224489795918366,0.4765100671140938,0.2571428571428571,0.36363636363636376,0.5588235294117645,0.4,0.40909090909090906,0.5657894736842105,0.17333333333333334,0.13636363636363635,0.3170731707317073,0.7333333333333334,0.5999999999999996,0
0.19565217391304346,0.3846153846153846,0.43055555555555547,0.2149122807017544,0.23076923076923073,0.08163265306122448,0.2550335570469797,0.5428571428571427,0.18181818181818188,0.36764705882352944,0.21578947368421053,0.17936117936117935,0.4013157894736842,0.24,0.3181818181818182,0.2682926829268293,0.16666666666666696,0.16666666666666696,0
0.10869565217391308,0.3846153846153846,0.41666666666666663,0.1842105263157895,0.19780219780219777,0.1020408163265306,0.2348993288590604,0.5714285714285714,0.18181818181818188,0.3970588235294117,0.20526315789473681,0.16584766584766586,0.36842105263157887,0.2266666666666668,0.045454545454545456,0.29268292682926833,0.16666666666666696,0.16666666666666696,0
0.5,0.8076923076923077,0.8888888888888888,0.3070175438596491,0.1208791208791209,0.14285714285714285,0.6912751677852349,0.1428571428571428,0.6363636363636362,0.8382352941176472,0.4789473684210527,0.6117936117936118,0.7236842105263158,0.19999999999999996,0.5909090909090909,0.5609756097560976,0.3333333333333339,0.43333333333333357,1
0.6956521739130435,0.6923076923076923,0.9444444444444444,0.42105263157894735,0.1648351648351648,0.16326530612244894,0.7248322147651005,0.11428571428571421,0.7272727272727275,0.6617647058823528,0.5368421052631579,0.6474201474201474,0.5921052631578948,0.16000000000000003,0.5454545454545454,0.3902439024390244,0.43333333333333357,0.6333333333333337,2
0.4130434782608696,0.26923076923076916,0.30555555555555547,0.17105263157894735,0.13186813186813184,0.1020408163265306,0.10067114093959728,0.7428571428571429,0.0,0.3088235294117645,0.09999999999999998,0.07002457002457002,0.25,0.026666666666666727,0.5909090909090909,0.024390243902439025,0.9333333333333336,0.9666666666666668,3
0.3913043478260869,0.42307692307692313,0.36111111111111105,0.20175438596491224,0.17582417582417587,0.08163265306122448,0.16778523489932884,0.6285714285714286,0.09090909090909105,0.4117647058823528,0.18947368421052624,0.11793611793611797,0.36184210526315785,0.16000000000000003,0.045454545454545456,0.21951219512195122,0.40000000000000036,0.43333333333333357,3
0.6739130434782608,0.846153846153846,0.9583333333333333,0.5482456140350878,0.21978021978021978,0.18367346938775508,0.7114093959731542,0.11428571428571421,0.6363636363636362,0.8235294117647056,0.5263157894736842,0.6412776412776413,0.7499999999999999,0.09333333333333338,0.36363636363636365,0.5365853658536586,0.5,0.7000000000000002,1
0.6956521739130435,0.6538461538461537,0.7361111111111109,0.29824561403508765,0.07692307692307687,0.020408163265306117,0.738255033557047,0.11428571428571421,0.7272727272727275,0.6029411764705883,0.6526315789473683,0.6769041769041769,0.6184210526315789,0.30666666666666664,0.18181818181818182,0.29268292682926833,0.3333333333333339,0.09999999999999964,0
0.7391304347826089,0.8846153846153848,0.9027777777777777,0.42543859649122806,0.15384615384615385,0.16326530612244894,0.7315436241610738,0.11428571428571421,0.7272727272727275,0.8970588235294117,0.5473684210526316,0.6646191646191646,0.6578947368421052,0.16000000000000003,0.6818181818181819,0.024390243902439025,0.43333333333333357,0.5,1
0.19565217391304346,0.26923076923076916,0.45833333333333326,0.1578947368421052,0.10989010989010983,0.1020408163265306,0.27516778523489926,0.5142857142857142,0.18181818181818188,0.22058823529411753,0.22631578947368414,0.1941031941031941,0.26973684210526316,0.19999999999999996,0.5,0.21951219512195122,0.16666666666666696,0.20000000000000018,1
0.5217391304347827,0.846153846153846,0.8888888888888888,0.5,0.2637362637362638,0.12244897959183672,0.6644295302013423,0.17142857142857137,0.6363636363636362,0.7794117647058822,0.48421052631578954,0.5823095823095823,0.7302631578947368,0.18666666666666665,0.045454545454545456,0.5853658536585367,0.3333333333333339,0.5,2
0.6086956521739131,0.846153846153846,0.8472222222222221,0.3421052631578947,0.10989010989010983,0.20408163265306117,0.7583892617449663,0.11428571428571421,0.7272727272727275,0.8676470588235294,0.4999999999999999,0.6842751842751843,0.6052631578947368,0.14666666666666672,0.2272727272727273,0.24390243902439024,0.3333333333333339,0.5666666666666664,1
0.34782608695652173,0.5,0.5277777777777777,0.19736842105263153,0.17582417582417587,0.16326530612244894,0.3221476510067114,0.48571428571428554,0.27272727272727293,0.6176470588235294,0.21052631578947367,0.22481572481572482,0.42105263157894746,0.17333333333333334,0.2272727272727273,0.21951219512195122,0.3000000000000007,0.43333333333333357,3
0.4565217391304346,0.46153846153846145,0.6805555555555554,0.4736842105263157,0.2637362637362638,0.040816326530612235,0.49664429530201337,0.2571428571428571,0.4545454545454546,0.3970588235294117,0.3894736842105263,0.42874692874692877,0.46052631578947356,0.14666666666666672,0.18181818181818182,0.3170731707317073,0.6333333333333337,0.5666666666666664,0
0.28260869565217384,0.34615384615384603,0.33333333333333326,0.07456140350877194,0.07692307692307687,0.061224489795918366,0.24161073825503354,0.5714285714285714,0.18181818181818188,0.36764705882352944,0.21052631578947367,0.16584766584766586,0.38815789473684215,0.3600000000000001,0.045454545454545456,0.07317073170731708,0.10000000000000053,0.033333333333333215,0
0.6739130434782608,0.846153846153846,0.8333333333333333,0.42105263157894735,0.20879120879120883,0.14285714285714285,0.6845637583892616,0.1428571428571428,0.6363636363636362,0.8088235294117645,0.49473684210526303,0.6093366093366094,0.7171052631578948,0.18666666666666665,0.045454545454545456,0.024390243902439025,0.3000000000000007,0.43333333333333357,2
0.6739130434782608,0.8076923076923077,0.7083333333333333,0.45614035087719296,0.21978021978021978,0.16326530612244894,0.7114093959731542,0.1428571428571428,0.6363636363636362,0.7647058823529411,0.48947368421052617,0.6302211302211302,0.5526315789473685,0.18666666666666665,0.18181818181818182,0.5121951219512195,0.36666666666666714,0.5,1
0.4565217391304346,0.5,0.5416666666666665,0.33333333333333326,0.1648351648351648,0.1020408163265306,0.3691275167785235,0.3999999999999999,0.27272727272727293,0.44117647058823506,0.3157894736842105,0.28746928746928746,0.5328947368421052,0.09333333333333338,0.5454545454545454,0.36585365853658536,0.5,0.5666666666666664,1
0.28260869565217384,0.1923076923076923,0.5,0.16666666666666663,0.13186813186813184,0.1020408163265306,0.20134228187919456,0.5999999999999999,0.09090909090909105,0.19117647058823528,0.1947368421052631,0.14373464373464373,0.17105263157894735,0.14666666666666672,0.2272727272727273,0.24390243902439024,0.43333333333333357,0.5,3
0.36956521739130443,0.5769230769230769,0.5277777777777777,0.16666666666666663,0.1428571428571429,0.16326530612244894,0.3288590604026844,0.48571428571428554,0.27272727272727293,0.6029411764705883,0.22105263157894728,0.2334152334152334,0.48684210526315785,0.19999999999999996,0.09090909090909091,0.04878048780487805,0.2666666666666666,0.40000000000000036,3
0.21739130434782616,0.5,0.43055555555555547,0.2236842105263157,0.25274725274725274,0.061224489795918366,0.261744966442953,0.5142857142857142,0.18181818181818188,0.42647058823529393,0.231578947368421,0.1891891891891892,0.5657894736842105,0.2666666666666666,0.13636363636363635,0.2682926829268293,0.16666666666666696,0.16666666666666696,0
0.6739130434782608,0.9230769230769231,0.875,0.513157894736842,0.27472527472527475,0.18367346938775508,0.7315436241610738,0.11428571428571421,0.7272727272727275,0.8676470588235294,0.48947368421052617,0.6560196560196561,0.6973684210526315,0.16000000000000003,0.5,0.29268292682926833,0.3333333333333339,0.4666666666666668,1
0.43478260869565233,0.46153846153846145,0.5694444444444444,0.3157894736842105,0.18681318681318682,0.08163265306122448,0.3221476510067114,0.4285714285714286,0.27272727272727293,0.42647058823529393,0.26315789473684204,0.24447174447174447,0.4999999999999999,0.1333333333333333,0.5,0.2682926829268293,0.5333333333333341,0.5999999999999996,2
0.19565217391304346,0.23076923076923062,0.6388888888888888,0.15350877192982448,0.07692307692307687,0.08163265306122448,0.27516778523489926,0.5428571428571427,0.18181818181818188,0.23529411764705865,0.231578947368421,0.1891891891891892,0.17763157894736836,0.14666666666666672,0.5,0.43902439024390244,0.2333333333333334,0.2666666666666666,1
0.6304347826086958,0.6923076923076923,0.9444444444444444,0.38596491228070173,0.10989010989010983,0.14285714285714285,0.6711409395973154,0.1428571428571428,0.6363636363636362,0.6470588235294117,0.46842105263157896,0.5884520884520884,0.4736842105263158,0.07999999999999996,0.3181818181818182,0.5121951219512195,0.5,0.666666666666667,1
0.7608695652173911,0.8076923076923077,0.9583333333333333,0.36842105263157887,0.10989010989010983,0.16326530612244894,0.7248322147651005,0.1428571428571428,0.7272727272727275,0.8235294117647056,0.5210526315789473,0.644963144963145,0.6710526315789472,0.1333333333333333,0.5454545454545454,0.5609756097560976,0.43333333333333357,0.666666666666667,2
0.5217391304347827,0.46153846153846145,0.5,0.3070175438596491,0.1428571428571429,0.12244897959183672,0.30201342281879184,0.4571428571428571,0.27272727272727293,0.4558823529411762,0.26315789473684204,0.2285012285012285,0.3749999999999999,0.040000000000000036,0.7272727272727273,0.29268292682926833,0.7333333333333334,0.833333333333333,2
0.26086956521739135,0.3846153846153846,0.36111111111111105,0.10964912280701755,0.10989010989010983,0.061224489795918366,0.261744966442953,0.5428571428571427,0.18181818181818188,0.36764705882352944,0.22631578947368414,0.18304668304668303,0.36842105263157887,0.3466666666666667,0.18181818181818182,0.21951219512195122,0.13333333333333375,0.06666666666666643,0
0.6304347826086958,0.8076923076923077,0.8055555555555554,0.3157894736842105,0.09890109890109888,0.14285714285714285,0.7181208053691275,0.1428571428571428,0.7272727272727275,0.7794117647058822,0.46842105263157896,0.6412776412776413,0.7302631578947368,0.16000000000000003,0.2272727272727273,0.41463414634146345,0.3333333333333339,0.5,1
0.7173913043478262,0.8076923076923077,0.9027777777777777,0.25877192982456143,0.01098901098901095,0.040816326530612235,0.9060402684563758,0.02857142857142847,0.9090909090909092,0.6911764705882351,0.731578947368421,0.8685503685503685,0.8618421052631579,0.32000000000000006,0.5454545454545454,0.024390243902439025,0.16666666666666696,0.033333333333333215,0
0.4565217391304346,0.46153846153846145,0.4444444444444444,0.32456140350877194,0.2417582417582418,0.061224489795918366,0.2953020134228188,0.4285714285714286,0.18181818181818188,0.38235294117647056,0.2684210526315789,0.2321867321867322,0.5197368421052632,0.12,0.2272727272727273,0.12195121951219512,0.5666666666666673,0.5666666666666664,0
0.7173913043478262,0.846153846153846,0.8055555555555554,0.5219298245614035,0.23076923076923073,0.16326530612244894,0.6912751677852349,0.1428571428571428,0.6363636363636362,0.7647058823529411,0.48421052631578954,0.6081081081081081,0.6710526315789472,0.10666666666666669,0.09090909090909091,0.7073170731707318,0.43333333333333357,0.666666666666667,1
0.4565217391304346,0.3846153846153846,0.5833333333333333,0.13596491228070173,0.07692307692307687,0.14285714285714285,0.28859060402684555,0.48571428571428554,0.18181818181818188,0.4558823529411762,0.2421052631578947,0.21498771498771502,0.3223684210526315,0.18666666666666665,0.045454545454545456,0.14634146341463417,0.3333333333333339,0.5333333333333332,3
0.32608695652173925,0.1153846153846152,0.18055555555555547,0.03508771929824561,0.10989010989010983,0.0,0.04026845637583887,0.8857142857142857,0.0,0.1470588235294117,0.0368421052631579,0.024570024570024607,0.1578947368421052,0.3733333333333333,0.3181818181818182,0.34146341463414637,0.13333333333333375,0.06666666666666643,3
0.6304347826086958,0.8076923076923077,0.8055555555555554,0.27192982456140347,0.06593406593406592,0.14285714285714285,0.7046979865771812,0.1428571428571428,0.6363636363636362,0.8235294117647056,0.5157894736842105,0.624078624078624,0.7302631578947368,0.16000000000000003,0.0,0.7560975609756098,0.36666666666666714,0.5666666666666664,1
0.6086956521739131,0.8846153846153848,0.8333333333333333,0.4342105263157894,0.1648351648351648,0.18367346938775508,0.7718120805369126,0.11428571428571421,0.7272727272727275,0.8823529411764706,0.531578947368421,0.7039312039312039,0.6052631578947368,0.17333333333333334,0.0,0.2682926829268293,0.3333333333333339,0.5333333333333332,1
0.6956521739130435,0.8076923076923077,0.7777777777777777,0.3508771929824561,0.10989010989010983,0.14285714285714285,0.7181208053691275,0.11428571428571421,0.7272727272727275,0.7647058823529411,0.531578947368421,0.6412776412776413,0.6907894736842105,0.19999999999999996,0.2272727272727273,0.29268292682926833,0.36666666666666714,0.4666666666666668,1
0.28260869565217384,0.1153846153846152,0.36111111111111105,0.10087719298245612,0.10989010989010983,0.1020408163265306,0.12751677852348986,0.7428571428571429,0.09090909090909105,0.13235294117647056,0.09473684210526312,0.08353808353808356,0.17763157894736836,0.21333333333333337,0.2272727272727273,0.6585365853658537,0.2333333333333334,0.20000000000000018,1
0.3913043478260869,0.23076923076923062,0.4444444444444444,0.12280701754385959,0.08791208791208793,0.08163265306122448,0.22818791946308725,0.5714285714285714,0.18181818181818188,0.2058823529411764,0.21052631578947367,0.1597051597051597,0.24342105263157898,0.2266666666666668,0.4090909090909091,0.43902439024390244,0.2666666666666666,0.2666666666666666,2
0.5217391304347827,0.5,0.75,0.45614035087719296,0.21978021978021978,0.14285714285714285,0.5570469798657718,0.22857142857142854,0.4545454545454546,0.42647058823529393,0.49473684210526303,0.47788697788697787,0.5394736842105262,0.1333333333333333,0.0,0.34146341463414637,0.40000000000000036,0.5333333333333332,1
0.9130434782608696,0.7692307692307694,0.8333333333333333,0.4385964912280701,0.18681318681318682,0.16326530612244894,0.7248322147651005,0.11428571428571421,0.7272727272727275,0.7058823529411762,0.5210526315789473,0.6461916461916462,0.6710526315789472,0.14666666666666672,0.9545454545454546,0.2682926829268293,0.43333333333333357,0.5999999999999996,2
0.6086956521739131,0.6923076923076923,0.9999999999999998,0.42105263157894735,0.13186813186813184,0.16326530612244894,0.6845637583892616,0.17142857142857137,0.6363636363636362,0.6470588235294117,0.48947368421052617,0.5933660933660934,0.5394736842105262,0.06666666666666665,0.0,0.8780487804878049,0.4666666666666668,0.833333333333333,2
0.43478260869565233,0.07692307692307687,0.5277777777777777,0.25,0.1428571428571429,0.1020408163265306,0.2550335570469797,0.5428571428571427,0.18181818181818188,0.10294117647058809,0.22105263157894728,0.1805896805896806,0.16447368421052633,0.09333333333333338,0.09090909090909091,0.8048780487804879,0.5,0.5666666666666664,1
0.4782608695652173,0.5,0.7222222222222221,0.23684210526315785,0.17582417582417587,0.16326530612244894,0.3221476510067114,0.4571428571428571,0.27272727272727293,0.5735294117647056,0.2421052631578947,0.23095823095823098,0.38815789473684215,0.1333333333333333,0.3181818181818182,0.5121951219512195,0.43333333333333357,0.6333333333333337,3
0.6086956521739131,0.846153846153846,0.9027777777777777,0.337719298245614,0.13186813186813184,0.14285714285714285,0.6912751677852349,0.1428571428571428,0.6363636363636362,0.8676470588235294,0.4789473684210527,0.6068796068796068,0.7302631578947368,0.18666666666666665,0.5454545454545454,0.6341463414634146,0.3333333333333339,0.4666666666666668,1
0.28260869565217384,0.3846153846153846,0.41666666666666663,0.09210526315789469,0.09890109890109888,0.061224489795918366,0.24161073825503354,0.5714285714285714,0.18181818181818188,0.3970588235294117,0.18947368421052624,0.16339066339066338,0.38815789473684215,0.3466666666666667,0.2727272727272727,0.21951219512195122,0.10000000000000053,0.033333333333333215,0
0.32608695652173925,0.1923076923076923,0.5138888888888888,0.2236842105263157,0.09890109890109888,0.08163265306122448,0.34228187919463093,0.4285714285714286,0.27272727272727293,0.1617647058823528,0.28421052631578947,0.2592137592137592,0.1842105263157895,0.09333333333333338,0.045454545454545456,0.21951219512195122,0.5333333333333341,0.5666666666666664,1
0.652173913043478,0.8076923076923077,0.9305555555555554,0.36842105263157887,0.09890109890109888,0.16326530612244894,0.7449664429530201,0.11428571428571421,0.7272727272727275,0.8235294117647056,0.4999999999999999,0.6695331695331695,0.5789473684210525,0.1333333333333333,0.0,0.7073170731707318,0.36666666666666714,0.666666666666667,1
0.4782608695652173,0.15384615384615374,0.43055555555555547,0.2894736842105263,0.15384615384615385,0.12244897959183672,0.30201342281879184,0.48571428571428554,0.27272727272727293,0.23529411764705865,0.25263157894736843,0.22235872235872234,0.08552631578947367,0.040000000000000036,0.2272727272727273,0.975609756097561,0.666666666666667,0.9000000000000004,2
0.34782608695652173,0.1923076923076923,0.4722222222222221,0.14473684210526316,0.13186813186813184,0.08163265306122448,0.1610738255033557,0.657142857142857,0.09090909090909105,0.22058823529411753,0.1947368421052631,0.11547911547911549,0.10526315789473684,0.16000000000000003,0.3181818181818182,0.17073170731707318,0.43333333333333357,0.40000000000000036,3
0.0652173913043479,0.1923076923076923,0.2499999999999999,0.08771929824561397,0.1208791208791209,0.040816326530612235,0.14093959731543615,0.7142857142857142,0.09090909090909105,0.13235294117647056,0.11578947368421044,0.09213759213759215,0.2171052631578947,0.3600000000000001,0.0,0.5121951219512195,0.0333333333333341,0.09999999999999964,1
0.4130434782608696,0.34615384615384603,0.48611111111111094,0.29385964912280693,0.1428571428571429,0.1020408163265306,0.2348993288590604,0.5428571428571427,0.18181818181818188,0.3529411764705883,0.231578947368421,0.16953316953316955,0.3157894736842105,0.026666666666666727,1.0,0.24390243902439024,1.0,1.0,1
0.7391304347826089,0.8076923076923077,0.9444444444444444,0.5394736842105263,0.23076923076923073,0.18367346938775508,0.7114093959731542,0.1428571428571428,0.7272727272727275,0.7647058823529411,0.48947368421052617,0.6339066339066339,0.7368421052631579,0.09333333333333338,0.5909090909090909,0.6097560975609756,0.4666666666666668,0.7666666666666666,2
0.26086956521739135,0.26923076923076916,0.48611111111111094,0.14035087719298245,0.09890109890109888,0.08163265306122448,0.26845637583892623,0.5142857142857142,0.18181818181818188,0.23529411764705865,0.22631578947368414,0.1904176904176904,0.3157894736842105,0.21333333333333337,0.3181818181818182,0.3902439024390244,0.20000000000000018,0.20000000000000018,2
0.32608695652173925,0.23076923076923062,0.5,0.2192982456140351,0.1648351648351648,0.1020408163265306,0.16778523489932884,0.6285714285714286,0.09090909090909105,0.27941176470588225,0.13684210526315788,0.11916461916461918,0.07894736842105265,0.040000000000000036,0.13636363636363635,0.14634146341463417,0.8333333333333339,0.9333333333333336,3
