0.34626961985203125,0.12575767349885672,0.8961697877972554,-0.17809575828059618,0.030716252366173515,0.9048452064670481,-0.697419376781518,0.5471484737870187,-0.7510101929786267,-0.14858666653877212,3
-1.5550636780570142,0.538512634324089,-0.29584971998004905,-0.24605114624880794,0.6699446455040134,0.44655258683526255,0.4167462986596583,-0.2527295174791694,0.13040836753798615,0.2511510544540041,3
3.7781137292674862,-0.14184385108656689,0.03692493247908038,-1.2404907388899589,0.6870141512883018,-0.6657236575966732,-0.12424552118688142,-0.3991205834337519,-0.4323047138863358,0.537288336321987,2
-1.712345221008182,2.790843151529882,0.38001053801843926,-0.3564050205418486,-0.46628718511832723,0.4000953439721417,0.5487860719494647,-0.03072492476954083,0.002221358701268033,-0.37241376610117205,3
0.42890277323141074,-5.663848002864979,10.42707786457292,-0.4683987838827168,2.6809909639048795,0.03579942898161053,2.5034571129767005,-0.18698743699114087,1.9914338629884003,0.44102677672182633,0
6.485865756654379,-3.546938476346374,-2.4114715548784984,0.4005232721344668,-0.3576748399194349,-1.0575193421821305,0.6499761439479571,0.04625836460638731,0.851380298876369,0.40784813827302796,0
-0.7497080742524326,2.1983851115921644,0.0940124232883748,-2.085840747780583,-0.3607860323286099,-0.7755137176677025,-0.21144019377004786,0.34325096575103814,0.3627317722863764,0.05134061362043431,0
-2.1123431214560506,1.0778561017957726,0.6546078909471723,-0.7534619531073687,-1.3402516807976537,0.6631391960652219,-0.026230379929150054,0.4306372486789401,0.07401612219478462,0.017844384234496375,3
-4.419449646746196,3.0525958097596666,0.4386605275728711,0.584831517498154,-0.6622098990292636,0.18717445811064057,0.3549004898580913,0.2983728273008916,0.45257623287527393,-0.18977658973562422,3
1.197622495138724,1.9671737994891032,0.3571578580134862,0.6906397859355238,-0.4691318409603094,0.020667129367202507,0.4652662382773318,-1.040128409416785,0.012341133712883805,-0.1772035001172624,2
-3.46241843923134,1.718276533891308,0.4282803706922741,0.46076020899404874,-0.7393290335419973,0.21224016363112347,0.5191675768822676,-0.3032603524755797,0.08525659119054456,0.016412839586249835,3
-4.3396884227722285,2.531611058372416,-0.3783346773893014,1.2764716276293295,0.8360027553456869,-0.10397834245972726,0.35410247712486576,0.4695331613211001,0.13029503681754498,0.44382096365323803,2
-0.7932028849698373,-0.06874814900889979,0.36503248395316584,-0.25006930808523287,-0.6031892814347464,0.2462136469028671,-1.2213095742213091,0.2886880853760657,-0.01527713454578329,0.19583293085362233,0
-1.3780435063256666,0.10325266599636011,-0.12705964094747588,-0.14795372267022255,0.4919343073675697,0.5836689508754813,0.3319078463386169,-0.5209371861166565,0.031365740845344554,0.23108157098509713,3
1.2343438284505488,0.7810998982322179,0.5281329214920999,-1.1146874361949586,-1.4886234418972246,-0.630041767113334,-1.1936344055191053,0.4507827212338547,0.4032122634432113,-0.05294352701894621,0
3.8353066875224373,-1.2754997417393776,-0.08459432712264842,-0.9644012972762878,-1.105739729012658,0.25955755713089246,-0.682758898970473,-0.44777272218459613,0.10036213875896781,0.6210132529470037,1
-5.219904336108033,-1.5677591813710947,-0.6888440936649284,0.8580578947198478,0.22369119155200343,-0.00721955988459577,0.8571801573979526,0.9631970754485667,-0.467088456271024,-0.05843256316008928,3
0.38020813279072857,1.5286239593134396,0.6420544687401771,0.4129559177757745,-0.8565939489351144,-1.7099360744209062,0.11090818309241067,0.35686405805040133,0.1246585841763446,-0.3708864654099278,0
4.206043869712013,-1.0414616969114787,-0.5827827656300265,-0.09982078860116238,-0.4326964200440685,0.49348777224399026,0.3206582935550657,0.21070186649265799,-0.1525382943056223,-0.09372257390501841,2
4.238227137273209,-1.094413510701056,0.34432248861340126,-0.703783193522084,-0.8648192260615087,0.00695411385407922,-0.39386334076135077,-0.023607218372837874,-0.47466878200868456,-0.06906737032719797,1
-1.329498101435147,-1.200762348227308,0.07600451721411813,0.03138793740791582,-1.6441712080500372,0.402385713319004,-0.7070602139300983,-0.1737625717026159,0.06783493537460417,0.1686325676465025,0
-5.067176819669611,-2.1839686575046175,-0.21235944422321712,-0.5626799900917734,-0.06571487320611026,-0.8363847755751842,0.20496098931109674,0.04114277589423383,-0.6545781427593206,-0.11992877966520302,3
-1.135019008027247,1.9594649509073807,0.7259828602826017,-1.6551763899347771,-0.9380258938849162,-0.5022378745550675,-0.45393742837560574,0.5768108793461636,0.5247424364408735,-0.024875574813125516,0
-2.714955449423356,0.8281170244491871,0.16011786308430703,-0.002130566453014569,-1.535318721497355,-0.06746461394239002,0.36652995037575753,-0.2707522137737444,0.10940819886765187,-0.05081518489378403,0
3.8934683536308,0.33150315116913315,0.45917014037437254,0.06978469490115152,-1.7974897056549177,0.6058248163082454,-0.15547272667940987,-0.26636816814122066,-0.08995216921569807,0.5084213123177781,2
-1.410302327775224,-0.035979895878977285,0.47241843270893524,-0.16936426050120512,-1.4136215636097977,0.9696511696536549,-0.23391294413487151,-0.32731989796341693,0.0780099384992993,0.1736196672720451,3
-4.78650722687515,-2.2535211763182557,-0.3274802112395732,-0.1937924162243976,-0.027303213628315066,-0.7473709651817784,0.33535659722447314,-0.1708680995762843,-0.4167258255143564,-0.06995276563180775,2
4.638073025215006,-0.08263832162364144,-0.016880576026416627,1.6619667972642063,0.09964224330340511,0.6361640503999059,0.030780559013597254,0.8724053096606694,-0.2461613801939446,0.01048555844319574,2
1.5871298246860004,0.33429219889060446,-0.05826321581450537,0.012620913194870232,-0.6376001385447545,-1.821017931953539,0.4667298199552934,0.23914798309951765,0.16916984192491427,-0.3971642807060282,0
-3.166397435640614,-2.024414612223835,-0.4923509560697679,0.7646789769568689,1.4586774608705688,-0.4409835926827336,-0.33939787866682447,-0.5025356552467252,0.41541034028176055,-0.03650457628665912,2
-0.8665224259220463,-0.3350412642530174,0.5338425773631796,-0.1966588742628192,-0.28309989900103405,0.8155876935044887,0.036603734593944955,-0.43379490622265937,-0.3671441752013161,0.20431365434513593,3
-1.9844985019371988,2.231926237454719,-0.17098550521741576,-0.9431226602282319,0.12302954321100147,0.561330199717671,-0.11826901783266125,-0.15365586243326393,0.6867602227422209,0.1385620796462284,2
-2.973289561897868,2.4364760417118836,-0.16494305793715025,0.397614339584653,-0.28771697526243806,-0.6936983007630985,0.5655957386203596,0.12676759537431737,-0.001543744866549857,-0.1457929476844472,1
3.9397454035626973,1.136329195540606,0.4636466539234641,2.2156300508055833,1.302510427974441,0.062037945431959673,-0.7154745796198321,0.09914848861013408,-0.20513401710297696,0.42671452524906545,1
-1.1300225566895132,2.7650138567301634,0.24382580239272117,2.0590602844473733,-0.15969296921272558,-0.22920119702074512,0.015001634498163973,-0.7623858940266691,0.4421521082927088,-0.03694329593398186,1
0.17338124202384805,1.218894991162776,0.17201728595000726,-2.242321679933254,0.9514964805133493,0.01640868092487154,-0.21411355955295924,0.10236287934060055,-0.6690373952738623,0.3322273348825187,3
-2.1754791486618354,-2.7362536613250725,-0.9066120159541974,-0.0307961822174932,-0.9162841443421962,0.4741068809581021,0.2633354959279244,-0.45644208844997175,0.5215751586959849,0.05379781851983012,0
2.9044614300296456,-3.515426452217857,12.641393770585648,0.6082547635066042,0.8108329033945322,0.05246183193997457,0.6807459157245443,0.5351211392715911,0.6002657143017867,0.6135667287874473,3
4.087650112880636,-0.8435938949201449,-1.0543431456459489,0.32040118518786315,-1.0817609363778322,0.5202041290992802,1.0708704653216436,0.38176490756577836,0.36201978721729494,0.1634552967569485,2
-1.5551891447583033,-1.4824186381314357,0.8068639317195546,-1.0573930956486401,-0.9228851109713913,-0.2293457798569937,-1.5207387979237348,-0.47958743878504384,-0.41515404599998873,-0.24637996811817645,0
2.9841332358375037,-0.6692443275270658,0.3535100161941212,0.3374005901359118,-0.5593252086583467,-0.7562062078186678,-0.32242264874565746,-0.9846883170216003,-0.3952792667624852,0.3431347052783978,1
-5.271746061546793,-2.1660608117198406,-0.8119316634405935,0.31464780088962463,1.3263292802098103,-0.38428480792858116,0.5547290365583291,0.9296591970601467,-0.3402731332861127,-0.23303307739146456,3
-0.16749233731927166,-1.2655884958492372,-0.5862972730334244,-0.7552563274631324,-0.4223609414651611,1.4908487441823894,0.794196449996557,0.07188185814992715,-0.04486886503949084,0.19117303158834498,3
-1.0769256406234746,1.1661859223653621,0.3268357174373404,0.3809556196495801,-0.7687727826579049,-1.1205241592700792,0.5333737581562518,-0.6189697783060663,-0.3573006254357315,-0.11746890010958763,2
5.240622593019448,1.0674145278149387,-0.22442252945451802,-3.1262920441215325,0.8019285485185331,-0.600946042486192,0.6859929099027372,0.33833818987847947,-0.8888835605451548,0.5941358178043269,2
-0.3525073264545948,-1.4009310698013016,-0.046245399532759704,-0.341311380652125,-0.9162976383368705,1.148032950345036,0.6736053586191798,0.175748438866905,-0.020856846079510886,0.2216073651552857,3
-2.7108989256470744,0.07413310578663553,-0.41258123415140313,-0.017100799991161795,-0.9440325300616456,0.9538020122616307,0.5658718400907349,0.6779425887501985,0.02971375594122882,0.18319401556392698,3
-2.5154918337527503,-2.8965464284403213,-0.720551408735389,0.41145969192040727,0.6278307438772233,-0.20072556886382675,-0.07647292030388925,0.2941578916049611,0.5189039094220873,0.055517078884608495,0
-0.455411485125821,-1.1601146957346165,0.340807073562845,-0.34000720376917504,0.1381903050919413,1.3934200106227965,-0.2709253333954499,0.23363564255137717,-0.06735347945415426,-0.21860387939249004,3
-0.09011421619582194,2.2951727325716598,0.04653426623592782,0.27164182076289245,-1.6017976398259246,0.8039034440033934,0.019094609080903165,0.008952734610240844,0.8515671263987129,0.22823063211133865,2
-3.7964652500245366,-1.9413474906012003,-1.0032469534759938,0.5193459587022876,-0.7359876157254678,-0.18236496711340178,0.35755874848315744,-0.9771170577376008,0.2744044416177575,-0.10288065020443568,2
-1.774454224451315,0.8913769168236751,0.49264129135672863,1.5282317474080973,0.49957916119352413,-0.6743047429002196,-0.1598616707983958,0.15250310251378735,-0.5768798088322046,-0.2999888049290256,2
4.558138603271691,-0.6714720612216211,0.5207953972023993,-0.031143683673978104,-1.7347208893265977,0.17801098320229447,-0.9031231827697743,-0.064931761937878,-0.08364291018750473,0.44084319635789504,1
-1.0782527769927541,3.0041420737668885,0.44166243180534687,-0.7100712188844237,-0.5912848629467677,-0.5462399422660805,-0.15947759620911134,1.3707319802526015,0.387288249542456,0.04476162166424713,0
6.107629321922722,-2.950775522153006,-2.037420463009021,1.8992231722538329,0.7757657895029187,-0.7974127050210464,0.009798788630242933,-0.20621293026391388,0.6043010230974377,-0.46851223651686424,0
-3.0804727465882165,3.18939756199417,0.24838772443240006,-1.2251332286784922,-0.4981320415974522,-0.34100252016691107,0.8780289500190982,0.16160673963459082,0.15670289873974338,-0.3468944634540134,3
1.23574981296744,1.0414027601090572,0.06745216845903847,0.28903595161884194,-0.807256607217785,-0.4901904508265394,0.45621569872268924,-0.7875222125233531,-0.5323430440113185,0.1424029297357709,2
-0.7913861323849612,-1.3447402819376064,-0.5253205585916774,-0.3225018863615784,-0.11742497272941729,1.5621391290799982,0.4976649550627243,-0.24362534967795726,-0.1146679410352689,-0.12475820773021983,3
4.201688333689087,0.5652576571991695,0.28884580914682306,-0.2392876446537213,-2.0941217192534896,0.11461163231192766,0.5784540360008656,0.03443863665607615,-0.657133496982351,0.3762106320599546,1
-3.9727752127082616,-1.202813890754072,-1.1073871661314851,-0.35489040345350453,0.3800083422556732,0.09842011100372867,0.2608946944983736,-0.20102792285361665,-0.41760080663771,0.018717652844478693,3
2.8518487534666406,1.881344152104094,0.05044020739032067,-0.6397624420714566,-1.277828607218677,-0.06424847195430859,0.359009732387172,0.034368606591197816,-0.002384824315645359,-0.05579299307392306,1
-4.165160625232123,-1.0581730434078847,-0.3026367212664476,0.11899328810308767,1.8960652101775586,-0.30016852528623617,-1.0069845877031647,-0.44165184783602474,-0.0052642006416397874,-0.44579660591745696,1
-2.9809934748758034,-1.5343221794891395,-1.0096592886079852,-0.3193051757989862,1.2713297758671613,-0.17732749888721508,1.2089663922911862,0.6304157309606906,-0.39943737696006915,-0.0019700016836799224,3
-2.148053141403345,-1.675851006832209,0.5522515792687249,-0.25978959660943435,-0.8958849092243404,-0.3025544446497528,-0.4696262715949132,-0.3791797276388648,-0.346081811054878,-0.47880296434447345,0
1.1807659380612328,0.46060452676849917,0.6361229275509422,0.3986493107402438,-1.874222323503078,-0.9183506515222672,-0.3172348687979551,-0.27803514355195946,0.14255235907313638,-0.007257715306942838,0
-2.1942736177147695,-0.9369051291552943,-0.7166089802516965,-1.796642855863819,1.489887000616015,-0.7803409413518171,0.12042873947747777,-0.7135010464424117,-0.27668676037865414,-0.023390359059949767,1
-2.353453724261018,-2.5596243568640427,-0.37945407133445586,0.6060261013742086,0.8152049095842087,0.548962857103171,-0.42952726801938773,-0.10157778963944046,0.3274278370384769,-0.2155664896964155,0
4.9379120054039705,-0.8219321987943922,0.38033590057935923,0.07437153977880297,-0.29747530130561756,0.31511047179004437,-0.5231291265981785,-0.2033783028423598,-0.11860874554652748,-0.8120941213534768,1
-1.5704679008651197,0.602746983380798,0.958801188917248,0.23231925774417855,-1.0225156701815925,0.9814163707093819,-0.6024887727379901,0.08935995268264314,0.002212501114938593,0.2205061601980908,3
2.320416262971512,0.23290158253294974,0.9556584492805594,-0.27680208753718616,-1.2667025285798708,-0.9950702004528871,-0.9700948754407649,0.5398999790017398,0.07344033210815294,-0.02001350716611522,0
3.6636840339813244,-1.7546938508513203,-1.1677559608142611,-0.14062761488368872,-1.0065713893291885,0.915903253150844,0.5003490517909629,-0.32918340409690544,0.7306400373930392,-0.27962026255729516,1
5.512575920820983,-0.26672154962054073,0.2705611209675632,0.10413582465391466,0.8705700975403524,1.2205239974107613,-1.2654532986523328,-0.1846430421219588,-0.4152190213364171,-1.031985086163416,1
0.13328895756161352,1.5410288688792786,0.13573715790904672,1.716077901130163,0.1323654585590938,-0.4828222281646005,0.015329844047796758,-0.7051055849138768,-0.1714420084853079,0.10880323556349838,1
-5.216016477479682,-2.6241933777742426,-0.49366413756334243,1.2971185998970687,0.08537506398385208,0.47989078596371104,-0.39037640625151643,-0.3490557840306816,0.014212134825863398,-0.13104396868544727,1
-1.1414894514780285,0.48415464406961195,0.18145444928734364,0.12232188001310046,1.6149132002397417,0.8642252405183977,-0.07118052671428121,-0.4267281206039064,-0.028895634610153226,0.2497835050614654,3
3.066932509616116,0.3188269421621852,-0.15776563892644516,-0.6736054904449055,-1.0929185094666711,0.3176057945646489,-0.045041826984678235,-0.10291247974577535,-0.2997672477472162,0.3969256402254067,1
-0.5913975781117973,0.03653982536965362,-0.023024982190330487,1.274364714713487,-0.9465853508219241,-0.8054471536675779,0.5982287006533822,-0.7732337258256246,-0.11971351737106309,0.15753045087456236,2
-2.6364556241076884,-2.3406503641767484,0.10343638483937434,0.18532394676369224,-0.8507529795385856,-0.5990562003771563,-0.030696242444558312,-0.07154832636940484,-0.199692610808401,0.24811293045295185,2
3.7692158591412777,-0.4715765688749004,-0.4641281969641154,-1.2455597410343429,-0.39093736963108344,-1.4754670726386447,-0.4776031894969419,0.35063170686362044,0.1033248444347921,-0.1523558959545739,0
-2.0838377310940546,-3.30016177485481,-1.1117698696167824,-0.45357511851923815,0.06378961811081071,0.11431930624915611,0.5050467416940816,0.3826998015296714,0.5283846073564216,0.31906262271947305,0
-1.3327734950055385,-1.0988812100162275,0.17195994920007684,-0.5537181425087259,-1.6186653561414834,0.08806086909401212,-0.7260700798680021,0.06718398902399507,-0.20038953980005086,0.19662485951577685,0
3.430813225518886,-0.9748944059042816,-0.3987513299413732,0.23458944639976104,-0.6686446489271219,-1.1919057891719087,-0.616108441398651,0.2908436002559588,0.3564177046022124,-0.18917295796811234,0
-3.7829633685515534,1.339182025788238,-0.5297575223308593,-0.03777053910524333,-1.3130371758023658,-0.1982411432018657,1.520946068902132,0.321899183735484,-0.1704758645057291,0.017397572897444268,3
-2.6037874909959067,-0.6770690243585944,-0.5870981631724139,1.5463620209950562,1.8526611520008844,0.6043997710634342,-0.52254499145925,-0.8300897879626299,0.1364667336023249,-0.050724485686698996,1
-1.5192677578787503,0.8980908192211979,1.540332205753754,0.22008529008879626,-0.9974049733727947,-0.8657478920053502,-0.6738532395085985,-0.017486178653222575,-0.4718674589168729,-0.18002070443963838,0
6.8452643765161865,-3.2739079112140863,-2.5037746548182214,0.15119496291139703,0.44866534923754686,-1.2010075207352298,0.5457601488077374,0.1803275261800953,0.47401762612179366,0.09256408760906334,0
-1.5252934851457796,0.43337326207167365,-0.12796714422230793,0.670571029090098,0.21065811089021547,0.8935446689579081,0.23457176970311683,-0.11841700949802857,0.19323288269867908,0.31436013427184867,3
-4.810863361135386,-0.3944767507920436,-0.7344944867792096,0.28300837425101993,-0.5725125556045059,0.24225347334310002,0.49814269811345513,0.3693099958203145,-0.34697167590516964,-0.006419325767079312,3
0.07058036994079404,1.6644125440027142,1.242750559936949,0.5782706453018014,-1.0062772099633654,-1.0262279926779072,-0.9564437119678816,-0.21357719330185207,-0.21918804427898664,-0.10087368891525435,0
-4.942722098427452,-2.1674426790471757,-0.5234937976704772,-0.26635739994408086,0.4129643396670155,-0.4716651130539506,0.2254078665141188,-0.5287840934622479,-0.39565999544012004,-0.1928753981927325,1
4.985701159603451,-0.23792138301477014,0.3751283576371951,-0.024678843045602257,-1.0199982789365871,0.4700937777354975,-0.15269485567536403,0.10846508866928312,-0.3935550850973119,0.18883733444500758,2
-0.796118735928968,0.7300721971689215,-0.5672845905231271,0.3778373989513603,0.742893191163764,-0.8814037583256809,0.7653743734968087,-0.8273326101933586,0.08675895190580021,0.5049583488337585,1
3.4003259650821005,0.18440236863107773,-0.6996770077168738,-0.9594207272852502,0.04922761662912412,0.011038213325523358,-0.040553326742358294,0.12615398388034826,0.1974159576383607,0.8919396315644875,2
0.09714083698149992,-0.7672414467122226,0.3148464658179064,0.09366229022468499,-0.051015053628645265,1.2458177033367284,-0.14644616322198517,0.4854217221116634,-0.4336685729478404,0.10131731655576942,3
-2.0395945868527403,-1.338465640469118,0.11501030832178165,-0.23895992661390925,-1.3146938287685876,0.19183178731131653,-0.7888625867605743,-0.024964001235934785,-0.32682477555395,-0.06775721755669005,0
4.030201890447,0.07805952088195603,0.032484591775236694,1.3356448703179462,1.0145720688760012,0.012442454127397291,-0.7467123117889968,-0.46133307073671687,0.0630262167943362,0.424544340443578,1
-1.804939942969841,-0.5446999659549012,-0.40020383168830065,-1.2809377932417725,1.70632604242443,-0.45262984638311055,-0.7192519490047335,-0.36849064552663313,-0.5021242189051818,0.1958739598311068,2
-1.8105098736820926,-0.578000231389261,0.10675502182463167,0.08908541224304715,-0.5579172057242979,-0.10339866874257772,-0.3112815521301367,0.005897860380902517,0.30017051157602415,-0.1617654962306006,0
3.040298987378746,1.3304709738392377,0.48966144753529106,2.2933116342257187,1.2397572468255942,0.012160757975171937,-1.1355903975711483,-0.2892691060992328,0.0031917809226139513,0.5162778073629142,1
-2.33861506059957,-2.9836369588863203,-0.6072879733324531,0.4198280592108757,0.16394291627655774,-0.012974626676616901,-0.020265541716392804,0.5277543238255514,0.18776396718619703,-0.09932222912994862,0
0.7138816611812131,-4.996240160781248,12.558186554309748,-0.309732009478425,0.33851986017167446,-0.20039674423093065,1.2886995752636248,-0.2959160378803327,0.705951523271346,0.056084568335148854,0
-0.918092495026023,2.110598010048356,0.5172700457834432,-1.360746486533027,-0.09202283911997895,-0.1145756695902219,0.19613839078348322,-0.24609540128625054,-0.3210850446254629,-0.0573837403058885,3
-2.5567183066097776,0.8171830370693013,0.09567618110012295,-2.0041555897549124,0.5214547091658839,-0.08472984061259838,-0.16866111799078237,0.6155860065510975,-0.4214778743817488,0.007908122376689176,3
-4.397287638541387,0.5352454215755214,-0.15249654224369838,-1.800017398008451,0.7573850782288768,-0.46327878124211636,0.030097650814146917,0.7447999365109588,-0.6030252606573181,-0.025808761006533898,3
1.7718541651602397,0.04231384544196153,0.05313016324628512,2.294601527640936,-0.06558989826335744,-1.4508484109901336,-0.10335764757077674,1.0703377377399679,0.2221772902021023,-0.28510165775312923,0
4.680391718718203,-0.1095184243117548,-0.355604252795444,-0.859706540203922,0.27012550159786197,-0.25819545468831395,0.3489972187409279,0.06782470154632154,-0.3417873651582031,-0.1606354222876032,2
2.576270752353677,2.144162635479349,0.41672010784546515,2.5397079462188135,0.2641051419384528,0.490588038531472,0.218577495136407,-0.15627571029583698,-0.23596641296598547,-0.1289861574729179,1
-2.366730772718333,-0.33603025195002717,0.045914698150866746,1.5707791358934988,-0.34658407430844873,0.0890727259544203,0.3120496539765023,-0.6125392044439317,-0.3339207007202714,-0.06576492093860785,1
-2.1949153528384544,-2.281153660885182,-0.22189698689746132,0.018304280635628962,0.3945344979959556,0.3839770279989379,-0.5870426891641286,-0.44388297626792295,0.20981540496681542,-0.2573774266869568,0
1.447954542608483,0.4468225222411672,0.3028951332404202,-0.1545647578176921,-0.9164297601460645,-1.072401423107603,-0.23840096882512643,0.5792463588348329,0.07094090100850643,-0.7074155204707822,0
-1.9999166815665932,0.7046625286295347,0.7177000430715231,0.3045534559677375,-1.382692186570983,0.26221102836243704,0.41543038360982976,-0.20427608605939437,-0.28421736983800683,-0.05295255229105496,3
-0.27944580726671797,-0.5059045766129365,0.3877166407704652,0.022313372351054652,-0.15526395811390997,1.0244686982622357,-0.18787348924082317,0.4844007574467891,-0.32911897762170944,0.39303107789129327,3
-2.9659642761138167,-1.2560020455871335,-0.31926835219183824,0.01016741967243828,2.321443059406705,-0.6870645568722389,-0.7932253834514624,-1.328842900301894,-0.04273265609799464,-0.5501893219607789,1
-5.311728718360955,-0.7430800030996183,-0.6602894812068844,-2.3857939291354997,2.004597049228453,-1.1062338320286287,-0.06871998248803005,0.005355744490270655,-0.9120898686203865,0.010800371005799305,1
-1.0624670995871368,-0.4679859223440263,-0.6443585556616771,-0.775732009454969,1.2123154145720618,0.7920123911001622,0.6726198770728585,-0.21613279919854386,-0.028876051699698122,0.07069701299945157,3
0.14593117120705024,0.3026163124300527,0.2627055044380828,-1.13963300741571,0.8330019224914966,0.8349661578369554,-0.11541880221032413,0.12761457918008212,-0.19122175934127505,0.10168059374600757,3
2.6515005536335297,0.01628334458194486,0.09717753413886293,0.11799185433020182,-0.8518081732983396,-1.3203656884980892,0.30811730156218836,-0.7510507941774267,-0.39680712891300907,0.37046759410379065,1
5.20574624360803,0.5512793018688115,0.33201295677523446,0.13630740193628824,1.8146528905095665,0.13315622899914614,-0.21074706896268386,0.3492495775800748,-0.6497600572876079,-0.1298749803949937,2
-2.309138207762403,-2.360931390428498,-0.5258271460426523,-0.12540089086362563,0.951457480380363,0.15284480518646365,-0.18577826949860063,0.05805132296445545,0.2178778893875217,-0.1695793311952166,0
0.9791098137522477,1.0698406045756912,0.12470230484193812,-0.4537349531430048,-0.9442068415172958,0.279312863876014,-0.683998292252148,0.4808684444855029,0.8023503669915397,-0.31170794951262587,0
-3.989701836636296,-1.1379039527349424,-1.0845765108695968,-0.8491729459885827,1.964754963302421,-1.0534520195731503,0.09436999476025425,0.2550019618943427,0.007183156261440369,-0.10850593302426144,2
-0.45937237254075014,-1.3207715190357212,-0.1943472481368854,-0.9101010610615502,0.6374149914589601,1.1236980785580082,0.007834908724261503,0.01616728665159709,0.04730830656623328,-0.27121090627403943,3
-1.6677374037321067,2.5062903577132323,0.4047267818322565,-1.3783460576703157,-0.727527120482124,-0.17825841299795547,0.6019359544865776,-0.522971885383647,0.117693964385165,-0.15609575448692287,3
-4.385255342729168,1.301471198630399,-0.6795648617346521,-1.3393337789328241,3.1578862686920237,-0.43673430588632545,-0.35171048990053905,0.3782524090077422,-0.33063005601376944,-0.16569456955205758,2
-1.7469975793000747,-0.48253493357613936,0.2608613493083986,-0.3968672844183179,-1.3340686318672574,0.7211182788078428,-0.3691067393953283,-0.06346155518631263,0.15110650005427156,0.12680406126524504,3
-0.5613642488719852,-0.7987348232787372,-0.08047446082717603,-2.0715307558794342,1.2930127155285858,0.564498478450961,-0.17351318188876494,-0.4214879540930424,-0.04313389737823978,-0.22537308064740164,3
-2.0231788406856785,-0.9768094305563881,0.08340607062839896,0.19855868465548712,-0.8892512365131134,-0.1890831049655229,0.1706127623774343,0.1389001954054401,-0.19235448082432477,-0.20763181944450368,0
-1.8791415862657186,-0.931137437769359,2.0705001261924205,0.345324138557425,0.9069665456939128,0.9127143418115066,0.9608163126902917,-0.7073584563141936,0.14212337625721322,-0.05825142140420204,0
-0.0743163025994288,1.2139665091860792,0.5275209563837127,-0.6033140705461848,0.05965591030375979,0.6176966511518862,0.1393882474377121,0.24022483561678656,-0.6325610507431848,-0.34448159453849825,3
2.740707595763675,0.15790712196986248,0.14996003189802928,-0.018958901213007112,-0.3511009672866754,-1.1551686829699683,-0.4418404728575069,-0.07905796818154544,-0.16213399138568466,0.13343861111811475,0
2.492136623579224,0.18918750535165255,-0.48942932307742526,-0.5044531329053057,0.9790095736386248,-0.8100021030185669,0.27464455171915036,-0.743174795880778,0.03267751662453343,0.5996645944765895,2
-2.2467375879579206,2.360305743729654,0.18755158068192349,2.583880693850221,0.3249976694529614,0.0564904202653695,-0.22362612250501965,-0.09713289222028812,0.4340238141632508,0.09115895431142296,2
1.4255791123813581,2.365178411118047,-0.24790288488282508,2.3459046327109165,1.9354677258124338,0.05178656108969406,-0.12364861050676308,-0.21832994387175464,0.3196884090250743,0.5546257630702229,2
-3.1705202986039027,-0.9560470011321431,-1.1208006391059195,-0.4959591507339801,-0.5796396731899116,-0.19059348614224297,1.7596498315061186,0.6830432378713325,-0.49120342599363187,0.06297284633408734,3
3.773210635433389,-0.6407230037776371,-1.393915171195128,0.2331257545374643,1.79743876121738,0.7651636601619974,0.3498186209481737,0.2604646201379594,0.5600432095538572,-0.5732748775870314,1
2.72174530552494,-2.027218093512197,12.386396708802781,0.4040772062785504,0.26321325997600453,0.7417288414997117,0.017298978215169646,-0.1025613944974943,-1.3284792825577538,-0.500508783802936,3
-0.7966056991968228,-1.6556180547283776,-0.29699279842804804,-0.731838327057394,-1.1466203521452538,1.3847974159143785,0.16133301522551147,-0.19524558765156044,0.20257020224433372,-0.4190218580671608,3
-2.6588034666822145,1.0218599896944824,0.6506249113459149,-1.3442907816548593,-0.8154933906358589,0.5159601321194144,0.0209262482242051,0.018517195769689025,0.19756065930718492,-0.06073001443080383,3
-4.0138925998750326,-0.4234062379849246,-0.6656359839962284,-0.3370241066396862,1.9849557066619041,-0.32864866096345974,-0.4114259374558936,0.31487782140062437,-0.6361955272737211,0.037128628019511396,2
-1.4685797906306404,0.5703888102164993,0.5264342396582029,-0.13744375867090114,-1.0258782962186936,0.17854251881381533,0.18562174842322163,-0.164816876438739,-0.4963487004040968,-0.15779698964642955,3
-1.6025134165079538,3.527221881962827,0.0948915329420029,1.1190200956274277,-0.37270851375257436,-0.09934937630940632,0.7161445940174405,-0.6410804920417463,0.43140450709688705,-0.38088057925874985,2
-2.660844769959608,-3.058433299464886,-0.4326340908880351,-0.2568292853562229,0.27571799138530734,0.04404742104272642,-0.038675584061236216,-0.260541292996661,0.46056267140715934,-0.2933958906806469,0
3.827723966563069,1.7650933167164284,-0.5190951775097173,2.890452802731617,0.7685520204727398,0.9041784083722858,0.7711094818157453,0.42435667631265545,0.03625913723661461,-0.14087405247976212,1
-2.4508965858741645,-3.0287613021639666,-0.5476351614627006,0.20450800062138338,-0.10788919899537298,0.36801043327171834,-0.015604320622430088,-0.38167830850212986,0.5936558627099496,-0.07090915709677977,0
0.19857096317845266,2.304478225157223,-0.0712411237777098,-0.49202750794753386,0.5260671591199917,-0.1741735976450572,-0.6021808257220991,0.28667587282036827,0.548479582911385,0.10983908984779847,1
4.81696928503078,0.3923815694374769,0.0538571486956019,1.1231147120729923,-0.8594340260017275,0.9089380417149749,0.30456197688176395,-0.06706860192491691,-0.49582968134507455,-0.49353187739511195,1
0.2582414795199104,0.18360106306450139,0.12203663180540121,-2.827276133015771,0.8285082389625897,0.12150015764391842,0.5335785971505359,-0.016188917233967905,-0.6056486746397616,-0.48104575713679915,3
-1.6948200584635966,1.417407034750594,0.5596762649808448,0.7180401779397925,-0.1619091860607008,-0.2253387878604086,-0.3059187142472467,0.06771416214949662,-0.3728292195117313,-0.026584981424449854,0
-0.9938773493390747,3.2055290875058686,-0.13786296796246184,-1.7340267476288254,0.38676695831853203,-0.05984631662824257,-0.2685196388290606,-0.29349141763135816,1.0387521956393677,-0.37198845654827295,2
-2.6972433767373474,2.189532030634977,1.0339186584491442,1.694479718496527,0.4551605729293688,0.2030628006196692,-0.20235042371502235,0.995050596111175,-0.42540571166164604,-0.2694704061626693,3
2.622683002846932,1.698966254423872,0.38823093610601495,-0.3059966763384022,-1.3178347977196796,0.205398433437647,0.29771514063442023,0.24717558994311206,-0.24037254360488178,0.4130913984178135,2
1.2322453241385454,1.2303287937163843,1.0462400740661224,1.3389001585284903,-0.12182243470335563,-1.3217119071771835,-0.8897029523060968,0.18624179522795006,-0.03017846379234252,-0.7660084607677815,0
-2.089151140105866,4.00918831038643,0.32381013547648785,1.6132866792752625,0.6695451135384289,-0.5294937154882136,0.011061214457903893,0.32012544178868946,0.5510290889555151,0.034108427589101854,1
3.720437412680194,1.0877268935436994,-0.07505257754209571,1.6811027015629418,-0.2147928289493868,0.06926478211301937,0.33850375413927486,0.22122054807958028,-0.6149193923766546,0.08774606857293264,2
-1.9770722645896892,0.37691922713253595,0.41125857163534063,-0.5267725644297458,-0.003308448202556185,-0.039786421844,0.18211217682626743,-0.4937727464440156,-0.3779818746180384,0.03634710353400883,3
6.540145066697873,-2.815080006329983,-0.8418743493283716,0.32119350422541154,-0.9526356041657503,-2.024786391284331,0.09210445754784055,0.4596028893381698,-0.08876005412872062,-0.1409195709932672,0
-2.4824232347277326,2.5033630276274312,-0.5338851127599308,0.667550068806448,1.1984932659787908,-0.1634519075154308,-0.058942318543085535,-0.7490105262690017,0.6825410739141657,0.032073796942510856,1
-2.984528323047151,-0.4510264277857466,-0.44918201020012316,-0.7550341304241196,-0.516162229015355,0.33823006379675224,0.6562656049557533,0.7831216134003278,-0.22133272483397648,0.10664066664181092,3
-2.0851516122021945,0.6227137171952087,-0.3786151286795717,2.50502777743835,0.7412703307341812,0.401779999488383,-0.3586848824419409,0.12810228845478813,-0.07849686559992429,-0.09238260528139129,2
-1.1926201943234453,0.9193766250918726,-0.8529411851017955,-2.3572152390167314,0.3534080180794263,-0.05792297344141114,-0.3622142223518583,-0.282106431734715,0.2632623635699467,0.0932576200198878,1
-4.4087687485070655,-2.9986689230542494,-0.04292579506372063,0.39082189053794253,-1.112231643929244,-0.7166072562268064,0.21250164277679784,0.05369031379171978,-0.2620530343045392,-0.0775327371345012,1
3.7989520876206124,1.95368868641132,0.07616458455972272,-2.461499875633155,0.28538121009301104,-0.4506853901098268,0.4515276205111206,-0.2851504285421296,-0.12098746010245578,-0.23372646778318273,1
-0.42372394134685365,2.888829923135615,0.3997300596686042,0.44011027968432154,0.4306144082255868,-0.5862300681003321,0.4133653753360733,-0.13473783466688902,-0.3724634285533342,-0.3088168802088701,2
-3.1461902790371314,0.5771715883308369,-0.3782055358170227,0.1387919659793055,-0.769836035096897,0.21076120316795052,-0.22728928209129245,-0.06641169853266893,0.010482793098537503,0.20075044565322453,2
3.973031907768533,-0.7588976811056797,-0.626788045532568,1.553093299508624,0.006908948268495845,1.206507142036233,-0.20029775986187046,0.18646540047540636,0.1979605725579325,-0.059676644766202214,1
3.980594363708634,-0.31399584044219553,-0.8145817169556553,2.0483090637169568,0.47697588914642763,1.1203047350872575,0.3702164100236187,0.7169688903972496,0.20342192403429962,-0.6462135781891254,1
-1.9272047252791564,3.91264092157373,-0.059633696445479605,0.9385883510990746,-0.2069891333177939,-0.21192872741387248,0.6455068091961088,-0.28884625596283653,0.656555543745299,0.05534547148517429,2
3.9890186141121955,0.6498909885350332,-0.8181882426400869,-2.244069141722581,0.8446649814992988,-0.6568504620816152,1.3623396807641612,-0.6071516626072255,-0.2919762794168419,-0.14687257721530972,2
-2.2086373385596283,-2.533336862253725,0.07100490125948238,0.0032572768355329912,-1.5072352716997015,0.1298478607843993,-0.6406053010987361,-0.0735625132145337,-0.0791544595196655,0.10947730451853549,0
-3.355721208934127,-0.7307428929729322,-0.7074487157498737,0.871415252602554,-0.26193517193446947,0.19904492525055778,1.5063694776403138,1.0648856317818352,-0.7620447794279315,0.25796080343661276,3
3.747668245935709,0.5943029045141712,-0.45884744506792624,-0.7164852288804403,-0.7348731099090186,-0.2658583692209034,1.214209735460891,-0.37625819269834404,-0.5341869811374992,-0.03535445628665894,1
5.3719586747829435,-3.303148820399433,-2.776087712276856,0.7919048551348632,-0.30778711624150307,-1.092892275992255,0.8051807320936252,0.11011969603906017,0.7464826985224697,0.20748010819906393,0
-0.8663830902065949,1.5634073382665497,0.46864173204875254,-1.0534955650675062,0.5022054221786082,0.5946884232516543,-0.5743261420596597,0.4070619056194406,-0.16843369314129886,0.3107964082759379,3
3.153580482635076,-0.8497977508415527,-1.0045660378304215,1.3395877601985935,1.1659471371771122,-0.7480612200917567,-0.6940455360380076,-0.16066134073305818,0.47523787939330014,0.08067450676616242,0
-0.08950255379371454,-0.6162180095611414,0.13219065830574744,-0.5794717261569735,0.5000086534404927,1.526433770110196,-0.16529450288897046,0.42700040180491783,-0.2685331530119007,-0.13954571534087282,3
-1.116819012340857,0.8005925060487847,1.156152747423432,0.9188365322681489,-1.0849293731830116,-1.0342787026211675,-0.617589376195639,-0.2058352286028138,-0.1431908485244304,-0.193689297630668,0
-0.23679058343290188,1.0985044422679495,-0.06438123998434717,2.9893873806051587,1.4070538135026416,-0.4562864412276218,-0.6483971337392302,-0.9974037270131945,0.47802336297531123,-0.02295884946989649,1
-1.5730978201282648,0.5494447783753584,0.25290339981063215,-1.7579693082413663,-0.3590708647050129,0.014862994684974535,-0.5104151408446852,-0.09422567059149815,-0.12426671169450161,-0.20385800929898132,0
-1.7243063285007616,2.325923479903684,0.8498589721511678,1.5606375662573373,-0.30507179917986194,-0.4924033373299312,-0.0786882009379129,0.39755496428230086,-0.003135346005009441,-0.015232174769276813,0
-2.4416756979778067,-1.3086514922846606,-0.4509374303284803,-1.338202489480444,0.07945640747458835,-0.09185317907672937,-0.061226860071209976,0.30253522752143275,-0.004763752456998304,-0.011964148406353178,3
4.541868918600386,0.15796087798295627,0.5243285551219249,1.4987271519617322,-0.3325114282242409,0.8262874536205411,-0.7184848116313561,0.5230935483925211,-0.10844365596744031,0.7688616382853297,2
-5.254955490405956,-1.7002175087019074,-0.363025786980683,1.21010919457137,0.43794769540632533,0.09085249915872001,0.002029206010086411,-0.4060325850550455,-0.5464864069816645,-0.13914303404699668,1
-1.6332287616456003,2.257203242039786,0.6694864907360967,-0.9538651954773498,-1.7004507144504688,-0.3114056451168067,-0.06897709870094618,0.3511489551236882,0.7495388163331684,-0.14429728389434915,0
-5.310470304618231,-0.3557917093991479,-0.5370527992546171,0.7917874444556141,1.9924718324862118,-0.16330684477512292,-0.5190294032036045,0.6483245749885131,-0.4346085999441736,-0.06900540522753916,2
3.1375732195485324,0.6748458446651994,0.2112616025165373,-0.37313927930069285,0.023664800889571697,-0.7760050468022502,0.1223947328766192,-0.5154054131988249,-0.37897816007457763,0.8110403136069094,2
0.4705196055549357,1.563624581496969,0.6445052966832537,0.7008522010105938,0.1638708524454889,-1.9107379284937231,-0.41669944173737455,0.6321606602435571,-0.12041098701071594,-0.4497371758991676,0
-0.21933844731052887,2.259522321299817,0.5624795765602553,1.3286071395464578,-0.27844632277466386,-0.6052149872999362,-0.9466372774354918,0.15400460733984522,0.2948790837124501,-0.16713416481727275,0
-0.2513431315322967,0.4702117735742357,-0.5077983882402346,-1.32271947543031,0.6276968383536784,-0.20493331581838278,-0.1704022698044382,0.3855781656826669,-0.17408943176711286,0.25360907904787605,1
4.03099177654641,-0.43711455921835785,0.2439964130859765,0.9268307625182477,0.34189233000286456,0.17274813761647784,-0.6189512658855608,0.07235764216318247,-0.4695261782718723,0.3915580564388698,1
-1.6896677390818964,1.5242079268600481,0.50792812253515,1.698889447852609,-0.2762284505995055,-0.6492005155311086,0.009515365837985863,-0.44337006976691573,-0.3098215758199005,0.3857892270467613,1
1.838807747227596,2.1885501884807494,-0.13039163065908752,-2.1827556561604706,1.282912962641809,-0.3644009591937448,-0.5271345856380364,-0.5040056882833396,0.3949188316773365,-0.10570062146911076,1
-1.7906265744851366,0.6025931214875958,1.0231324495286747,0.865792479933006,-0.8112152565114912,0.5187256656391369,-0.11164715487821225,-0.25273249260240005,-0.31520059044037174,0.2817568343639279,3
-1.4004330594460617,0.11452588719221173,-0.7369341815331691,-2.046880590588289,0.21107877181538195,-0.29045950399531223,0.1375663620000579,-0.3353334969583387,-0.1264698564825494,0.2956917276491735,2
5.5414116276572045,-2.5018341535460435,-1.1721236110062765,-0.16689720711795575,-1.442470694837699,-1.2648000509365425,0.4313991628851624,0.23646895741432378,0.2668962563334991,0.0983734124666244,0
-1.2925385906241875,1.1618707969665756,-0.27038044121427424,0.7627475986978227,1.0531037184749312,-0.7159968478319029,0.08341380583071056,-0.6341809297814966,-0.4167142624101044,0.25197370726889834,2
-2.0659306554090957,-2.1430911113635225,-0.6045183682272759,0.3335294193758097,0.44111363401075965,0.013489419807297124,-0.14397105486561212,0.08328550900690676,0.2816677895423438,-0.005790058314840305,0
5.221620655323492,0.05080136887901733,0.30540835813194683,-1.9903265669308654,1.3091395862876292,-0.5186094730987398,-0.5119585225854447,-0.08044532272513821,-0.7648738551845541,-0.51728377830765,2
-1.6564666416854879,-1.8163336584681964,0.29991517897206516,1.199602741450063,-0.4917802475335043,0.28814034329362614,-0.816636059765306,0.037418799859126,0.2285619733819032,0.009121220927783998,0
-1.755319948979974,-2.480325248662844,-0.6014879499777577,0.5208792058944108,-0.09682218876383289,0.872545759971362,-0.6533667884235763,-0.06874108355879371,0.4978673713238436,0.09157291912356708,0
-2.03062120330661,-2.158848822737853,-0.14524011439770348,0.44008825312098027,0.5707412449606653,0.34141126436213615,-0.859840283206822,-0.03408515829743112,0.19695575091288345,0.15141680723316164,0
-0.22140564392923076,-0.6648656991918624,0.5442189489090598,-0.22901489271464634,0.4333909049743344,1.1216582221958664,-0.1863616239311844,0.22240806962208926,-0.6866727161207032,-0.06471833275418835,3
-1.895841331778879,2.8494908025998993,0.062201920228448,1.0357545605572709,0.32985423578324563,-0.5245367310574063,0.24534052686922603,-0.5672340632943222,0.11626585151841465,-0.19348492420526123,2
4.531860835613036,0.11252846161135925,-1.7853706810296786,-1.7083634397710408,0.6900451195266437,0.061477265049477446,1.5616074113568439,-0.15053826751900784,0.13766852243597436,-0.3670965729672219,1
4.247701921381811,-0.7373915484002631,-0.4230810104441597,-0.6540448930699709,0.42215502891467244,0.53652629527568,-0.013586825974367334,0.154673698119357,-0.12973867256013333,-0.3331134051278472,1
-3.583632609616006,2.3391557689837055,-0.11677362182800477,-1.327017571356268,-0.7953768048435271,0.623418708763106,0.14766846356380597,0.6590655222211986,0.6194338261426741,-0.016369439015422572,3
-1.1307958787998478,-0.2624122277963897,0.24591791466039742,-0.04055720862981035,-1.4030535152187482,1.2714454300010751,-0.15313129108880846,0.05113090236421005,0.1929045062059345,0.2587734300916092,3
-0.1860587915115143,0.6226097433159626,0.1852563641096397,0.15557684851811324,-1.0732233036582306,0.41982891731702476,-0.32076770051340386,0.11335451372628966,-0.11211691680709886,0.07222626334926513,1
-2.5685142422274465,-3.049615674422421,-0.5645050527992876,0.3909276577435179,-0.6636895114219978,0.17992825079231378,0.2808449925812257,0.21392458416701585,0.21308804816779192,-0.09912571267742792,0
-1.5766722842155163,-1.6533452059912377,0.255669604679448,-0.5880026119133814,-0.37593305739181054,0.26503378689239093,-0.6502506136904473,0.031354983530222535,-0.1531568526588425,0.053852165660911895,0
3.912019217100505,-1.6702772555413763,-1.0530464287034613,-0.3664772231685195,-1.3387327756751923,0.9580562964751853,0.7911225321801639,-0.07552872880446039,0.22801798158742734,-0.05785121757548163,1
-0.10155982718288928,3.4871341272899916,0.43988052434944996,1.464004821520889,0.0697934708794848,-0.5190692844840845,0.5061267314843054,-0.5256091389854818,0.29401687839447843,-0.39114119041934126,1
-3.208595641666276,0.36733522022614923,0.5206367197931379,0.4861151450998642,-1.0364575938750171,-0.21377965005684688,0.4604103953257739,-0.3395010053219244,-0.31813057410110573,-0.2828845472809955,3
-1.5761019655131028,0.8232719678396995,0.6785809895997389,0.8246515236585671,-0.24542991883392198,-0.22642220985292502,-0.5647268285709416,0.4108491042609748,-0.040333318357408214,-0.0404793758425919,0
2.956029090088038,-0.877293717050026,-1.6217817228103624,1.8356093779161373,-0.15271852616092482,-0.9872425790343965,0.3556910856503254,0.8464964848016839,0.6733815369036416,0.008146616606482698,0
-3.425766516359768,-0.11208323624904984,-0.2540277856413128,0.2954075773210967,-1.1927122836117647,-0.6109555595126104,1.0316483856661594,-0.504793939469183,-0.42415366315479314,0.34558305013989465,1
-1.1112840350045405,-0.24085988209413764,0.09213723859556953,2.033700781690549,0.14858214567256017,-0.618047302665493,0.03565210458880764,-0.4706559102316087,-0.4990087886949933,0.34683036414097473,1
-1.7112777407149042,-1.6322871218045296,-0.5499295124095078,-0.8230131072213528,-0.3719605024581391,-0.2611064304874471,-0.5430043183595079,-0.623992612780983,-0.09258270672349345,0.10526655204310795,2
4.998447827109753,-0.9109769017590708,0.328519916619946,-0.6155265293954577,-1.3084131538583195,0.28100964353380736,0.05875840764573858,0.005349684900873216,-0.5880342893177787,-0.3924408310198785,1
-2.037340565675027,-1.2388853142468268,0.05991622732198389,-0.2172223881849173,-1.4872195171424005,0.4262416436438566,-0.2579201892073457,-0.3118335815628621,0.20344344453320068,0.15232845245769247,0
-4.41999943951838,2.030132085387826,-0.5833546482388532,-2.2898394998483296,0.9682953065484009,0.30076306766189076,-0.2998158820340551,0.22068650992411756,0.52120831372721,-0.1796243701305648,3
4.637333108391348,-0.9621452114958225,-0.028219377079685068,-0.2704653684120992,-1.4980318415693852,0.8625644813034422,0.5156739970016795,-0.5135152997310104,-0.13856356356696328,-0.6444428822210526,1
-0.7937360518556148,-0.8562510138914213,-0.2290095464249575,0.35319257257531156,0.3721699965319811,1.254595474931859,0.3480865239455368,-0.2588562356323166,0.2672636191004939,0.04932037451901181,3
2.0209454334128387,0.4989354592990347,0.17165453770328584,-1.0777734471473959,-1.4029732331766989,-0.8577101064750745,-0.307733788665274,0.6604288876099859,0.5196621340623943,-0.3153250273310642,0
-1.8232570727921737,-2.1227080989918923,-0.21993719697806854,1.0202880701282215,-0.3754593395496566,0.37693745220623565,-0.7304507536890666,-0.046895622951032216,0.3988682840276848,-0.03989661850068838,0
-3.1192681920710332,-0.984054063105213,-0.6407873935780983,0.31603981952648086,0.18531451826194364,0.32516645725990045,-0.23225316026041304,0.1378246620608207,-0.2345171303351897,0.25561903639976974,2
-1.634281825406099,1.7434185738295742,0.3118780366861478,-0.16674666863176388,-0.729654669377241,0.45326137782081954,0.4600104112008806,0.24960978715161367,-0.1499908855191883,-0.4969864626994327,3
4.449898369223528,-0.27317828283481366,-0.06936481880677162,-2.1023921726282198,-0.05594652912108826,-0.44245610837352445,0.2860898766633822,-0.1872554552134714,-0.5421059193661825,-0.26973153259787397,2
-3.3916737193227897,2.113422460473107,0.43914426823954184,-0.5198824880332126,-0.04654742950527187,-0.7004339084057624,0.998367527285637,0.07257035044040412,-0.21176855535858452,-0.09573626432372036,3
4.42494440453847,0.5617610239462605,0.010069352635780056,-0.49998608055863125,1.4451926885638953,0.1917911906779521,-0.7140564119975698,0.16711462952232098,-0.5862955578205248,0.05425270724425388,2
-2.3600927311399946,-1.8939451434920798,-0.2642896282384933,0.06390968855362157,-0.2642751029853684,-0.5537349440939476,-0.5124736031523981,0.08346923834700776,-0.18926685707558769,0.009632906310124468,2
-5.592000532525734,-2.3748959613369873,-0.5238297515577054,0.2772160069637859,0.3121323636537993,-0.9388816835124506,0.19552586462950108,0.8752646853941688,-0.02992781826664714,0.09716333158572257,3
-6.100554919939274,-1.714859359956096,-0.4596970713474506,0.2408590690264603,2.1222738065521867,-1.163037948332204,-0.30865783301627536,1.1138739135354507,-0.2809742283450398,-0.26866989679781905,2
-2.3738632790630696,-3.1475298147878186,-0.855233492938784,-0.05206434367885672,-0.3859412577084071,0.24924740641328233,-0.08771040624477805,-0.21791445764432443,0.575172124326779,-0.12581925741354089,0
3.518564739807952,-0.035966473308982054,-0.554466128292438,1.4398564133651393,-0.24985670066227814,0.776257556118861,0.26197412035280193,-0.09839301171078167,-0.1261284044262424,-0.002311220905603275,2
-2.1060424333207957,0.9665210556363981,0.9087248834832945,-0.541206556061804,0.039713544952809314,0.32417428751406985,-0.361352529364076,0.9583350416831742,0.008002798951185915,0.22465119113276766,3
-0.5045661376270419,-1.5921851257483617,-0.3811327482145366,0.38039371573086406,-0.40055995714575093,1.951686132332757,0.31951062596131197,0.4457005640396514,0.09398162596254833,-0.29609432018853943,3
-0.9535607256413741,1.5611994410293597,1.2243024568081644,0.4865019637089376,-1.6974097889799742,-2.110092290824906,0.06264113715425573,0.0291231055327283,-0.4260524461492843,-0.17786913095439125,0
-2.065641029406531,-2.7107077702381197,-0.4835339957742011,0.5127045435020336,-0.5227178421581095,0.6059444091972206,-0.1007397282518842,0.21162887945021955,0.18508665473609345,0.19462273303052935,0
4.526745525634278,-0.40514810933731155,-0.9953448695429892,0.1272517438185494,0.11650328716488456,0.7822691625313979,0.13854183144415266,-0.1395041866086414,0.3059714834794347,-0.6691986131384104,1
-1.3881856853964767,-1.793957910463524,-0.23380981074521798,-0.27105175746340315,-0.20898280803148722,0.7529765951961823,-1.1825189898125692,-0.4546630070585418,0.5384738249899458,0.12033352504439979,0
-1.897962763543739,2.9038576166229757,0.32522614497104757,1.2533742364244815,0.2548504944640404,-0.5769344641326347,0.09528750822125713,-0.564698066039964,0.25604627955810166,-0.027869828441292852,1
-0.405400519687162,1.457537189735527,-0.5254108307085537,-0.7811579241988879,0.44306463559722636,0.18113253985184244,-0.5435996565111316,0.27287548732718014,0.5482125765904525,0.18416743472906003,1
-2.568560987183295,-2.7927530817575503,-0.39973908959494686,-0.6695219437519174,0.09995642827240761,-0.3035449409840521,-0.10626805325428623,-0.010110770902698542,-0.015031594348596132,-0.30904632450425623,0
4.694817640832669,-0.03995519673244193,0.7128027433178343,0.6840364057639312,-0.697011470204657,0.5451675799947964,-0.2733162653241103,-0.11659113219862723,-0.43000680288159526,0.046592092510208814,2
-1.209364453454724,-1.8909907859303878,-0.8114438723448458,0.03888269213312964,-0.8938084129436084,1.701407915101025,0.3648085234554962,-2.9634939354230845e-05,0.40989733970336434,-0.5535890177035891,3
-2.705401349186972,-1.2420000886614777,-1.0216362819184444,0.4335784895570886,0.508603715526832,0.23252527424108066,0.7858428593889994,0.49622304752784835,-0.2949489681500421,0.2545477161730735,3
-1.4855306810616313,2.5336173398322743,1.361724089960981,1.413342148655803,-0.43881356653492826,-1.5672577906459326,-0.12374312579023672,0.4343729608769937,-0.018251618937228747,-0.19236033832543617,0
-0.8144226857371205,1.4481079938421269,-0.150787876029289,2.1593156076723816,-0.18841914318376476,-0.3698369235309442,0.1455453793273581,-0.3927448814397515,-0.004407359965863225,0.1325998231096019,2
4.656405049260527,-0.5302149830967589,0.02925808622397465,0.11170407303030379,-0.26118989044340585,0.411843066704443,-0.47957722810042847,0.26307660929839305,0.004119250469042374,0.7595854183389288,1
-5.305887276759131,-0.049786122142760014,-0.2296460095012761,1.1691452983274442,0.45304366159787957,-0.035406277345318156,-0.008432536030471182,0.47230951911239444,-0.6659953063546569,0.17309865208443687,2
-3.3381091207870384,-1.3376815769824122,-0.7925669563278191,-0.8367902019222007,1.0090643021523145,-0.4142437581334201,1.1221739276339073,0.5106393261919984,-0.5318834137079661,-0.03190960982500885,3
5.464392302693349,-0.7660313424802891,0.2937828120988919,-1.1129253430264043,-0.9578099594875232,0.2779229730988568,-0.4981409177643391,0.03802194897500632,-0.4742163512411482,0.06657694133387315,1
-1.138620809212599,-1.025757347287969,-0.12685912493201404,0.37002195333363025,0.3690337282185554,1.499715533683534,-0.11599096100916487,-0.37588065151519734,0.125730133077348,-0.24613356367948727,3
-1.521395228967742,2.0331411418397454,0.3402887783710358,-1.365522200684063,-0.29262202491445644,-0.144949016397904,-0.7472572872087669,0.7256940336181674,0.16540697013581504,0.22930259393537974,0
-0.3335786745170405,-0.8248773331072538,0.8168251875847512,-0.02229565498867896,-0.6446277834629794,1.1672880622832722,0.28222094801154085,0.2416083375022057,-0.3578282802730505,0.19815852596360345,3
4.367208866423365,1.0928776318214106,-1.0111404403149729,-0.42781978681219734,2.634086532586221,-0.26372756753553633,0.7727877175475664,0.14216391611059867,0.06601997091717288,0.41386100833893147,2
-2.1103398932910333,2.127898360128225,-0.44663190427738425,0.46012644983114437,0.3808005167780046,-0.8531283730494785,0.6387171278064845,-0.7320387300050342,0.15461907900920893,-0.028721215911593746,2
-1.3290054149608284,2.2623642260544976,-0.6825319121551408,-0.9681674230126202,1.075265807819381,0.19835287404369728,-0.39676345340457825,0.274389566051093,0.7180571453589706,-0.056415352171254,1
2.8158000496755347,-0.18499569523700587,-0.003961759134287114,-0.5798376443012531,-0.41512724524035965,-0.5897467769681184,0.392318050798289,-0.8684944616031717,-0.18695315246989072,0.4179487932375963,2
4.928811512976864,-1.107143263301782,-0.03377473793725573,-1.004421099388314,-1.1826667179175394,0.771800164635025,0.03574597152518332,-0.6255945797808498,-0.2660177001422547,-0.8999556196575148,1
-4.591832672217123,-1.9299365687194514,-0.7400174670820744,0.7475338335675343,0.24448404994903392,-0.45136023438846445,-0.042231858113361526,0.23097679319777475,-0.21592405638090006,-0.12213420605380132,2
-0.1091987311976683,1.085021416802786,0.42726739524706137,2.143812988475761,-0.18930200392762084,-0.5211312198108697,0.060228432475069864,-0.616265298509437,-0.09456439529570511,0.36111912604125873,2
-3.897686501756718,1.303601110532127,-0.5789147482704605,-1.2837017367439656,0.14360481057926086,0.5129272518055858,-0.047413201640915933,0.582273166474915,0.05691547619560657,0.19312519456471128,3
-3.9441763775495287,3.037935809081057,0.039794719326229085,0.7280515815851445,0.054671369451350586,0.2752225921762867,0.5199644694498033,0.30261730072167414,0.316937357613142,-0.0023044579683648664,3
2.412288710335707,2.497780529409114,-0.3160669163199329,-1.5200317925862419,0.1555271711150443,0.22032856297371253,0.50456489179007,-0.2807338412997324,0.06240824569420561,-0.10315043999505029,2
-2.06399755496349,-2.056062831772058,-0.5947075705070923,0.7531546427271077,0.03470080723139963,0.8618609013570204,-0.5645878785801234,-0.2075800140979251,0.44538669485337956,-0.11974567957839005,0
-2.4961855700339663,-2.9244060851385485,-0.9370682446562504,-0.14833621192039648,-0.23101455513795957,-0.2792371233346474,0.357332386254561,-0.04598416450802461,0.3416937433265858,0.05336560716915987,0
0.6483214190509746,2.433359820581629,-0.04499246735556938,-1.5885556695704453,0.23535258301119058,0.10670284443196687,0.11827612756741973,0.2794228015628337,0.21461893996711326,-0.07235670307833098,2
-3.95142508331478,2.808861126371359,0.09427744270237488,-0.9319535554682672,-0.5545689130869103,0.601637260541,-0.13106958227651958,0.3765827182492734,0.5345896587762203,-0.019603483103618962,3
-4.89375112231583,-1.7726987204829165,-0.5741013093020529,0.7016259055385373,-0.6385325969830254,0.13994476492518254,0.5888532707149154,0.06587541273988343,-0.307659310604555,0.2113950697942934,3
-1.99672501575603,-2.3937962954212066,0.33106975265258565,-0.7104401410553977,-0.9824113126685797,-0.3117192326399866,-1.1545761038194167,-0.19731891796329953,-0.33677583063063593,-0.12599453345908146,0
1.1119092186597952,1.0990871945834577,0.35127209250118735,-0.1579980588921828,-2.129751785074844,0.12609105119664574,-0.590208176554713,-0.07132594979717652,0.1841524343164433,0.5537715780027511,2
-0.9907400145806577,2.477663659838127,0.17534512098717941,1.2708607615059953,-0.09804548178625598,1.6698163245647422,0.06621991107771852,0.45585578110690606,0.23463130161268514,-0.44493111757610204,3
-1.0175562543359264,2.4290905162737206,0.3104498489935408,-0.6207006897254248,-0.7201811442847565,0.8166219765852097,0.20591254636285072,0.654277116419328,0.1951228292959446,0.09647454228579722,3
6.406032499170777,-3.0209673675596975,-2.0242689308239674,1.6674123857099576,0.04073532173583048,-0.5474983304852149,0.8812654497107483,0.18056378938452455,0.5289244047280055,-0.26392693675511686,0
-1.4069951414648123,1.0143139062146718,1.153902840353245,-1.1278421190336447,-1.3336642011812405,-0.31832093138181644,-1.2353660544790526,0.08585605982918987,-0.048627108894768595,-0.015404194511816167,0
-1.845663058260914,-1.2642423717748832,-0.5298842340346245,-1.2558342253793442,-0.6182830190161328,0.3184535332309991,-0.5477784856276982,-0.4668556046496591,0.27025616949497316,0.02469829717096762,0
-3.3054992659235616,-1.6399899630293928,-0.6352134823843941,-0.12939525488929826,-0.6565259677987089,0.38354807986106354,0.2164524286757032,-0.14790614286149756,-0.5199623594316383,0.43149338024597544,1
5.039661523453825,1.040263177768688,0.18103916189324243,0.5446833566343514,1.6582025013968753,0.498344744768231,-0.48822678815575205,0.5549272070178152,-0.7355681003656889,0.05834114458653057,2
-1.68541161828569,2.466514975887182,1.1608514711456828,0.47178350630496096,-1.2098729545786515,-1.1178958539436696,0.13352933155490673,-0.025281569543481805,-0.2909765702108235,-0.02189925952677487,0
1.1770501297173848,1.0804968621172724,-0.07491724877925622,0.37454969568411267,-1.8389003667366162,-0.6988212976887912,0.9797133472437026,-0.47371235788114363,-0.5743526662720085,-0.19998871495287257,1
-1.8413974341355481,-1.073576386502325,0.3091460875448843,0.24532621943215874,-0.21543219275647668,-0.047201196721057916,-0.7035301056932056,-0.4389558026075637,0.000397666061873868,-0.3365687953522651,0
-1.7557952035532187,-2.508300564973352,-0.8180141480509334,-0.48414396206055,0.6131269770713568,0.28463930065586784,-0.5096325946047585,0.09308400874241117,0.1436111894082854,0.1328132425334142,0
5.482035921623296,1.7727274427282715,0.17210543345867838,-0.4857604127971237,2.092097965978481,-0.02343479240662947,-0.033710513510101396,0.7223067744091866,-0.6686447199657171,0.5382042551029048,2
-1.0151623248620194,-1.4762552451243642,-0.8291557812278314,0.02135509433864872,0.7647840520771388,1.3810230920415587,0.358443659678055,0.22862203685543428,0.4324958409784973,-0.2813750577058223,3
0.5814139853196941,1.396319857410954,-0.009114216417747113,-2.1293305719984055,0.299692866523221,0.035437824715174614,-0.971751529157945,-0.770089750618923,0.3081440375914298,-0.1457089945293175,2
-2.3205478812742313,0.111503201487093,0.37359657228910514,0.36428390580911674,-0.4032113632439257,0.15716475977943228,-0.5280456461167173,-0.3193072814722914,-0.08930118362231074,-0.4317478532480025,0
-1.3811590047765463,-0.5933433497405434,-0.2779370381164664,-0.7368883532072495,-0.4666137159612933,0.8617276082424509,0.8524676889823287,-0.774460813004093,0.11043836826443261,0.1297325387990423,3
2.6931537938295893,-0.3826552766928613,0.6556096324110954,-0.04611661086839408,-0.6012007807516415,-0.9028272876457122,-0.18871241676176412,-1.0272700800136227,-0.5438086439578712,0.47078860530472133,1
-3.843233069866109,-1.6770412685965514,-0.10268087733153883,-0.5845557574801409,2.2172938212762183,-1.2464889703786826,-0.3242984370856442,0.15293458106426605,-0.5447161854020944,-0.13691337968396522,2
-3.2176981075993485,0.7864979153660241,-0.5604116219050869,0.32943927411613894,-0.2487129846842057,0.014505354501331013,1.2471740670692455,0.9641336642420946,-0.4574190550688713,-0.07971622018109938,3
1.2706977734997404,-1.8868748455541915,8.343617987493422,-0.48289254400820586,1.9157069111739153,1.4068504024969124,0.9770475755218244,-0.5548640287876695,-0.5440888336591951,-0.25767880793149617,3
-1.4950240926713172,-0.192880255096952,0.1391522834083199,0.25353512522600635,-0.13074417788740136,-0.6790775090290984,-0.5832280882161777,-0.16653433537884035,0.14788494000127378,-0.12541215134528488,0
-3.251331032006825,1.842256988375077,-0.1186930719041225,1.4587299927853075,0.6494249442853335,0.4441292322610034,0.5906062760648284,0.8687896713195074,0.011289089478841776,-0.23861544988496974,3
5.4909217457456965,-2.823094327490097,-2.2360225706131334,-0.22154966870706191,0.492105557289774,-1.315043401701169,0.6441401110696251,0.3096933161958497,0.7249552141003532,0.3501568916555213,0
-2.051380662353313,1.7827860264401383,0.43069379885095055,0.10310636604189972,-1.967415389626129,-0.5117322215653258,0.49360186432229786,-0.48730841417049703,-0.02920888676652512,0.09220787726680235,0
2.6734319327757348,-0.16596199996165242,0.17358797467769577,-0.48889505638393727,-1.4053515584164837,-0.5968802801787396,-1.0510990762442005,0.6950428697547152,0.3793289633004299,-0.00021862894083528737,0
-4.090061459740201,-0.7535509580601346,-0.8458965340467014,-1.429751964786594,1.5809384251692606,-0.5096040549382538,-0.007723402069922746,-1.05895481808825,-0.36453652950348275,-0.005011441874166769,2
0.5417258877754949,2.4502611760791524,0.3212287599529066,1.6378864822736356,1.720149045062952,-0.15204307556772126,-0.6484808142131765,-0.6876788988472431,0.2134643734202398,0.43594176888532665,2
-0.17407497208695197,1.8175658838514648,-0.10148578438272392,0.9351967649497388,-0.2521581761697991,-1.1813299460049573,0.5442093880791972,0.4328747633065143,0.6645381204190173,-0.4204163177719825,0
4.233758873400307,-0.23954770626001487,-0.6243738636524171,0.22301417660957856,0.6327557395423636,0.32420928077671546,0.13424167768414683,0.5301510978953772,0.03966644100276023,-0.03226221895362154,2
-1.064519912365464,0.8879194302670238,-0.37933815481765687,-2.0252241705334018,0.3415969084813561,-0.5856626537313994,-0.07170833307263642,-0.34342358648149546,0.1085353703828638,0.3243289656679903,1
-1.3206539037309846,2.4566776560148553,1.2993612416439446,1.1829444477110143,-1.1650800891495532,-1.2956448162218763,-0.05297525057842217,0.4445183664911393,0.10687316580445777,-0.40501801904239987,0
-3.1753506852361015,3.383427195591923,0.2380162901268787,0.3065479704878823,0.0933539670109222,0.2775278091720934,0.3384869528862063,0.19666986299143852,0.5106456314080705,-0.33584954390137234,3
-1.8853633682615798,-2.3046408451661238,-0.3508142713015137,-0.03264461382658044,-0.825954276051033,0.5498545707921559,-0.09790340521829174,-0.033842925827665495,0.15555537164845515,0.2503770472534874,0
-1.5540576027222475,-0.12075189789437554,-0.08939550917667907,-0.979312886331927,-1.0384253747055623,0.16923404141090592,-0.5441770011639351,-0.24817851331814186,0.14702312219870792,-0.00800142261237684,0
3.71202285094007,1.0594977743220437,-0.25838870791202967,1.4607119635465535,0.7511280405593714,0.014998536259997341,0.3313287410004862,0.14052725134140426,-0.1615145063526993,0.6165501356667293,2
3.6964687820391644,0.32228495541541174,-0.8812696513851521,-0.47442763006324656,-0.711305254184703,0.10754590548303734,1.2526814565869941,-0.3842946261048063,-0.48794230150834433,-0.09546147995372063,1
3.0355564117128226,1.624945893834874,-0.5681771404518482,-2.0758029903000783,0.0447863480389896,-0.19187310046970524,0.7554034603971346,0.06594391820089754,-0.22683277572701122,0.2395549282133692,1
3.6642909651831497,2.4710543725044047,-0.138712526482071,1.1273547593428948,1.4117344913560264,-0.021559998752333755,0.4254880553750622,0.3267310474580032,-0.4114181041408796,-0.11942396291226104,1
1.83068145392786,0.3018190560363179,0.0072880882445349295,0.19768070975479649,0.03666704978658038,0.8901233480301244,-0.9002353535787835,-0.20922193048898824,0.7585153710753213,0.48921147535192333,2
-0.43510318464609987,-0.6398649782878865,-0.3408593003842134,1.0626630488333597,0.07028793016763911,1.469925786165351,0.28917525350653683,0.5124103995480921,0.16350255611663958,0.4617056461960061,3
-2.19589066233833,0.014358070706737159,0.2756924670053694,0.6894881667262486,0.1169653104433519,0.10920849823574452,-0.7196527986172548,-0.40343032622937697,0.07443899156022535,-0.2952453002594976,0
3.683142942540072,0.9414748778586827,0.15727217192592344,-0.46418998381660065,0.7527357877464165,0.3161149883941562,-1.3121041414602619,-0.36354503761925105,0.026834066751018765,0.2968414103858257,1
-2.2149457895186884,-2.324859674695214,-0.6682984410744983,1.140260760666877,-0.2542257682807769,0.19469447914555754,0.2830959716807609,0.6596935677611605,0.020592823757031174,0.17926466223487736,0
-3.299347405591628,-1.619615742372467,-1.1598118926375225,-0.7904098733380064,0.3308092025326805,0.0873172502246132,0.9591186553997552,0.73453125621661,-0.08041122142675679,0.05331067927778046,3
-3.0401292192110927,0.12499071031480334,-0.12562195668770967,-0.12435298382684808,-0.4297172221599153,0.7465687090193605,0.6212208052849142,0.8338406694146699,0.22335280487253972,0.1797070430520778,3
1.9511320538133858,3.129405172973634,0.4407645770195493,1.4248831894549958,1.0211024962477488,0.4533493844660037,-0.2730734080981407,-0.4535387602601738,0.23315904758233383,-0.13864587936598366,2
-4.983978204787222,-2.039108786149776,-0.726102243943013,-0.5757418858815803,0.17148360581453992,-0.6164735661426541,0.5229190157793471,0.7303528728542562,-0.38162413971929166,0.2436545269261663,3
3.9104283643674553,-1.7015003674723264,-0.904021852787144,-0.10544022153086247,-0.43255613988640546,-1.4798229610945255,0.18180814716331217,0.07119742344899854,0.3477446759868763,-0.40866578247762936,0
4.729705342567347,-0.2770104955991874,0.4139380306925127,0.8529135522036777,-1.1767014567688925,0.08373291528569154,0.13640715452573843,0.3195816812328838,-0.5505852093409976,-0.4581662223341828,2
7.35777215658335,-2.977351829375812,-1.9763593062863554,0.401987269158609,1.2558816650479072,-1.3522725932474216,0.17837916888623545,0.6547711974501016,0.37178928873505174,0.13165521223173884,0
-2.3889938767855905,-2.8710540848819557,-0.403070284607369,-0.4899816588372633,-0.14227264807441978,-0.2066087696347429,0.3660549624638131,0.07175116300601353,0.1422313585797496,-0.05169922111594618,0
2.6713998089096864,0.28055946264563414,0.21487851974334887,-1.690735080095349,-0.683598585278232,0.03342650592075183,-0.49790528100402165,-0.3761178499359927,-0.0549811645544378,0.7421370389684218,2
-0.40033269688524986,2.326528391252369,-0.11476670388238758,2.1519236102702006,0.30671574949733604,-0.4330946331397979,0.17110035653622988,-0.2514405322330334,0.06975784742635827,0.25306159051341076,2
-2.3863252649025766,-2.9777406187958704,-0.8079601493681031,-0.12480892248391931,-0.6786478512026072,0.42796724401743774,-0.13409928854945813,-0.15124357839349611,0.30713465807054474,-0.04737969879184488,0
2.304529638499924,3.2376579372472998,-0.18260088617780218,-1.9880692073216795,1.4021903891312357,-0.04609530419619589,0.1581474110446493,0.2616116369512372,0.2524737283529729,-0.05377683537936887,1
-1.5783891147453566,0.11912521839787726,-1.1830169642288635,-0.4483637828092137,0.6328391506550691,0.4975974780433463,-0.1762928054389929,-0.286631303496011,-0.00960466763615225,0.22133749621385673,1
-1.0056128192229472,2.285601103696901,0.6640536542137654,0.6068842423864169,-0.5518606849465172,0.8555958099441471,0.06694380724150985,0.23570242298861221,-0.22885344214413253,-0.09859619247265228,3
-1.4128202293531713,1.1716774772333909,-0.16853742071493846,0.8851767325323766,-0.03660693339713226,-0.7697016313036976,0.2499310248411108,-0.7635919477441111,0.015301536214108525,-0.05570875665004732,2
-1.1682636786793719,2.775950248689052,-0.007823711406959139,-3.156664471788595,0.6308144089315313,0.03593713206507087,-0.05265259232386074,0.39150303746421977,0.2530143036363826,0.15355175151227934,3
2.6444321908160586,0.8625248791328826,-0.6290344627212344,-1.3426545176349525,-0.005682248161778198,0.223606939889505,0.20565378806557794,0.2092192332008455,-0.012212593547303321,0.2809254602850486,1
5.446182157573224,0.032844813661783774,-0.02342429161538906,0.14963341460521207,0.9199755687969169,0.9004014282008461,-1.013575874460705,-0.1648555943319863,0.06754449477011164,-0.12640978326168942,1
-2.4887961106248366,-2.840851581679246,-0.6161344239431019,0.4966416758662201,-0.3754402654700275,-0.12959255031432093,0.30258913287779,0.1585300835554831,0.3033842763218899,0.12910841198794584,0
5.299145327354035,-1.7525571720327882,-1.725959486464378,-0.10849727998115243,-0.19416700244058016,-0.5074725169413162,0.40032849396601794,0.31683656301134305,0.2761959605938778,-0.24021442308274296,0
5.008098500344956,-0.08131766960579499,-0.3082351265485312,-0.0317635477277646,-0.17420115592589,0.421905204160986,0.5236411374064394,0.35987583381912314,-0.4476289616505794,-0.2549064868613989,2
-1.3438088911088406,-0.9881747366784747,-0.7519321854642933,-0.885874353333989,1.1027059802555506,0.7864399154374944,0.31795709219193313,-0.2302504103281772,0.30236750660426703,-0.12821472358504366,3
2.9647960772140687,-0.6096869145946198,-0.7794440893150485,0.7491575210775172,0.8155262284803338,-0.6034521070108521,-1.0183584786404158,0.7840725258541512,0.6095413584533683,-0.025058842058946845,0
-0.3838737194400377,2.4031622157784,0.06865907772968367,-1.5083161186080285,1.9586650959319436,0.6037433554134184,-0.25129738328766765,0.20612257851925775,0.064636071816413,0.2939159828996413,3
-1.8924482554032027,0.06498505415171808,0.3284642775463672,0.26122239098564914,-0.794931707462499,-0.3423197941609726,-0.12634256105507377,-0.19252753823074356,0.05617486433988319,-0.12593286851339486,0
-2.1140928402454775,0.6020254463662676,0.27121592741099526,0.26672754075509425,-0.5095512048899691,-0.4539298130335071,0.07801784460336228,-0.018325702451196222,0.13264978568135272,-0.06900902725000921,0
-2.676342719847489,-0.5574925168374055,-0.14261472351958268,1.1587913359551163,0.31177244879525406,0.38524312710612985,-0.6641925915057367,0.04585506657207046,-0.6492001694006119,0.4321441544531431,1
-4.257472438040561,-2.3348055213823944,-0.06367563375555464,0.46355129965521435,-0.40641022974698837,-1.042749204390568,-0.13306142696933115,0.14954557147158143,-0.2803637027578326,-0.24322772929255035,2
4.3462894028626335,-0.17132926287192796,-0.9474543991741442,-1.335409565967456,0.23699928894353972,-0.042694631288636285,0.4808017533526198,-0.584879021091896,0.1519001528690827,-0.680931965298919,1
4.944102049036859,-0.5123554968047949,0.10139935639225094,-0.14388566835220137,0.8075318704666082,0.22855252488381575,-0.7846257715338036,-0.10466539500430216,-0.14963559397187434,-0.9369568720069282,1
5.283930653269622,-2.4170431267230983,-1.382609700322148,0.4817621707810903,-0.033495654020679666,-0.8072581900195236,-0.18190548162076958,-0.17036989354000112,0.6576309662754938,0.46043131014079386,0
5.269554265289927,2.0326733623052564,-0.07494855363473422,-1.3545034347617737,2.6009520904518775,-0.37809237889103947,0.10757993285267113,0.5484617586227365,-0.5952070100792022,0.5574737501465009,2
-0.9860491555915546,2.6618361122858922,-0.25177915907684967,-0.8324296926965495,-0.2749906320680222,0.35863192292706325,-0.6813861833861038,0.07694016928750136,1.2089794884970664,0.13671968760561845,1
-0.9993396952707535,2.328811145177631,0.2351064181244677,-1.523253714243435,-0.2120959458453112,0.6442199610593569,0.30234053209962486,0.16625899758428542,0.28154120457763754,0.2241934440597963,3
-2.7002611640258833,3.297045762526468,-0.4106740709038207,-2.177667128945908,0.44220141275202257,-0.03779625920505363,-0.20330565997689312,-0.0451200501964063,0.8770635908662971,-0.03958605794680762,1
2.0978730907358876,1.438334440144281,0.22940988568677836,2.3194032174490955,0.27686328728955417,0.2331325428650348,-0.5133417016331862,-0.036954932722893914,-0.5612528736785002,-0.00867409278236233,1
-3.0724399363560124,-2.4424539387322697,-0.31439113800368657,-1.1441945748050657,0.4687567494083244,-1.617749358431609,0.0868360635352173,-0.14741697071202625,-0.23518086502856414,-0.20351906042091333,2
-0.8486092286516304,0.349765896575562,-0.16182090828023274,-1.5398431861789574,0.7345518811162826,0.9379037352681989,-0.5487675130475573,0.16629039818386973,0.254583913315977,0.4322328979609004,3
-1.6375410788003535,-1.8177899367834847,-0.10493779315566071,-0.8965508904353079,-1.125775987748977,0.33102727629937506,-1.0744432413848541,-0.3932512687272023,0.08720527920801693,0.03230831891712118,0
1.5540303091266034,1.0238227210682278,-0.07016645840953332,-1.6842525313262056,-0.7035369670360454,0.11569575246099545,-0.11184827293669938,-0.26421676497457514,-0.14009694711279697,0.233860287849437,2
0.6557695269478053,0.4119745813237699,0.28689098073696373,0.8284871039716485,-0.5179846278769418,-0.5153715573117587,0.3624660528490456,-0.7989682866923368,-0.06870186224563148,0.2229999595654946,1
-0.9567933361805973,1.1693808567171662,0.5552514531154997,-1.9585725994845513,-0.37836382595166806,-0.30436291458631926,-0.72158442475906,-0.0028604480918715588,0.12396824080002515,0.06777720456245327,0
4.031874773401099,1.1512243809279996,-0.7198156247973979,0.4603973333861392,2.09792972500283,-0.021364478929446734,0.18776025586324596,0.3129136337613211,-0.022511028123233648,0.7244968843114681,2
-0.9800956871767148,0.048289779610213725,0.012365512543464054,-0.2610244489391041,-1.4633407436790205,0.30236739364884313,-0.04435539788730569,-0.5351579619198411,0.19935131987734017,0.31365904021967045,1
2.127859068069365,2.0267470636092098,0.07881764099949588,-0.320523093870515,-1.5405822405113643,0.15814424260305218,0.3315511859556407,-0.20978822178193715,-0.16022686397277114,-0.0585322213139832,1
4.554726292980616,0.3650197173189802,-0.9167188728225513,0.48209748881587183,1.5523006896287657,0.8379822660081966,0.6858945836130225,0.35809115533659236,0.2830147756166212,0.22790634976081492,2
2.845840645544794,1.8641521678820485,-0.26411951324847094,1.848858217875517,1.6361471588679866,0.48213575640033063,-0.24675701591871269,0.026536798930894136,0.024422789577163574,0.599480475395082,2
0.3486072883547156,0.4904450310601734,-0.4215142160810398,-0.5278132737279185,-1.2282302259135573,0.17050828510890834,0.02681561999970627,0.02043745774628769,0.04420061879746774,0.20432815363610285,2
-0.7446063311829485,-0.43092913386209325,-0.22740859100036262,-1.5480618009649822,0.6917859064428711,0.7948873528769046,-0.07615332291979782,-0.4504705404082004,0.22745300720537404,0.3145852051054317,3
-1.2603171451168027,-0.9458494702158549,-0.4925547746976094,-0.9575217123083526,1.4705034216352266,-0.09338997161561965,-0.645457742429783,-0.4165852199189638,-0.0673769577851488,-0.0864230819454007,1
4.069127498679454,0.31883295997956135,-0.32669154216349716,-1.892480720471258,-0.15422816584844404,0.18691137652713505,0.25177157147209805,0.024129358929292553,-0.3590888933000927,0.8263250573802027,2
-0.6037228627551628,-0.8878565379195547,0.1258016844681961,-0.15443093829900678,-1.147135763194312,1.186418143042341,0.24021208036816283,-0.010907110649227794,0.06863366863608417,0.39495822846925216,3
-3.9304348130803244,-1.689118346312978,0.21005725335718206,0.6560420046327015,2.043644616951144,-0.4657249444348534,-0.6971336685571041,-0.006260157940785488,-0.4044172848114636,-0.2415192774823034,2
-2.063883616761114,-1.6344687289155941,-0.0362998855220474,-0.7111533604834557,-0.9345262470746539,-0.017943220678013724,-0.7202540256494484,-0.2189839722397042,-0.27390431193305503,0.046505081871944694,0
-0.24176085672095154,-0.505917991418462,-0.6101796416434476,-0.33132149635987185,0.5080162971614138,0.5288529158891923,-0.5360099792780658,-0.1649616961707695,0.37076189630728024,0.37422162059294717,1
-0.1252238607786875,0.8935816048252548,0.13192929829385477,0.6905181026934807,-1.7155197476157238,-1.7045749888127182,0.5327867641566784,0.002660025523121497,0.43121221809445864,-0.1879693692093507,0
-0.06914012917971256,1.4465024837557265,0.5607613528077439,-0.8343981458705144,-0.8335745508998965,-0.6794172340176412,-0.8368039982743132,0.7882420460258814,0.062051537342324756,0.08199132814981087,0
-0.10354393072414102,1.0184180683201218,0.24658123159627343,0.26892438387918655,-0.9043205306300389,0.9464884752616064,0.0525480716664087,0.6219608802724816,-0.19242038716131282,0.5386143213404126,3
0.6957173467937193,1.8901150226379495,0.8509064128780434,-0.10108946632133,-0.4870539852348517,-0.3815813830580216,-1.1397639775863706,0.8786707945347262,0.28677206107961467,-0.20300941558767305,0
-5.112490176947463,-1.976340754858002,-0.39607960886626703,0.10313623499026954,1.249741810678505,-0.767662379413778,-0.07647142336271222,0.8339019905454602,-0.4927399855527502,0.04965658949061575,3
4.500812733492022,-1.7866420568549735,-1.316751263142885,1.7194062654557691,-0.5460185825651594,-1.4444807970161655,0.33748484678603025,1.0479001749133492,0.3233450477494374,0.20106371069488302,0
4.257378940295072,0.5750020444501008,-0.5982215147744343,-0.3504148875973236,1.7615363031288827,-0.061168501057996684,0.30916116230354795,-0.3544654047029944,0.24600308351446915,-0.004724734068141305,2
-4.022518828130143,-0.06741090976549274,-0.3441936183843473,0.9947589081560579,-0.3696020623025024,0.021554916733818576,0.30947983102182436,0.2832057426990186,-0.3600226218342248,0.026377996419580295,2
-4.978511695884034,-1.8866269037947696,-0.4910549161858604,0.5967226309629,-0.6002966910404215,-0.20952051176881809,0.7389613179968786,-0.2110125311874741,-0.34472300877472817,-0.11636616282562717,2
4.606833166644113,-0.1947031395956982,0.007761845626337621,0.7251377971491467,-0.4792201808584135,0.7772538733419848,0.023294299977017482,0.6646604252535809,-0.1372306213760395,-0.20845486178433248,1
-4.041588079891079,-2.1391378439898174,-0.40575020940318224,0.7090442314460367,-0.9095431875121144,-0.031571998027787006,0.19716264689676014,-0.413624694157918,-0.15636462966877718,-0.16457304535395392,1
6.309787010201606,-3.247173431139005,-0.6111886040332053,0.6436108407432702,-0.4547166323574831,-2.304330480578148,-0.737650756185685,0.40984503251187127,0.08576951620822948,0.3456304863985196,0
-1.5871773980465618,-2.1346874715092223,-0.07326635025993607,0.7572096044618774,-0.5054940446537756,0.7049177095157677,-0.8867283810184452,0.042427635849661055,0.4351156715951272,0.07677403791679743,0
4.426088052067725,0.2384754831903395,0.2103444440519784,0.6503962863323391,-0.004332456370012081,-0.31487677998389013,-0.4016750574727336,-0.4470338519846289,-0.21092710172713944,0.03102999835873148,1
-1.9851222883634188,0.37026636208905067,-0.5373920487441519,0.010781610464576843,0.4741234837583295,1.0049276491488468,-0.34945650896323516,0.21496652490912113,0.09098330847216993,0.2557608194563788,1
0.09223100400014737,-1.293543896152013,0.26128817475620764,-1.0472496555667243,-1.092658962598756,0.9734128408952128,0.044456010807058,0.1307009039785444,-0.4747664994564208,0.5349370544570226,3
1.2952795623338658,1.0356695546955252,-0.02574079587757236,0.4291963361977527,-0.188623983479248,-0.8487923523526697,0.31598521055784223,-0.3793382317959104,-0.3435682917498982,0.013999315623029281,2
-0.7932420600228867,-0.5894912707527326,-0.24244727935300966,-0.8025767506022914,-0.9917854989545385,1.1191032151125353,0.2473149382923729,-0.14464336069662045,0.07162299303890841,0.3371037951169701,3
3.74217339124899,-3.860371312327744,14.291264664915325,-1.0891841007115908,2.23291344251935,-2.1891484374929866,0.6053027335310293,0.7804846280134518,1.2665418057938487,0.16712860473542798,3
5.141002458357475,-0.490336605793326,-0.27145254733550106,0.43539292849006284,0.11337430589130701,0.8851998802575327,-0.08899311612153703,-0.21696319844385012,-0.11867219734517452,-0.8286491505292141,1
-2.508540834922134,-2.773184422150766,-0.9730781761871377,0.812370621600472,0.5710939291249426,0.2869089488176444,0.42350839151097963,0.19869281247115253,0.5158063082169003,0.10099527847931973,0
-2.186254564690169,1.333799683376322,2.66483802069103,-0.005032446184921843,0.16210596275840725,1.2645051159172227,2.006061440424952,-0.5647463629237288,0.01459013037900907,-0.00333026975130111,3
-0.604925174720086,1.8175690581952106,0.4659277323725655,-0.3311146284001543,0.5252544322858865,0.910663322193019,0.055861513818864485,-0.014086604087299174,-0.26990420040385865,-0.49545483724433537,3
-0.9635723759263054,-0.5621266330837402,0.3639823263221165,-1.0100571120230943,-0.7989859387495053,-0.013329734298519896,-1.1025295677212366,-0.10511202428663446,0.06817966236015344,0.10281526721887643,0
1.14903327254366,-0.5219598139925488,-0.06890396385126456,-0.3118155604980145,-1.889656625433725,0.23911266261660805,-0.7810876097929326,-0.20129723284144896,0.3232879735444084,0.5782259257841585,2
-1.431529305572938,0.0039022651561913192,0.08951993534139957,0.4973184983731443,-1.5043060315557695,-1.318070959917137,1.3527492469187306,-0.35942992966138604,-0.6763096831345691,0.17160188613353125,1
6.594806587765796,-3.694137826991471,-2.4527260319843407,-0.8333230838955856,-0.010342385668801473,-1.7872084780876678,0.6306111834201263,-0.12573146400204374,0.8360964288083574,0.17293821111651503,0
-1.7776697380381474,-0.02579497257053828,0.22348987206416812,-0.12466382649404247,-1.5591700847055512,-0.6775045304056366,-0.12238726735874919,-0.3395420451274595,-0.4234478959590987,0.038311944136336575,0
-0.803542252547618,2.338575607004926,0.7499265261937647,1.011243175430701,-0.4812702709762243,-1.413122839115838,0.24381567923620182,0.7096680909474673,0.2790366314186169,-0.5866593568227617,0
-2.6832364390821306,1.0122689229580704,0.654634373722622,-1.4026018097856436,-0.8809361840901317,0.45969684170812003,0.04955485027787262,-0.02376454493186872,0.19205650712851935,-0.027362092448126256,3
4.23904270671232,1.9434248784265153,-0.09856568064792547,-1.5297156017064062,2.3481162881562967,0.10266774273434241,-0.16590850014895242,-0.1830366308575901,-0.24828323267642732,0.02545058881284999,2
-2.191464160380574,1.1139036708181143,0.010711147600053407,1.1906016876170682,0.6513356854133796,-0.44195417237675133,0.019508109641720624,-0.8788846976289143,0.17459823607978642,0.18181498841255225,1
3.5037845513760617,-0.8529292566203778,-1.4069924676231722,-0.6831790271240925,0.7570205859075022,0.0795941693809589,0.7838053156987252,-0.6644506842170779,0.3169685751312701,-0.0021745785401635852,1
-1.8901777663534245,3.2015610980626645,0.12819519812390662,-2.1776460074478483,0.2462669391991333,-0.08139489448122975,0.6406641186601862,0.03373652105137629,0.0049358199063826965,-0.7070516400421384,3
2.925565350539702,1.5127265818565203,0.09277310878538549,0.5918306090257901,0.7272035444673197,0.1361511608982533,0.6358882711072263,-0.2739674932225505,-0.38822256366811103,-0.38684711462253935,1
-1.6297901236394154,1.59314093008327,0.7882974272855078,1.1103931705567618,-0.3755755960358557,-0.17902266545759002,-0.6327497191946742,0.2831588382299744,0.2749118050874222,-0.12087577731443468,0
-4.049299917725054,-1.2829402204155242,0.040390252746194046,1.901523891178331,0.5211451072615896,0.39923154740135774,-0.19444829361437127,-0.30536861581000246,-0.4623259878978393,0.03690585512574656,1
-2.726499970416935,-0.17878071337999615,-0.9544531189117185,0.5872853121125615,-0.8676474208229329,-0.14489530835272382,0.7736334902888262,-0.259474230792677,-0.480614437522498,0.532415627084862,2
-1.642279113631573,-0.10003513954144974,0.34640825647752077,-0.5422846145096127,-0.8018014408672972,0.29768967404948093,-0.7138497540538773,0.03210593420262763,0.10153076336966461,-0.005057636344648855,0
-0.7496277941918196,1.2892787015973572,0.15272555433556917,2.457111614244315,0.32921857755607864,-0.10687785350597585,0.04083932166114299,-0.9064620936115038,0.17198677778382626,-0.14962665252149912,2
-0.1980122827070098,1.0593105625025194,0.5163392759190688,-0.6725782580682216,-1.4457690846482,0.1973580822797519,-0.21575247759898195,-0.36351452829579217,0.2567601234663177,-0.16035654595173882,2
-5.606265594379911,-2.4312917117213306,-0.3678662402774385,1.0900681020233176,-0.11020155247243793,-0.15922773385508968,-0.20008669978530205,0.18093518325685054,-0.31866497062937593,-0.05241504376132687,1
-2.1625957937652296,-2.3631802265345305,-0.262728925058698,0.3890878921178269,0.4571010020127267,0.3717538032822969,-0.7620910477084175,-0.3147634239618765,0.18046018533144645,-0.1766021375517128,0
-2.8335595719224327,2.377873073493484,0.15131677281552958,2.2043803984317294,1.1763981527634544,-0.015707063128367255,-0.5062245680807143,0.12693646145718873,-0.09996285496678256,0.3485136689270963,1
-0.947235434777267,-1.0225230951967799,-0.40516764429027385,0.06739808433723657,1.4235967327737646,1.3326922015198412,-0.09329581867152992,-0.42080771040380016,0.34052403970211853,-0.32037393176960066,3
4.003019359296617,0.5813876874837246,-0.8773459952613019,1.0928840352479763,0.30530045822815144,1.2659679046097398,0.7695054087773208,-0.2327447520340599,0.25479441033942785,-0.4537797863042511,1
-1.8623437543240935,1.1371195545584285,-0.004867619767699896,-0.8786774799177444,-0.06118990267709304,0.31798677407907555,-0.8537379113705883,0.32225184545971924,0.060247817583075035,0.12344920449184765,0
-1.7431083437394004,2.8156814154690664,1.1004051342212602,1.3617987317707423,-0.8806080398032908,-1.216860066524246,0.14860568085841755,0.6331760365658003,0.09249805445143204,0.02488470171127816,0
-1.4339365092164347,-1.1922859863364326,0.833337542966182,0.036930142681164284,-0.05730971165865966,-0.3425740024261925,-1.0536478506031288,0.1302584833960562,-0.6061279352443322,-0.2558492957226253,0
-3.3216237453862685,3.1885094159548535,-0.3631612727698468,0.8011267737845512,0.22630638974434683,-0.3160859504954294,0.5878803614237839,0.3194966212841457,0.34743474329009344,0.424456244659973,2
-3.6292706454802612,-2.5013040726435802,-0.8976059358094113,-0.7697511257220396,-0.15240388157686627,-0.6494266850750477,1.3173311409478394,1.0367104299719823,-0.32673586543559013,0.08373414100482857,3
2.945184855440293,-0.09084441398607096,-0.08832873780077072,0.11361160136863943,-0.6567194141653845,-0.47831073683278547,0.5880832777972297,-0.9401365524530687,0.04380047238170696,0.22322542413270605,1
-3.2328644918623834,3.1199481114944105,0.18496862371566128,0.19671119000881915,-1.6680219135008065,-0.6983458239531513,0.9099168662229947,-0.3199315613967953,0.38021270619725106,0.01466530471598256,2
-2.0862844407919723,-2.516928227937469,-0.9122723986644454,-0.8289511792834897,0.02710321718954046,0.22264077733706517,-0.055204613098170936,-0.1833299400880658,0.3604257821992427,0.17764462711801782,0
0.6462714717125791,1.7740938977743301,0.31698796431565823,0.7407109889966533,1.2570206067134038,-0.7715928919442886,-0.3953904456558435,-1.0963375547578496,-0.09929163291791189,-0.11308026948332643,1
-3.3204852972182444,2.223511657658179,-0.21549070377233742,2.2543596931537557,1.2162093792858315,0.5104604880558665,-0.050565786731414854,0.5255420191167935,0.13555099571251658,0.22105371563179968,1
4.621671649293214,0.012001318824104625,-0.36206614300088164,0.2910882857298092,1.0925331781662297,0.10048896551862359,-0.02016572228751689,0.30210490142475793,-0.16236333373683334,-0.2378929792231847,1
-0.6801036255651768,1.9171026899999322,0.03486488464676235,1.9269562796202695,1.4539628279492485,-0.08437512878476239,-0.3349245866064144,-0.9655525345548764,0.45480125865693716,0.17452728695459102,1
3.91405387434984,1.3761656918990324,-0.7475567852686774,-0.4315349543274567,1.773264586692209,-0.22925897324184358,0.8851600315670595,0.15131550334098426,-0.4607056105154108,0.03960102632914976,2
-3.024290186752623,1.5543557444994796,0.3933918934596673,-0.826723362341228,0.4024327414274361,-0.06731843108957852,0.002049750650909925,-0.6452082730650355,0.4277426615439027,-0.1524682831258463,3
4.372832021133459,0.2204309120380881,-0.28436675029974323,0.47818011339939576,-1.4198594085249807,0.6912439018880715,0.6224445464353345,-0.2521837619410879,-0.4185170720162823,0.19787848693802498,2
2.756222952746509,-0.3269060892626169,0.7998603618396906,0.6479045801967201,-0.789352721065494,-2.075574698945871,-0.7161800858849227,0.1686090193949729,-0.16963177047383934,-0.25020893508251235,0
-2.271997001293487,-0.23975823047837855,-0.6668568178297397,1.7523650642250794,1.4507137144201012,0.13211463902809775,-0.1673676254248692,-0.6002852205943621,0.12558184151998078,0.3531784156986791,2
-2.0750001409048213,-2.128244894456374,-0.6154232431641018,-0.17251055053099074,1.0499428150937093,-0.03242784265439996,-0.22870942797284607,-0.1291292609146532,0.2909596911070384,-0.09329697166676337,0
3.6257577403990155,-0.29623790835026415,-1.2839214349671069,0.14857021769988307,0.882279347285978,0.5046659346834996,0.4976271231439384,-0.018848015590511056,0.23111217717884627,0.5516553088404833,2
-3.6570572437313937,2.0698435883119584,0.025770238505052567,0.5995347389984216,-0.4846533466486626,0.17099454324257427,0.053761174097268535,-0.09239711051604962,0.10330876406828146,-0.22126535747666998,3
-2.8773123433720107,-1.2274447327354574,-1.1173085974327184,-1.4027825811801111,1.8031595386660493,-0.1666582401227537,0.4485615183338942,0.6040131019616053,0.0008662083350667629,-0.1399978387581523,3
-2.6184616031931527,-2.024688848723677,-0.7071755454698101,-1.1361880475615687,0.4986507002363622,-0.6454485007593175,0.1665544899875312,-0.9897131130728767,-0.03681832568017932,0.1395131112400892,1
1.2984366847121163,0.4669966824132009,-0.0021522499076033225,-0.8631107241426479,-0.8898390336707437,0.16112575940481785,-0.6708957055677475,-0.4387531990132776,0.24636655460540818,0.07422479892979388,1
2.6946050520353464,2.5186022276563675,-0.17575827363764443,2.3184035085356833,0.34515460884060145,1.0445478074009815,0.283291873299065,-0.45961385766485197,-0.13054762294581135,0.017077581283699142,2
2.9768981518692055,0.5661981594967197,-0.21446262331109542,0.3074877358296746,-1.4380063498420335,0.6954475008016283,0.21500695321098692,0.1905619909251117,0.22446590926276347,0.731693042198122,2
-0.7708910240715274,-1.4741970683896888,-0.2936904509253916,-1.131894057090807,0.627128056873469,0.6622651731710963,0.16954163806048514,-0.1166291978855568,0.20511051742986902,-0.1705258541991193,3
-4.52826966288387,1.4223831613917457,-0.45053651629789543,0.059487203258048925,0.22864854059926595,0.136320006709036,0.5960581832724798,0.6658650540078755,-0.3031298728250435,-0.09759688599133123,3
2.29349230871781,1.2268541384238052,0.1283241543249111,-1.1323041619487144,0.25332376224411757,-0.02635388425769675,-0.26045174257684955,-0.06770185791729082,0.06932608046458845,-0.19476968198656971,1
5.706294925734065,-2.303989020991695,-0.03904889633881861,1.1079035842539253,0.45145184265270055,-1.9354808051341894,-1.4859901390331267,0.39279055315820915,-0.15108746331139497,-0.07142943432525956,0
-1.0376344401132924,-1.5211889124453095,-0.3353930467482731,-1.63025339404465,0.37707402322801004,0.45891456744332043,0.11390615042994441,-0.08123908530768283,0.19864990275481614,-0.5118606544049484,3
2.840083799450057,1.200121223303673,-0.3329999241677934,-1.1842264391514192,0.8463779739137643,0.33781062972207565,-0.36445884297545583,-0.03567662789526641,-0.014318205202713302,0.16110283468345626,2
4.4610894776948635,-1.2771624231043215,0.9359861190902455,-0.006222358164966172,-1.9381123126671824,0.4501119602566501,-0.9026191032435668,-0.2962920131988184,-0.5108993022165002,-0.3737825740587245,1
3.334444582559696,-0.6704773043204593,-0.2682746278203188,0.19900473930740628,-0.46234947537154797,-0.6965041180941454,-0.518311656017169,0.7399522593208685,0.5342058889236766,-0.07956385141243881,0
-1.6760077449391402,1.3173950920017945,0.7891612484496702,-1.1675175938363507,0.7229028438948591,-0.17730555577301566,-0.11710935898991301,-0.5296250484220257,-0.4507343231323341,0.28053115214917934,3
-0.38617349830240716,0.5573287075719445,1.1556612562298003,-0.9478012724032117,-0.4843290185585372,-0.1912722682330994,-1.3190494674151159,0.4096312561498086,-0.08937509735026844,0.1413091812370777,0
-1.4285995990815283,2.501006317149012,-0.20124495941229484,-0.12450164809410597,-0.747024126383107,-0.9386383714125179,0.7808552149654516,-0.48855205509271665,0.13968728918274206,-0.29575402215553726,1
-1.0773702273527481,2.8923858000880354,0.30827739820677086,1.3312619660436293,0.9937534555697897,-0.19000006871060232,-0.004761492406903572,-0.09884537964659244,0.24833474034258024,-0.3878775866144273,1
-1.441537026996552,1.3139467922717554,-0.02217371211534158,-1.183135262555665,-0.6608409156054841,-0.27758639477134733,-0.1749440515925024,0.48927183100820537,0.016961738020071972,0.2174025038710304,0
3.507666899594314,1.1037667074847772,0.19028028461687801,-0.30394856761467015,-1.5863120580577812,0.23489152959901693,0.5859846411654905,-0.002617900126276375,-0.4884980317062613,0.4898702255367437,2
-2.2732874843315014,-2.51853817934937,0.12362465063151419,0.976479883509176,-0.2962783540226295,0.30809414478285857,-0.6066744094756139,0.04356260169743473,0.10687327263980582,-0.19115139388140856,0
-2.520200328408049,-1.6871305191575923,-1.0343154665409724,0.429566405654435,0.33361083892093096,0.4714091322029265,0.23799770371501092,0.9058765534815117,-0.04615931350600447,0.43156936748252916,3
-1.7497583972898991,0.36713053824605324,0.7279927844318083,-1.5056170388035341,-0.38326609796821526,0.27944785871373,-1.0082612055403646,-0.37919238487083645,0.3402675395808387,0.06513442182126829,3
5.122249625807455,-0.9440871401557542,0.2725718492996495,-1.6294015256109553,-0.5976365309493573,0.08865029936501016,-0.5447817482296133,-0.1576262722645557,-0.3373394592704447,0.2922292015436633,1
0.5121006447795046,2.9220249478561184,0.11115359728596588,0.25024819117338376,-1.1744597278165727,-0.28461968334393845,0.8953186429021337,-0.5031760677976611,-0.07820333153738346,-0.3020309206895347,2
-2.8658145120516294,2.8833213904849075,-0.24035344280999996,-2.1237019458872406,-0.13219493864000376,0.2690070706894992,-0.27699286133394346,0.43190471970049876,0.6028289433350043,-0.12379027428082474,3
3.6930820416168646,1.3212697595782805,-0.43384080138666054,-0.21872811571022588,0.24904078899924764,-0.038696873061494004,-0.053356757946014674,0.2297188367803809,-0.2813240162393619,0.24994723515603814,1
0.4748445150219545,0.5786067907316729,0.11001324772001687,-1.5855162472560629,-0.3283080887772713,-0.4418384690003641,-0.081759349056339,-0.0038096339205074465,-0.0655094821147253,0.04256693530233187,1
-2.7951322474195344,-2.6467564598551943,-1.2189053417143572,-0.9958568364341928,0.8357054034256026,-1.2307201591266317,0.12319286072822111,-0.5228025178656699,0.3941106487077923,-0.0530138840800536,1
1.870407236575661,0.9754865040140062,0.5855634278026324,0.11674049878626847,-1.0590836284057856,-0.6029951744810687,-0.7662657846181046,1.1476302928421158,0.46365294124078194,-0.11943029749365251,0
-1.924819879539311,-1.797160251551863,0.45744898825168845,-0.05668747863456814,0.16055378701666878,-0.07902243204085517,-1.0647909281671146,-0.3601131450331327,-0.38652023478711234,-0.19254760404449492,0
-2.284293709433864,-1.9206787113814918,0.42614971268189195,0.7901205898170665,-0.5874922845167043,0.5641462975964822,-0.8509160308894373,-0.4569149011430219,-0.1256790550640727,-0.2762284897125063,0
4.032263658765311,-0.951130287718886,-0.9744302534363157,-0.21503498061967893,1.5257226531280095,0.815177411803992,-0.4563437333946208,-0.3336798703881491,0.5260690133046088,-0.38858374077178126,1
4.5164828285676535,0.3134523386881621,-0.3445134566174799,-0.31774855269190855,0.9085964081851514,-0.29748430468169024,0.44968196371559377,-0.4377934936314427,-0.10196637541518903,-0.10691973553364985,2
-3.0652822154954147,3.2660580643063657,0.05171139422875533,-2.3831789111451824,-0.26026664824717044,0.17751591102880185,0.30369888267867196,0.49210624360096344,0.9042354048802133,0.0011662616236194144,3
-2.1605068658857083,-0.22114777991773055,0.20671739049375962,0.07664263800352261,-1.0207411462797629,0.5477768458561967,-0.18879663603752642,0.8327722196914087,-0.20814027757122214,0.10584455479398723,3
5.285750561121639,0.8204900930915952,0.3122383141822324,0.11799886767434765,0.40296619987648225,0.7366647221102316,-0.5052716782707571,0.08985016173542455,-0.23496419449720113,0.051742683719696474,1
3.7142347395330284,-2.1645875023690904,-1.7055857585189163,0.8140482510098377,-0.3308475092070824,-1.5470476927368302,0.6327836429577223,0.4515850007315357,0.48331859396630383,-0.13875073597064094,0
5.1009035843848824,-0.44584122078606014,-0.6079161825658004,-2.1661031472024987,0.1775035931988488,-0.1303750883619676,0.6085590242735764,-0.27547219750736196,-0.16680674303756068,-0.6173368803254942,1
-2.4329007940646967,-1.3539619719776934,-0.45454102379272504,-0.34175290369715433,0.8070595945432847,-0.42103362714738507,-0.08155106137525814,-1.2453316307070044,-0.18227000437784874,-0.06561944049205451,1
4.314783405228866,-0.6398755522763785,0.5113438784433245,1.3473819226482302,-0.3529365889392301,0.7516925673713876,-1.1765117368643287,0.2838685141343776,-0.3376838100591229,-0.12133127995884747,2
4.494950490644316,-0.6705245824980843,-0.6728258032907727,-0.08498313498786737,-0.47097627940145104,0.9822708191302134,0.8842972340521902,-0.4199165161854853,0.14703158603762892,-0.6810503710634893,1
-0.612910392498759,-0.7893191329712551,0.26501841417997707,-0.37797083696160405,-0.3338262254071969,1.1542765416883896,0.017805319348324047,-0.03586561649196997,-0.14224865292803743,-0.4048263784902254,3
1.4888564452747157,1.0195087869735748,0.5382148349823054,0.5435903140942078,-0.8218657290718278,-1.132628238842137,-0.9571642367508361,-0.09971122207839223,-0.03602260649329748,-0.09679980422232988,0
-2.6331714407193756,-3.170304826086035,-0.6661102800015563,0.2440596221730874,-0.845760666402063,-0.15611740629622345,0.4022173358093577,0.24619865894167478,0.25980758196634035,0.019585268020788082,0
4.280523395802204,-1.2800223169770937,0.003450598960304943,-0.34868173013051845,-1.774814814550841,0.2879485150748326,0.2993200501728822,0.1673672876969921,-0.5157455426767793,-0.07299303192841393,2
4.119707501908688,-0.4135081924111102,0.2886309606533796,0.8323560471239273,0.03495194633700155,0.2265553617809124,-0.00377587849375397,0.6200686200008336,-0.3174868844508725,-0.763951740663998,1
0.30728540588084585,0.8077406004130702,-0.17117182896380356,-0.79284779090913,0.6856472921517501,0.019693525979010498,-0.6731670081396389,0.018794499603590885,0.04835127114090594,0.25693582743993987,1
-2.8432929944783623,0.46265418703724537,0.023596553823672,0.2682781179824733,-0.16040953595620408,-0.12898610370190772,0.3542190434845979,-0.5946186664093333,-0.010188354586174272,0.18359366613069775,3
-0.5440158471108325,-1.3684052964661628,0.033019208394339895,-0.5490043521193467,-1.1794269395152517,1.2221742108100062,0.3762940455180149,0.03594388148435066,0.013786903156628231,-0.08589949692504655,3
-1.3815656181822509,-2.1949652002422253,0.5382033952771021,0.2119236264895238,-0.5400973499790097,0.22710540379163688,-1.4778862707627929,0.19445738622949696,-0.19974206420758442,0.1487729629824601,0
5.189287945766325,-0.6273847882085343,0.515519053502598,-0.9053087888451696,0.2989915471621558,0.23307788825975137,-0.44780895483321526,-0.012844879642029624,-0.7710382243314746,-0.6537578175250467,1
-0.12117674982786245,0.7875470548260386,0.03082967752775025,-0.9501036629956604,0.28066722723551757,-0.11031950524214114,-0.668313743920228,0.051969676784427585,0.07891248591578966,0.22846194762956326,2
-2.319304985665357,-0.465923159834265,-0.8947185008088526,0.39381756927298217,1.3930257011213207,-0.06255604308860863,-0.059122596073254124,-1.4355304265821083,-0.31362385391274883,-0.02274944571689373,1
3.7015007726852365,1.0345859189082336,-0.8409858822856101,0.6400245760409158,0.43161862921926597,0.4251614682421305,0.4914028179514542,-0.4546396048674693,-0.09426090315179583,-0.21389504206621646,1
4.9472689561633425,0.40176365919121093,-1.0045176600673382,-0.17341118179647322,1.3470554617338375,0.6829518974526475,0.47324538005192857,0.1997305879172891,0.035282469261483,-0.10822974031446435,2
-0.15280489438145486,2.45360724356974,-0.16811367437491403,-1.7262216479813088,0.9313876622749363,0.07957666710912938,-0.04708220915403189,0.1749944954489791,0.3655623869156255,-0.1688106232122422,2
-2.315603949122544,-2.77199728501082,-0.45583249330252495,0.29848113936415255,-0.10858022583421727,-0.20616478029020585,-0.06519928516934485,0.1623380407307899,0.25565213220210453,-0.1706870932630511,0
4.159141538632686,-0.7776207961943448,-1.144700733005164,0.36621849464390555,-0.039195602085116896,0.7915095283430729,0.2967992765428389,0.13009683258278196,0.22162140429278845,-0.13902707870685496,1
5.459599278235351,-3.338965736750467,-2.7149323198125614,-0.9396528788619867,0.1599343682096818,-1.6240795485505537,0.9034958912621478,-0.5382265559893703,0.6037302603342476,0.17434553825031243,0
-0.5061625768923483,0.7034538821867375,0.47021193018051793,-0.7163738160629933,-1.1314636430272944,-0.34893158622176584,-0.7834893570603657,0.5136487747336228,-0.04193805621579388,0.35206618262019523,0
4.6888539120719654,0.6217397477748036,0.35362663811377004,1.4210948538142065,0.08765108823724727,0.8476249114500658,-0.47590011483086087,0.8723488712184528,-0.4945527436746515,-0.13291991311452594,1
-1.2003627195661468,-0.38918986435895936,-0.4012693703571339,0.16789931923204493,-0.899939450496872,0.8050220100222949,1.203382839084186,0.011627676455845205,0.04914714837957002,0.27849080003383464,3
-5.133592921507384,-2.212013480735802,-0.5082802300702299,0.27869423969967616,0.9252980889381405,-0.7571360258830514,0.08117794115820973,1.115780167774121,-0.38748514521797883,-0.04510564577853664,3
4.118469320570593,-0.4686489523907213,-1.293579293951795,1.9280459475774248,0.21705416669964248,1.5344781753346783,0.24784907052106558,0.7370794226617137,0.6897154934618938,0.037788474404018925,1
4.796359109562172,-0.8604074999951153,-0.10111487589247947,0.6480034646023455,-1.213776395164523,0.8051143338906277,0.5142516878985204,-0.057058001874216335,-0.05793306745134432,-0.7654416183489944,1
4.336197547566304,-0.9345141516426235,-0.885952349800376,0.07849120687748347,-0.3478929102331605,0.1831928810376393,0.6306838141174758,0.29831404708067716,0.26863162973420335,-0.19426868263502362,1
-3.938537066883796,-0.7548065292017407,-0.22235972826778444,1.5415493912677052,1.3950026018733925,0.1179182945116591,0.056327208149633295,0.237026302155542,-0.3884468243251058,0.23218002914041486,1
-2.500134113532657,-0.7680827948944186,-0.6811606944818961,0.4060016494653615,1.2160567055342324,-0.436305608760804,0.37833923155856236,0.005769870076029952,-0.15385959869330404,0.206780181791026,2
2.2257749180864645,0.1552782622771175,0.6208384304147927,1.1960165837522312,-0.9587274624625919,-0.3760237784735232,-0.0609296749031475,-0.3800939988594921,-0.3383696632386498,0.521081937736787,1
4.9919172465144195,0.39005486884491986,-0.4894215511657885,-2.1665902075685035,1.7926285427435593,-0.8447190655517318,0.534797584902554,0.2621692509773277,-0.5842751664523017,-0.1326723669242436,2
4.047800643856089,1.4623317753052867,-0.3986047174951095,2.561375707626678,0.45334684764710936,1.3204343048396547,0.10376872898043159,-0.056178322030899376,-0.055519891304876036,0.2206140912389536,2
-2.1322378342531,1.6570197359999599,0.060576052797836566,2.448701462957667,0.9566569236037541,-0.20706573457934477,0.17637312324570736,0.1672708486891305,-0.35477236532821366,0.5162141305218559,1
0.1166395792279521,0.6748571243583622,0.23539385508012067,0.19844561516144998,0.7065607246686779,1.2342152327465896,0.06897845691932285,0.21833488002643056,-0.23950988009836335,0.035482558512865636,3
4.395774780819758,-0.6964652748543211,-0.9147546663558567,0.0008678543393072425,1.5674011734397895,0.9374965631217307,-0.37052553935371746,0.1674592690215275,0.18936949167681907,-0.28299252006355613,1
-2.347365882619782,-2.8936353411193205,-0.6486399543991785,-0.025890628305515865,0.24088695558370715,-0.04408799935455286,-0.033189382634656095,0.15396630525795177,0.04396546573576021,-0.0695605169846086,0
-1.6910158541393097,1.0358770645998385,-0.4448546366565235,0.9678696944431917,-1.0154344262728294,-0.5920609477799889,0.622189620605145,-0.8684249575301468,0.2529097446698401,0.08828925779925595,1
4.625304661549524,0.1209160935903109,-0.8639324670908999,1.9857399069497117,0.07374545265664781,1.3790250437927192,0.5170350429196606,0.21620382192973872,0.06893720104207673,-0.36082572114313477,1
-1.3427734009799661,3.1819178712082543,0.23079512337804933,2.351162245968762,1.5671786961995249,0.16701506727108537,0.1133931658906826,0.5353510577861259,0.12327801016373233,-0.34058263820754,2
-3.1008578005607257,0.2533016816915351,-0.14195914349273195,-0.23909530413420876,-0.027328452833737218,-0.4364799615873877,0.5808727660473866,-0.2882262371167966,-0.26509025706037925,-0.04951474355448622,3
-4.4018962747375685,-2.64393149838835,-0.0927073830019516,2.0013612198425537,0.32457899262387646,-0.06037394257186876,-0.6029729543048545,-0.011058726068442503,0.12020143433771156,-0.10320472977965264,1
-1.0975716720154405,3.766099624414295,-0.03753067007452492,-2.6669018985981645,1.462981785751041,-0.40337185621365085,-0.3551431238295342,-0.17585815296515053,1.179681431423516,-0.19282933393981652,1
5.286254448040298,1.1066275727781967,0.23584433733845767,-0.26582780025070574,1.3927810706169252,0.4628109163567496,-0.4929263728760423,0.15364946401955473,-0.5120389510380915,0.03482884383885379,2
-2.266283999579657,-1.2725829856734228,-0.6358478077128801,0.5895519714760864,0.7135203374590426,-0.18040413367442146,-0.09233861415835441,-0.5971420283295408,-0.09635642474923364,0.22053998706920608,2
-2.668704134957465,3.00878086414283,0.4666816641546233,-0.2138811452780029,-1.2381368855319488,0.3129199718351107,0.4498493231692952,-0.18766172214955343,0.44629507549443703,-0.2515387785218349,3
