0.20385765688388,0.5096343263366642,0.0702146246426124,0.2836930348942917,1.1868053231375393,0.285660064641387,-0.1920813197503272,0.1262503417764056,0.7580733843443057,-0.3935740192664438,0.2787903740884841,-0.3436296637924892,-0.0810006188003602,0.3771981376193444,-0.2906665340465318,0.2020855805762757,3
-0.2840870224239121,-0.626354006710155,0.1338236922630979,-0.8086131470881329,-0.5644397620824388,0.082732149868817,-0.58484288100629,0.5139482417196978,-0.34612314187149,-0.5827223464554927,-0.5196095110367669,-0.0926641790002215,0.5265040222023409,0.1555675934814245,0.0329878507590263,0.4691364113251022,3
1.3017331853264122,0.8342024214928982,1.533223179913778,1.1988684846633504,0.486307289049548,0.285660064641387,1.1674779307510823,-1.1660759913679015,0.6890611014558184,1.0880878770477722,1.3842671381080625,0.0328185633959122,1.539011757206843,-0.3985087668633753,-0.1288393416437527,0.0685601652018625,2
-0.040114682770016,-0.626354006710155,0.006605557022127,-0.2772209504480344,0.1360582720055524,0.082732149868817,-0.7359050199508911,0.6431808750341285,-0.34612314187149,-0.8979695584372408,-1.4715478356091816,-1.2220088605654262,-0.0810006188003602,-0.2876934947944153,1.6512597747868174,1.5373397343204078,3
-1.0160040413856002,-0.1395018639758038,-0.7567032544236983,1.0807813298544395,4.806045165925494,8.808632485089325,-0.58484288100629,0.5139482417196978,-0.2771108589830028,1.6555328586149187,0.4016211256462151,6.80888665278714,0.5265040222023409,-0.1768782227254553,-1.4234568808659858,-1.667270234665509,0
1.6676916948072564,1.9701907545397173,1.533223179913778,0.1065623026809256,-1.3816874685184286,-0.5260515944488928,2.617674464619253,-1.9414717912544857,1.448196213229178,2.884996985343736,2.7354054052431027,1.5386114721495183,-0.2835021658012606,-0.3985087668633753,-1.2616296884632066,-1.667270234665509,0
0.447829996537776,-0.3017859115539208,-0.5658760515622421,0.1360840913831533,0.3695576167015494,-0.5260515944488928,-0.4639931698506092,0.1262503417764056,-0.34612314187149,-0.3935740192664438,-0.0897018805847086,-0.8455606333770247,1.3365102102059423,-1.2850309434150549,1.8130869671895968,1.1367634881971682,0
-0.4060731922508601,-0.3017859115539208,-1.01113952490564,-0.3362645278524898,0.3695576167015494,0.082732149868817,-0.9473920144733328,0.9016461416629898,-0.1390862932060283,-0.8349201160408911,-0.3353633837001705,-0.7200778909808908,-0.6885052598030614,-1.063400399277135,0.6802966203701428,0.8697126574483418,3
-0.8940178715586523,-1.762342339756974,-1.265575795387582,-0.8381349357903606,-0.0974410726904446,-0.3231236796763229,-1.400578431307136,1.677041941549574,-1.450319668087286,-1.496939261202562,-1.9321631539506725,-1.0965261181692925,-0.8910068068039617,0.1555675934814245,1.8130869671895968,1.670865149694821,3
-0.040114682770016,-0.1395018639758038,1.0243506389498942,0.8446070202366179,0.0193085996575538,0.488587979413957,0.4423796638169973,-0.6491454581101787,-0.1390862932060283,0.4260687318861011,-0.7038556383733633,-1.0965261181692925,-0.486003712802161,0.1555675934814245,1.003951005175701,1.1367634881971682,2
-0.8940178715586523,-1.43777424460074,-0.7567032544236983,-0.7495695696836775,-0.0974410726904446,0.082732149868817,-1.0682417256290135,1.160111408291851,-1.2432828194218242,-1.1186426068244644,-1.4715478356091816,-0.8455606333770247,-0.8910068068039617,-0.2876934947944153,0.8421238127729219,0.8697126574483418,3
-0.4060731922508601,-1.762342339756974,-1.01113952490564,-0.9562220905992712,-0.7979391067784359,-0.5260515944488928,-1.3703660035182157,1.677041941549574,-2.071430214083671,-1.2762662128153384,-1.7479170266140762,-0.9710433757731584,-0.2835021658012606,1.485350858308944,1.1657781975784802,0.8697126574483418,2
-0.6500455319047562,0.1850662311804301,-0.5022669839417566,0.0770405139786979,0.7198066337455451,-0.5260515944488928,-0.4942055976395293,0.2554829750908363,-0.0010617274290538,-0.2674751344737446,0.524451877203946,-0.2181469213963554,-0.2835021658012606,-0.1768782227254553,0.0329878507590263,-0.0649652501725506,0
-0.5280593620778081,-0.4640699591320379,0.1974327598835834,-0.7200477809814498,-0.4476900897344403,0.285660064641387,-0.4942055976395293,0.384715608405267,-0.2771108589830028,-0.4881481828609683,-0.4274864473684687,-0.0926641790002215,0.3240024752014405,0.0447523214124645,-0.2906665340465318,0.2020855805762757,3
0.0818714870569319,0.6719183739147813,-0.1842216458393293,1.0217377524499842,1.070055650789541,-0.7289795092214628,0.1704678137167153,-0.5199128247957479,0.4130119699018695,0.2369204046970523,0.9543595076560044,-0.2181469213963554,-0.0810006188003602,-1.174215671346095,1.3276053899812592,0.4691364113251022,0
0.325843826710828,1.6456226593834833,1.3423959770523215,0.9626941750455288,0.3695576167015494,0.082732149868817,1.0768406473843215,-1.1660759913679015,1.2411593645637162,1.2141867618404714,2.1826670232333134,0.1583013057920461,-0.0810006188003602,-1.174215671346095,-0.452493726449311,-0.1984906655469638,1
-0.5280593620778081,-1.43777424460074,-1.965275539212922,-1.753310385559419,-1.1481881238224316,-0.5260515944488928,-1.5214281424628169,2.0647398414928664,-1.312295102310311,-1.6230381459952614,-1.5329632113880471,0.9111977601688492,-0.8910068068039617,0.1555675934814245,-1.2616296884632066,-1.4002194039166826,3
0.6918023361916721,-0.626354006710155,-0.3114397810803002,0.8446070202366179,0.8365563060935437,-0.5260515944488928,0.2611050970834759,-0.6491454581101787,-0.622172273425439,0.4260687318861011,-0.734563326262796,-0.0926641790002215,-0.486003712802161,-0.2876934947944153,1.4894325823840384,0.4691364113251022,0
1.3017331853264122,1.4833386118053662,1.1515687741908651,0.5198673445121134,-0.0974410726904446,0.285660064641387,1.4393897808513645,-1.2953086246823322,1.724245344783127,1.1511373194441217,1.3842671381080625,0.1583013057920461,-0.2835021658012606,-0.1768782227254553,-0.6143209188520901,-0.0649652501725506,2
0.9357746758455682,1.8079067069616004,1.1515687741908651,1.3759992168767166,0.8365563060935437,0.285660064641387,1.1976903585400027,-1.1660759913679015,1.448196213229178,1.2141867618404714,1.4763902017763606,0.1583013057920461,-0.0810006188003602,-0.8417698551392151,-0.452493726449311,-0.332016080921377,1
-1.1379902112125484,0.3473502787585472,-0.4386579163212711,-0.4543516826614005,0.2528079443535509,-0.5260515944488928,-0.433780742061689,0.2554829750908363,-0.2080985760945156,-0.4250987404646186,0.2787903740884841,0.2837840481881799,-1.2960099008057626,-1.063400399277135,-0.6143209188520901,-0.4655414962957902,0
-1.1379902112125484,-1.275490197022623,-1.838057403971951,-1.3990489211326866,-0.3309404173864418,-0.7289795092214628,-1.3703660035182157,1.8062745748640048,-1.5883442338642604,-1.496939261202562,-1.2873017082725853,1.1621632449611168,0.1215009282005401,-1.2850309434150549,-1.5852840732687647,-1.667270234665509,3
0.0818714870569319,-0.3017859115539208,-1.138357660146611,0.1360840913831533,0.8365563060935437,-0.3231236796763229,-0.5546304532173698,0.2554829750908363,-0.4151354247599773,-0.6142470676536675,0.063836558862455,-0.5945951485847569,0.5265040222023409,-1.2850309434150549,1.6512597747868174,1.4038143189459946,0
-0.7720317017317042,-0.9509221018663888,-0.7567032544236983,-0.601960626172539,-0.0974410726904446,-0.3231236796763229,-0.7661174477398114,0.6431808750341285,-0.8292091220909007,-0.7718706736445415,-1.0416402051571234,-0.4691124061886231,-1.0935083538048622,-1.174215671346095,0.5184694279673637,0.4691364113251022,0
0.6918023361916721,1.321054564227249,1.4696141122932924,1.4940863716856272,0.486307289049548,0.488587979413957,1.0768406473843215,-1.1660759913679015,1.172147081675229,1.0250384346514223,1.5070978896657934,-0.5945951485847569,-1.2960099008057626,-0.7309545830702552,0.3566422355645846,0.7361872420739286,2
-1.0160040413856002,0.0227821836023131,-0.1206125782188438,-0.4248298939591728,0.2528079443535509,0.082732149868817,-0.6452677365841305,0.5139482417196978,-0.0010617274290538,-0.6142470676536675,-0.0282865048058431,-0.2181469213963554,-1.0935083538048622,-0.9525851272081752,-0.1288393416437527,0.4691364113251022,3
-1.2599763810394964,-1.43777424460074,-1.7744483363514656,-1.4580924985371422,-0.5644397620824388,-0.5260515944488928,-1.2193038645736145,1.5478093082351434,-1.5883442338642604,-1.4338898188062126,-1.1030555809359888,1.1621632449611168,-0.0810006188003602,-1.063400399277135,-1.5852840732687647,-1.667270234665509,2
1.6676916948072564,1.4833386118053662,1.0243506389498942,1.0217377524499842,0.3695576167015494,0.488587979413957,1.4998146364292049,-1.2953086246823322,1.3101716474522036,1.277236204236821,1.2614363865503315,-0.0926641790002215,-1.0935083538048622,1.706981402446864,-0.2906665340465318,0.4691364113251022,2
1.0577608456725165,0.0227821836023131,0.1974327598835834,0.7265198654277072,0.2528079443535509,-0.5260515944488928,0.7142915139172792,-1.0368433580534706,-0.1390862932060283,0.8989395498587233,-0.3660710715896032,0.4092667905843138,-0.0810006188003602,-0.6201393110012952,1.003951005175701,-0.332016080921377,0
-1.6259348905203403,-1.113206149444506,-1.2019667277670965,-1.1628746115148652,-0.7979391067784359,-0.3231236796763229,-0.6754801643730507,0.6431808750341285,-1.2432828194218242,-0.6457717888518423,-0.5196095110367669,1.2876459873572508,0.5265040222023409,0.8204592258951843,-1.4234568808659858,-1.4002194039166826,2
-0.5280593620778081,-0.3017859115539208,0.1974327598835834,-0.2476991617458067,0.2528079443535509,0.488587979413957,-0.4035683142727687,0.2554829750908363,0.2059751212364078,-0.4881481828609683,-0.0282865048058431,-0.0926641790002215,-0.2835021658012606,-0.3985087668633753,-0.6143209188520901,0.0685601652018625,3
-0.6500455319047562,-0.4640699591320379,-0.3114397810803002,-0.5133952600658559,-0.4476900897344403,-0.1201957649037529,-0.856754731106572,0.7724135083485592,-0.4151354247599773,-0.7403459524463667,-0.5196095110367669,-1.0965261181692925,0.7290055692032413,-0.1768782227254553,1.4894325823840384,1.2702889035715814,2
-0.040114682770016,-1.600058292178857,-1.01113952490564,-0.4248298939591728,-0.3309404173864418,-0.5260515944488928,-0.7963298755287316,0.6431808750341285,-1.3813073851987985,-0.8349201160408911,-1.6865016508352106,-1.0965261181692925,-0.2835021658012606,0.0447523214124645,1.3276053899812592,0.8697126574483418,1
0.9357746758455682,0.5096343263366642,1.5968322475342631,1.5826517377923104,0.7198066337455451,0.285660064641387,1.1976903585400027,-1.1660759913679015,0.4130119699018695,1.3718103678313454,0.8929441318771388,-0.3436296637924892,-0.2835021658012606,2.8151341231364637,0.1948150431618054,0.8697126574483418,1
-0.7720317017317042,-1.113206149444506,0.1974327598835834,0.2541712461920641,-0.0974410726904446,-0.1201957649037529,-0.1316564641724868,-0.1322149248524557,-1.312295102310311,-0.0783268072846957,-1.3794247719408834,-1.2220088605654262,-1.0935083538048622,1.374535586239984,1.4894325823840384,1.2702889035715814,1
0.8137885060186202,0.1850662311804301,0.5154780979860106,0.1065623026809256,0.6030569613975466,0.082732149868817,-0.3431434586949283,0.2554829750908363,0.1369628383479205,-0.5827223464554927,0.2787903740884841,-0.7200778909808908,2.146516398209544,-0.6201393110012952,0.5184694279673637,0.6026618266995154,3
-1.3819625508664444,-0.1395018639758038,-0.6294851191827274,-1.4876142872393698,-1.1481881238224316,-0.3231236796763229,-0.4942055976395293,0.384715608405267,-0.0700740103175411,-0.4566234616627934,0.063836558862455,1.1621632449611168,-0.8910068068039617,-1.174215671346095,-1.4234568808659858,-1.4002194039166826,0
-0.4060731922508601,0.5096343263366642,0.2610418275040688,4.062481988779436,7.491287629929461,8.199848740771616,-0.4639931698506092,0.384715608405267,0.551036535678844,2.6327992157583378,0.7701133803194079,5.679541971221935,-1.2960099008057626,0.2663828655503844,-0.6143209188520901,-0.1984906655469638,3
1.5457055249803082,1.321054564227249,1.0243506389498942,0.2246494574898364,-0.9146887791264344,0.285660064641387,1.4393897808513645,-1.2953086246823322,1.5862207790061524,1.46638453142587,1.322851762329197,0.1583013057920461,-1.0935083538048622,-0.3985087668633753,-0.2906665340465318,0.2020855805762757,2
-1.5039487206933924,0.0227821836023131,-0.8839213896646693,0.0179969365742425,1.303554995485538,-0.5260515944488928,-0.5244180254284496,0.384715608405267,-0.1390862932060283,-0.4881481828609683,0.3402057498673496,0.2837840481881799,0.1215009282005401,-1.395846215484015,-0.9379753036576484,-0.8661177424190298,0
0.20385765688388,0.5096343263366642,1.406005044672807,1.346477428174489,0.6030569613975466,0.082732149868817,1.107053075173242,-1.1660759913679015,0.2059751212364078,1.2141867618404714,0.8315287560982734,0.1583013057920461,-0.2835021658012606,-0.3985087668633753,-0.452493726449311,-0.332016080921377,1
-0.6500455319047562,-1.275490197022623,-1.965275539212922,-1.8713975403683296,-1.1481881238224316,-0.7289795092214628,-1.4912157146738965,2.0647398414928664,-1.3813073851987985,-1.6860875883916109,-1.5329632113880471,1.6640942145456523,0.3240024752014405,0.3771981376193444,-1.5852840732687647,-1.667270234665509,3
0.0818714870569319,0.6719183739147813,0.3246508951245543,-0.9267003018970436,-0.9146887791264344,0.488587979413957,-0.3129310309060081,0.2554829750908363,0.9651102330097674,-0.3305245768700942,0.3402057498673496,0.2837840481881799,-0.2835021658012606,-0.8417698551392151,-0.9379753036576484,-0.1984906655469638,3
-0.040114682770016,-1.275490197022623,-0.3750488487007857,0.4313019784054303,0.1360582720055524,-0.1201957649037529,-0.1316564641724868,-0.1322149248524557,-0.9672336878678752,0.0792967987061782,-1.1030555809359888,-0.7200778909808908,-0.486003712802161,-0.6201393110012952,0.5184694279673637,0.2020855805762757,2
3.1315257327306325,1.4833386118053662,1.533223179913778,1.5236081603878548,0.3695576167015494,0.6915158941865269,1.3487524974846037,-1.2953086246823322,1.3101716474522036,1.0880878770477722,1.7527593927812553,-0.8455606333770247,2.7540210392122453,-1.2850309434150549,0.5184694279673637,0.8697126574483418,2
-0.040114682770016,0.1850662311804301,0.006605557022127,-0.6905259922792221,-0.4476900897344403,0.488587979413957,-0.2827186031170879,0.2554829750908363,0.8270856672327929,-0.2674751344737446,0.4323288135356478,0.5347495329804477,-0.8910068068039617,-0.9525851272081752,-0.9379753036576484,-0.1984906655469638,3
-0.2840870224239121,-0.3017859115539208,-0.7567032544236983,-1.0447874567059543,-0.7979391067784359,-0.1201957649037529,-1.158879008995774,1.289344041606282,-0.1390862932060283,-0.9294942796354156,-0.5810248868156324,-0.3436296637924892,-1.0935083538048622,-0.5093240389323352,0.1948150431618054,-0.1984906655469638,3
-1.0160040413856002,-0.4640699591320379,-1.01113952490564,-1.369527132430459,-0.9146887791264344,-0.5260515944488928,-0.6150553087952103,0.6431808750341285,-0.4841477076484645,-0.519672904059143,-0.0282865048058431,1.91505969933792,-0.0810006188003602,0.1555675934814245,-1.4234568808659858,-1.8007956500399225,0
-0.5280593620778081,0.3473502787585472,-0.0570035105983584,-0.6314824148747668,0.2528079443535509,0.488587979413957,-0.3733558864838485,0.384715608405267,1.0341225158982543,-0.5827223464554927,0.4016211256462151,0.4092667905843138,-0.0810006188003602,0.0447523214124645,-0.7761481112548693,-0.332016080921377,3
-0.2840870224239121,0.0227821836023131,-0.1842216458393293,0.2246494574898364,-0.3309404173864418,0.082732149868817,-0.161868891961407,-0.1322149248524557,-0.0010617274290538,-0.1413762496810453,0.1252519346413205,-1.34749160296156,-1.2960099008057626,-0.2876934947944153,1.6512597747868174,1.670865149694821,2
-1.8699072301742363,-1.113206149444506,-1.2019667277670965,-1.5761796533460528,-1.2649377961704302,-0.5260515944488928,-0.7963298755287316,0.7724135083485592,-1.2432828194218242,-0.8349201160408911,-0.8881017657099597,0.5347495329804477,-0.8910068068039617,-0.9525851272081752,-1.2616296884632066,-1.4002194039166826,2
-0.162100852596964,-1.113206149444506,-0.6930941868032129,0.165605880085381,0.486307289049548,-0.3231236796763229,-0.433780742061689,0.2554829750908363,-1.0362459707563625,-0.2359504132755698,-1.3794247719408834,-0.3436296637924892,-0.486003712802161,1.263720314171024,0.0329878507590263,-0.0649652501725506,2
0.5698161663647241,1.6456226593834833,1.2151778418113506,1.7597824700056766,0.9533059784415422,0.082732149868817,1.258115214117843,-1.2953086246823322,1.3791839303406908,1.4979092526240447,2.151959335343881,-0.0926641790002215,-1.0935083538048622,-0.7309545830702552,-0.1288393416437527,0.2020855805762757,1
0.9357746758455682,-0.4640699591320379,-1.265575795387582,0.1951276687876087,0.6030569613975466,-0.5260515944488928,-0.58484288100629,0.2554829750908363,-0.622172273425439,-0.6142470676536675,-0.3046556958107377,-0.9710433757731584,0.1215009282005401,-0.1768782227254553,2.136741351995155,1.8043905650692345,0
0.9357746758455682,1.8079067069616004,1.406005044672807,0.4903455558098856,-1.031438451474433,-0.5260515944488928,2.6780993201970933,-1.9414717912544857,1.3791839303406908,2.727373379352862,1.69134401700239,1.2876459873572508,-0.2835021658012606,1.485350858308944,-1.4234568808659858,-1.533744819291096,0
0.0818714870569319,-1.43777424460074,-1.01113952490564,-0.5133952600658559,-0.0974410726904446,-0.1201957649037529,-1.0682417256290135,1.160111408291851,-0.898221404979388,-1.0871178856262895,-1.7172093387246434,-1.34749160296156,0.5265040222023409,-1.063400399277135,1.974914159592376,1.670865149694821,3
0.447829996537776,-0.1395018639758038,0.8971325037089233,0.7855634428321626,0.1360582720055524,0.082732149868817,0.5028045193948377,-0.6491454581101787,-0.2771108589830028,0.4260687318861011,-0.3046556958107377,-0.8455606333770247,-0.486003712802161,-0.5093240389323352,0.3566422355645846,0.4691364113251022,2
-0.5280593620778081,0.3473502787585472,0.1338236922630979,-1.0447874567059543,-0.7979391067784359,0.488587979413957,-0.3431434586949283,0.384715608405267,0.8270856672327929,-0.6142470676536675,0.0331288709730223,0.1583013057920461,-0.2835021658012606,-0.3985087668633753,-1.0998024960604276,-0.4655414962957902,3
1.6676916948072564,1.321054564227249,1.3423959770523215,1.5531299490900825,0.486307289049548,0.488587979413957,1.227902786328923,-1.1660759913679015,1.0341225158982543,1.0565631558495974,1.1386056349926006,-0.8455606333770247,-1.2960099008057626,-1.2850309434150549,0.3566422355645846,0.7361872420739286,1
-1.0160040413856002,-0.9509221018663888,-0.8839213896646693,-1.4580924985371422,-1.1481881238224316,-0.7289795092214628,-1.2193038645736145,1.5478093082351434,-0.898221404979388,-1.2762662128153384,-1.0109325172676906,0.2837840481881799,0.3240024752014405,-0.5093240389323352,-1.0998024960604276,-1.1331685731678562,3
1.1797470154994645,0.8342024214928982,1.0243506389498942,1.2874338507700334,0.1360582720055524,0.082732149868817,0.7445039417061994,-0.90761072473904,0.8960979501212801,0.8043653862641988,0.3094980619779169,-1.0965261181692925,-0.2835021658012606,-0.8417698551392151,1.4894325823840384,1.1367634881971682,1
-1.9918934000011843,-1.113206149444506,-1.2019667277670965,-0.985743879301499,-0.3309404173864418,-0.7289795092214628,-1.158879008995774,1.4185766749207127,-1.2432828194218242,-1.370840376409863,-1.1030555809359888,0.7857150177727154,1.3365102102059423,0.9312744979641442,-0.9379753036576484,-1.1331685731678562,1
0.325843826710828,-0.7886380542882719,-0.7567032544236983,-1.4285707098349143,-1.3816874685184286,-0.1201957649037529,-0.9473920144733328,1.160111408291851,-0.4841477076484645,-0.8349201160408911,-1.1030555809359888,0.9111977601688492,0.7290055692032413,0.0447523214124645,-0.9379753036576484,-1.667270234665509,3
-1.2599763810394964,-0.4640699591320379,-1.01113952490564,-0.3657863165547175,0.6030569613975466,-0.3231236796763229,-0.5546304532173698,0.5139482417196978,-0.2771108589830028,-0.4566234616627934,-0.4889018231473341,0.6602322753765815,-0.486003712802161,-1.174215671346095,-1.0998024960604276,-0.999643157793443,0
-0.040114682770016,0.0227821836023131,0.2610418275040688,0.9626941750455288,0.8365563060935437,-0.3231236796763229,0.4725920916059175,-0.7783780914246093,-0.2080985760945156,0.4575934530842759,0.2480826861990514,-0.0926641790002215,-1.2960099008057626,-0.9525851272081752,0.8421238127729219,0.2020855805762757,0
-0.5280593620778081,-0.626354006710155,-0.4386579163212711,-0.7495695696836775,-0.6811894344304374,-0.3231236796763229,-0.6754801643730507,0.6431808750341285,-0.7601968392024134,-0.5827223464554927,-0.5810248868156324,0.4092667905843138,2.3490179452104445,-0.8417698551392151,-0.7761481112548693,-0.999643157793443,1
-1.5039487206933924,-0.3017859115539208,-0.8839213896646693,-1.280961766323776,-0.5644397620824388,-0.1201957649037529,-0.58484288100629,0.6431808750341285,-0.1390862932060283,-0.6142470676536675,-0.0897018805847086,1.2876459873572508,-0.0810006188003602,0.5988286817572643,-1.5852840732687647,-1.533744819291096,0
0.5698161663647241,1.6456226593834833,1.2151778418113506,1.4940863716856272,0.8365563060935437,0.488587979413957,1.7113016309516462,-1.424541257996763,2.069306759225563,1.3402856466331703,1.2614363865503315,0.1583013057920461,-0.0810006188003602,0.1555675934814245,-0.2906665340465318,-0.0649652501725506,1
-0.8940178715586523,-0.1395018639758038,-0.2478307134598147,-0.1296120069368959,0.7198066337455451,0.082732149868817,-0.7963298755287316,0.6431808750341285,-0.0700740103175411,-0.6457717888518423,-0.1204095684741413,-0.3436296637924892,-1.0935083538048622,-0.1768782227254553,0.1948150431618054,0.7361872420739286,3
0.5698161663647241,0.6719183739147813,0.1338236922630979,1.4940863716856272,1.4203046678335365,-0.3231236796763229,0.6538666583394388,-0.90761072473904,0.4130119699018695,0.61521705907515,1.0464825713243024,0.1583013057920461,-0.486003712802161,-0.6201393110012952,1.003951005175701,-0.0649652501725506,0
0.325843826710828,1.6456226593834833,1.0243506389498942,-0.218177373043579,-0.9146887791264344,0.285660064641387,1.409177353062444,-1.2953086246823322,1.8622699105601013,1.1826620406422963,1.4149748259974952,0.4092667905843138,-0.6885052598030614,-0.7309545830702552,-0.6143209188520901,-0.332016080921377,1
0.447829996537776,2.2947588496959512,1.6604413151547488,1.730260681303449,0.9533059784415422,0.488587979413957,1.681089203162726,-1.424541257996763,2.621405022333461,1.1511373194441217,1.322851762329197,-0.3436296637924892,0.7290055692032413,1.374535586239984,-0.452493726449311,0.335610995950689,1
-0.162100852596964,-0.9509221018663888,0.5790871656064961,0.6674762880232518,0.0193085996575538,-0.1201957649037529,0.2308926692945557,-0.5199128247957479,-0.7601968392024134,0.2369204046970523,-0.734563326262796,-0.7200778909808908,-0.6885052598030614,1.152905042102064,0.5184694279673637,0.6026618266995154,1
-2.4798380793089767,-1.275490197022623,-1.838057403971951,-1.6942668081549637,-0.9146887791264344,-0.5260515944488928,-1.279728720151455,1.8062745748640048,-1.3813073851987985,-1.6860875883916109,-0.8573940778205269,1.1621632449611168,-1.0935083538048622,0.2663828655503844,-2.070765650477102,-1.533744819291096,1
-0.5280593620778081,-0.4640699591320379,0.4518690303655251,-0.6314824148747668,-0.0974410726904446,0.488587979413957,-0.5244180254284496,0.384715608405267,-0.2080985760945156,-0.5827223464554927,-0.3660710715896032,-0.0926641790002215,0.9315071162041416,1.152905042102064,-0.2906665340465318,0.4691364113251022,3
0.9357746758455682,1.321054564227249,1.3423959770523215,1.0217377524499842,0.1360582720055524,0.082732149868817,0.8049287972840399,-0.90761072473904,0.9651102330097674,0.6782665014714996,1.0771902592137352,-0.5945951485847569,-0.2835021658012606,-0.8417698551392151,0.3566422355645846,0.335610995950689,1
-0.2840870224239121,-0.9509221018663888,0.0702146246426124,0.0475187252764702,-0.2141907450384432,-0.1201957649037529,0.1100429581388749,-0.3906801914813172,-0.9672336878678752,0.2684451258952271,-0.7038556383733633,-0.0926641790002215,-1.2960099008057626,-0.2876934947944153,-0.1288393416437527,-0.1984906655469638,2
-0.8940178715586523,-0.7886380542882719,-1.265575795387582,-0.8381349357903606,0.0193085996575538,-0.3231236796763229,-0.5546304532173698,0.5139482417196978,-1.0362459707563625,-0.7403459524463667,-0.0589941926952759,1.1621632449611168,-0.8910068068039617,-1.063400399277135,-1.4234568808659858,-1.4002194039166826,2
1.3017331853264122,1.1587705166491322,0.7699143684679525,1.1693466959611225,0.486307289049548,-0.7289795092214628,1.1976903585400027,-1.2953086246823322,0.8960979501212801,1.2141867618404714,1.322851762329197,0.4092667905843138,0.9315071162041416,-0.9525851272081752,0.6802966203701428,-0.5990669116702034,0
-0.5280593620778081,-0.1395018639758038,-0.8839213896646693,-1.6352232307505083,-1.3816874685184286,-0.3231236796763229,-0.5546304532173698,0.5139482417196978,-0.0700740103175411,-0.5511976252573179,0.4323288135356478,1.91505969933792,-0.0810006188003602,-0.8417698551392151,-1.5852840732687647,-1.8007956500399225,0
-0.7720317017317042,0.1850662311804301,-0.6930941868032129,-0.2772209504480344,0.486307289049548,-0.5260515944488928,-0.5244180254284496,0.384715608405267,-0.1390862932060283,-0.4250987404646186,0.4323288135356478,0.0328185633959122,-0.8910068068039617,-1.395846215484015,-0.452493726449311,-0.7325923270446166,0
0.6918023361916721,0.9964864690710152,0.6426962332269816,1.0217377524499842,0.3695576167015494,-0.7289795092214628,1.227902786328923,-1.2953086246823322,0.7580733843443057,1.3718103678313454,1.2000210107714662,0.6602322753765815,-0.2835021658012606,-0.1768782227254553,0.3566422355645846,-0.8661177424190298,0
0.0818714870569319,-1.43777424460074,-0.8839213896646693,-1.2219181889193205,-0.9146887791264344,-0.3231236796763229,-1.2495162923625347,1.4185766749207127,-1.1052582536448496,-1.055593164428115,-1.8093324023929416,-0.8455606333770247,-1.0935083538048622,-1.174215671346095,1.003951005175701,0.0685601652018625,3
-1.7479210603472886,-0.7886380542882719,-0.1206125782188438,-1.0447874567059543,-0.7979391067784359,-0.3231236796763229,-0.6452677365841305,0.7724135083485592,-0.898221404979388,-0.519672904059143,-0.9495171414888252,0.4092667905843138,0.3240024752014405,1.928611946584784,-1.2616296884632066,-0.332016080921377,1
-0.5280593620778081,-0.7886380542882719,-0.3750488487007857,0.5789109219165687,1.6538040125295337,-0.3231236796763229,-0.5546304532173698,0.384715608405267,-0.8292091220909007,-0.4566234616627934,-0.8266863899310942,-0.0926641790002215,-0.6885052598030614,-0.5093240389323352,0.6802966203701428,0.2020855805762757,0
2.0336502042881004,2.132474802117834,1.533223179913778,0.3427366122987472,-1.2649377961704302,-0.5260515944488928,2.798949031352774,-1.9414717912544857,1.5862207790061524,2.8219475429473864,2.5204515900170734,1.2876459873572508,0.5265040222023409,0.0447523214124645,-1.2616296884632066,-1.8007956500399225,0
-0.5280593620778081,-0.626354006710155,0.1338236922630979,-0.8086131470881329,-0.4476900897344403,0.082732149868817,-0.58484288100629,0.5139482417196978,-0.2080985760945156,-0.519672904059143,-0.3967787594790359,-0.0926641790002215,-0.486003712802161,0.5988286817572643,-0.1288393416437527,0.6026618266995154,3
-0.8940178715586523,-1.275490197022623,-1.3927939306285528,-1.5761796533460528,-0.9146887791264344,-0.7289795092214628,-1.4912157146738965,1.9355072081784357,-1.1052582536448496,-1.496939261202562,-1.4101324598303162,-0.0926641790002215,-0.8910068068039617,-0.5093240389323352,-0.452493726449311,-0.7325923270446166,3
-0.2840870224239121,-0.4640699591320379,0.1338236922630979,1.1988684846633504,1.5370543401815349,-0.5260515944488928,0.0798305303499546,-0.3906801914813172,-0.6911845563139263,0.0162473563098286,-0.4274864473684687,-0.4691124061886231,-0.6885052598030614,-0.0660629506564954,1.1657781975784802,0.7361872420739286,0
-1.6259348905203403,-1.275490197022623,-1.5836211334900092,-1.5466578646438252,-0.7979391067784359,-0.5260515944488928,-1.3099411479403753,1.677041941549574,-1.5883442338642604,-1.4654145400043872,-1.3180093961620178,1.036680502564983,0.3240024752014405,-0.8417698551392151,-1.747111265671544,-1.533744819291096,1
1.3017331853264122,1.6456226593834833,1.5968322475342631,1.5826517377923104,0.7198066337455451,0.488587979413957,1.4998146364292049,-1.2953086246823322,1.724245344783127,1.3718103678313454,1.660636329112957,-0.2181469213963554,-0.6885052598030614,-0.2876934947944153,-0.1288393416437527,0.4691364113251022,2
0.0818714870569319,-1.113206149444506,0.1338236922630979,-0.306742739150262,-0.7979391067784359,0.082732149868817,0.0194056747721142,-0.2614475581668865,-1.2432828194218242,0.2369204046970523,-0.611732574705065,-0.4691124061886231,0.5265040222023409,0.2663828655503844,0.1948150431618054,-0.0649652501725506,1
1.3017331853264122,1.1587705166491322,1.1515687741908651,0.6674762880232518,-0.3309404173864418,0.082732149868817,0.8653536528618803,-1.0368433580534706,0.6890611014558184,0.930464271056898,1.8141747685601208,-0.3436296637924892,0.7290055692032413,-0.2876934947944153,0.3566422355645846,0.335610995950689,2
0.0818714870569319,0.5096343263366642,0.3246508951245543,-0.1886555843413513,0.2528079443535509,0.285660064641387,-0.3431434586949283,0.2554829750908363,0.8960979501212801,-0.2989998556719194,0.3402057498673496,0.2837840481881799,-0.486003712802161,0.2663828655503844,-0.7761481112548693,-0.0649652501725506,3
-1.1379902112125484,0.0227821836023131,-1.01113952490564,-0.4248298939591728,0.3695576167015494,-0.5260515944488928,-0.7056925921619709,0.6431808750341285,-0.2771108589830028,-0.6457717888518423,0.063836558862455,0.0328185633959122,-0.8910068068039617,-1.063400399277135,-0.7761481112548693,-0.999643157793443,0
0.447829996537776,0.8342024214928982,1.6604413151547488,1.2579120620678057,0.3695576167015494,0.285660064641387,1.378964925273524,-1.2953086246823322,0.551036535678844,1.3718103678313454,1.322851762329197,-0.0926641790002215,0.1215009282005401,1.817796674515824,-0.1288393416437527,0.2020855805762757,1
-0.5280593620778081,-0.4640699591320379,-0.1206125782188438,-0.5133952600658559,0.0193085996575538,-0.5260515944488928,-0.7359050199508911,0.6431808750341285,-0.622172273425439,-0.708821231248192,-0.1511172563635741,0.1583013057920461,2.146516398209544,0.0447523214124645,-0.6143209188520901,-0.8661177424190298,2
-0.8940178715586523,-0.3017859115539208,-0.8839213896646693,-0.4838734713636282,0.0193085996575538,-0.3231236796763229,-0.5546304532173698,0.384715608405267,-0.4151354247599773,-0.2989998556719194,-0.3353633837001705,0.2837840481881799,-0.486003712802161,-0.3985087668633753,-0.1288393416437527,-0.4655414962957902,0
0.20385765688388,0.1850662311804301,1.4696141122932924,1.4940863716856272,0.7198066337455451,0.082732149868817,0.9862033640175611,-1.0368433580534706,-0.0010617274290538,1.0880878770477722,0.8008210682088406,-0.4691124061886231,-0.2835021658012606,2.8151341231364637,0.3566422355645846,0.8697126574483418,1
-0.7720317017317042,-0.1395018639758038,-1.0747485925261255,-1.3104835550260037,-0.6811894344304374,-0.5260515944488928,-0.58484288100629,0.6431808750341285,-0.2771108589830028,-0.5827223464554927,-0.1204095684741413,1.789576956941786,-0.486003712802161,-0.0660629506564954,-1.5852840732687647,-1.8007956500399225,0
-1.3819625508664444,0.0227821836023131,-1.01113952490564,2.468305398859141,7.491287629929461,8.808632485089325,-0.6150553087952103,0.5139482417196978,-0.2771108589830028,1.5294339738222194,0.3094980619779169,5.805024713618069,-1.0935083538048622,-1.2850309434150549,-1.2616296884632066,-1.4002194039166826,0
0.20385765688388,-0.4640699591320379,0.1974327598835834,0.165605880085381,0.486307289049548,0.082732149868817,-0.4639931698506092,0.384715608405267,-0.2771108589830028,-0.6457717888518423,-0.7652710141522288,-0.9710433757731584,0.9315071162041416,-0.8417698551392151,1.1657781975784802,1.1367634881971682,3
0.0818714870569319,-0.4640699591320379,-0.8839213896646693,-0.5429170487680837,0.2528079443535509,-0.3231236796763229,-1.2193038645736145,1.4185766749207127,-0.34612314187149,-1.0871178856262895,-0.4889018231473341,-0.4691124061886231,1.539011757206843,-0.8417698551392151,0.5184694279673637,0.0685601652018625,3
-0.162100852596964,-1.113206149444506,-1.3927939306285528,-1.1333528228126375,0.0193085996575538,-0.7289795092214628,-1.6422778536184977,2.193972474807297,-1.1052582536448496,-1.6860875883916109,-1.1644709567148543,-0.0926641790002215,1.539011757206843,-0.8417698551392151,0.1948150431618054,-0.1984906655469638,3
1.0577608456725165,0.0227821836023131,0.0702146246426124,0.8741288089388457,0.3695576167015494,-0.7289795092214628,0.7747163694951197,-1.0368433580534706,-0.1390862932060283,1.1511373194441217,-0.2432403200318723,0.7857150177727154,-1.2960099008057626,1.596166130377904,0.6802966203701428,-0.5990669116702034,0
1.7896778646342044,1.321054564227249,1.3423959770523215,0.9922159637477564,0.2528079443535509,0.285660064641387,1.5602394920070453,-1.424541257996763,1.3791839303406908,1.1196125982459468,1.2000210107714662,0.0328185633959122,0.9315071162041416,-0.2876934947944153,-0.1288393416437527,0.4691364113251022,2
0.6918023361916721,0.1850662311804301,1.4696141122932924,1.1988684846633504,0.2528079443535509,0.488587979413957,0.8653536528618803,-0.90761072473904,0.274987404124895,0.7413159438678493,-0.4889018231473341,-0.9710433757731584,-1.2960099008057626,2.261057762791664,0.8421238127729219,1.2702889035715814,1
-1.0160040413856002,-0.9509221018663888,-0.3114397810803002,-0.5133952600658559,-0.3309404173864418,-0.1201957649037529,-0.5546304532173698,0.5139482417196978,-0.9672336878678752,-0.3935740192664438,-1.2873017082725853,0.0328185633959122,-1.2960099008057626,0.3771981376193444,-0.7761481112548693,-0.332016080921377,1
-1.6259348905203403,-0.1395018639758038,-0.8839213896646693,-0.985743879301499,-0.3309404173864418,-0.1201957649037529,-0.5546304532173698,0.5139482417196978,-0.2080985760945156,-0.5827223464554927,-0.0589941926952759,0.9111977601688492,0.1215009282005401,-0.0660629506564954,-1.4234568808659858,-1.4002194039166826,0
0.6918023361916721,0.5096343263366642,-0.1842216458393293,0.9036505976410734,0.7198066337455451,-0.5260515944488928,0.5028045193948377,-0.7783780914246093,0.3439996870133823,0.4260687318861011,-0.1204095684741413,0.1583013057920461,-0.2835021658012606,-0.5093240389323352,1.003951005175701,-0.0649652501725506,0
-0.5280593620778081,-0.7886380542882719,-0.3114397810803002,-0.2772209504480344,0.3695576167015494,0.082732149868817,-0.7359050199508911,0.6431808750341285,-0.4841477076484645,-0.6457717888518423,-0.9802248293782578,-0.3436296637924892,-1.2960099008057626,-0.8417698551392151,0.1948150431618054,0.6026618266995154,3
0.0818714870569319,0.5096343263366642,0.0702146246426124,-0.1886555843413513,0.2528079443535509,0.285660064641387,-0.3733558864838485,0.2554829750908363,0.3439996870133823,-0.362049298068269,0.3709134377567823,0.1583013057920461,-0.486003712802161,0.1555675934814245,-0.6143209188520901,0.0685601652018625,3
-1.9918934000011843,-1.113206149444506,-0.4386579163212711,-0.7200477809814498,-0.3309404173864418,-0.5260515944488928,-0.6452677365841305,0.6431808750341285,-1.1052582536448496,-0.6772965100500171,-1.195178644604287,0.9111977601688492,1.944014851208644,0.8204592258951843,-1.2616296884632066,-1.1331685731678562,1
-0.6500455319047562,-1.600058292178857,-2.028884606833407,-1.3990489211326866,-0.4476900897344403,-0.7289795092214628,-1.6422778536184977,2.323205108121728,-1.795381082529722,-1.7806617519861354,-1.1337632688254216,0.1583013057920461,2.9565225862131457,-0.9525851272081752,-1.0998024960604276,-1.1331685731678562,1
-0.040114682770016,-0.3017859115539208,0.1974327598835834,-1.0447874567059543,-0.9146887791264344,0.285660064641387,-0.4035683142727687,0.384715608405267,0.3439996870133823,-0.4566234616627934,-0.3046556958107377,0.2837840481881799,1.134008663205042,0.0447523214124645,-0.7761481112548693,0.0685601652018625,3
0.20385765688388,0.3473502787585472,0.3882599627450397,-0.1886555843413513,0.2528079443535509,0.488587979413957,-0.2827186031170879,0.2554829750908363,0.6200488185673312,-0.3935740192664438,0.3094980619779169,-0.2181469213963554,1.134008663205042,0.0447523214124645,0.0329878507590263,0.335610995950689,3
0.8137885060186202,0.0227821836023131,1.1515687741908651,1.1988684846633504,0.3695576167015494,-0.1201957649037529,0.9862033640175611,-1.1660759913679015,-0.0700740103175411,1.3402856466331703,0.4323288135356478,-0.0926641790002215,-0.2835021658012606,-0.8417698551392151,0.0329878507590263,-0.0649652501725506,1
1.9116640344611524,1.321054564227249,1.7240503827752345,1.5531299490900825,0.8365563060935437,0.6915158941865269,1.5904519197959657,-1.2953086246823322,1.448196213229178,1.1826620406422963,1.1386056349926006,-0.0926641790002215,1.3365102102059423,1.706981402446864,-0.1288393416437527,0.7361872420739286,2
-1.0160040413856002,-0.3017859115539208,-1.138357660146611,-1.1923964002170928,-0.6811894344304374,-0.1201957649037529,-0.5546304532173698,0.6431808750341285,-0.2771108589830028,-0.6457717888518423,-0.0589941926952759,1.1621632449611168,0.5265040222023409,0.1555675934814245,-1.4234568808659858,-1.533744819291096,0
-0.040114682770016,0.6719183739147813,-0.1842216458393293,0.3427366122987472,0.3695576167015494,-0.3231236796763229,0.1402553859277951,-0.5199128247957479,0.6890611014558184,0.0162473563098286,0.5858672529828115,-0.3436296637924892,-0.2835021658012606,-0.2876934947944153,1.3276053899812592,0.8697126574483418,0
-0.5280593620778081,-1.275490197022623,-1.7744483363514656,-1.4580924985371422,-1.031438451474433,-0.7289795092214628,-1.0380292978400931,1.160111408291851,-1.450319668087286,-1.181692049220814,-0.8881017657099597,0.7857150177727154,1.944014851208644,0.1555675934814245,-0.7761481112548693,-1.4002194039166826,2
-0.4060731922508601,0.5096343263366642,-0.2478307134598147,-0.7790913583859052,-0.3309404173864418,0.488587979413957,-0.2525061753281676,0.2554829750908363,0.8270856672327929,-0.4881481828609683,0.3094980619779169,0.4092667905843138,0.7290055692032413,-0.1768782227254553,-0.9379753036576484,-0.4655414962957902,3
-0.162100852596964,-0.7886380542882719,0.006605557022127,-0.1591337956391236,0.1360582720055524,0.082732149868817,-0.6754801643730507,0.5139482417196978,-0.5531599905369518,-0.7403459524463667,-1.1644709567148543,-1.0965261181692925,0.5265040222023409,-1.395846215484015,1.6512597747868174,1.4038143189459946,3
-0.4060731922508601,-1.43777424460074,-1.5836211334900092,-1.1333528228126375,-0.5644397620824388,-0.5260515944488928,-1.430790859096056,1.9355072081784357,-1.450319668087286,-1.6230381459952614,-1.3180093961620178,-0.5945951485847569,3.159024133214046,1.152905042102064,0.1948150431618054,-0.0649652501725506,2
-1.0160040413856002,0.0227821836023131,-0.6930941868032129,-0.5429170487680837,0.1360582720055524,-0.1201957649037529,-0.7661174477398114,0.6431808750341285,-0.0700740103175411,-0.5511976252573179,0.1252519346413205,-0.0926641790002215,-0.8910068068039617,-1.063400399277135,-0.2906665340465318,0.0685601652018625,3
-0.4060731922508601,0.1850662311804301,-0.1206125782188438,-0.7495695696836775,0.0193085996575538,0.488587979413957,-0.2827186031170879,0.2554829750908363,0.551036535678844,-0.6142470676536675,0.3402057498673496,0.1583013057920461,2.146516398209544,-0.6201393110012952,-0.6143209188520901,-0.332016080921377,3
-0.5280593620778081,-0.4640699591320379,-0.7567032544236983,-0.601960626172539,0.0193085996575538,-0.3231236796763229,-0.6452677365841305,0.5139482417196978,-0.34612314187149,-0.3935740192664438,-0.6731479504839305,0.4092667905843138,-0.8910068068039617,-0.7309545830702552,-0.452493726449311,-0.8661177424190298,0
-1.0160040413856002,-0.626354006710155,-1.01113952490564,-0.3953081052569451,0.3695576167015494,2.7207950419122264,-0.58484288100629,0.5139482417196978,-0.622172273425439,-0.4881481828609683,-0.611732574705065,0.2837840481881799,-0.0810006188003602,0.3771981376193444,-0.7761481112548693,-0.5990669116702034,0
0.447829996537776,0.0227821836023131,0.3882599627450397,0.1360840913831533,0.6030569613975466,0.285660064641387,-0.3431434586949283,0.2554829750908363,0.6200488185673312,-0.4881481828609683,-0.5503171989261996,-0.7200778909808908,0.3240024752014405,-0.0660629506564954,0.5184694279673637,0.6026618266995154,3
0.8137885060186202,0.5096343263366642,0.8335234360884379,1.1988684846633504,0.7198066337455451,-0.3231236796763229,0.9257785084397208,-1.1660759913679015,0.1369628383479205,0.8674148286605485,0.7701133803194079,0.0328185633959122,0.1215009282005401,-0.1768782227254553,0.5184694279673637,-0.1984906655469638,0
0.8137885060186202,0.1850662311804301,1.406005044672807,0.4608237671076579,-0.2141907450384432,0.082732149868817,0.8653536528618803,-0.90761072473904,-0.0700740103175411,1.0565631558495974,0.7086980045405424,0.0328185633959122,1.3365102102059423,0.0447523214124645,0.0329878507590263,0.2020855805762757,2
-0.8940178715586523,-1.43777424460074,-0.3114397810803002,-0.1000902182346682,-0.2141907450384432,-0.3231236796763229,-0.5546304532173698,0.5139482417196978,-1.3813073851987985,-0.4566234616627934,-1.3487170840514506,-0.8455606333770247,-1.2960099008057626,2.150242490722704,1.1657781975784802,1.003238072822755,2
0.447829996537776,-0.4640699591320379,1.2151778418113506,0.5198673445121134,-0.3309404173864418,0.082732149868817,0.5330169471837579,-0.6491454581101787,-0.6911845563139263,0.61521705907515,-0.2125326321424395,-0.7200778909808908,0.1215009282005401,3.1475799393433435,0.8421238127729219,1.4038143189459946,2
0.5698161663647241,-0.9509221018663888,-0.8839213896646693,-1.3990489211326866,-1.4984371408664272,-0.3231236796763229,-1.0380292978400931,1.289344041606282,-0.4151354247599773,-0.7718706736445415,-1.2565940203831525,0.2837840481881799,-0.486003712802161,-1.2850309434150549,-0.452493726449311,-1.2666939885422694,3
1.0577608456725165,1.4833386118053662,1.1515687741908651,-0.1591337956391236,-1.031438451474433,0.285660064641387,1.3487524974846037,-1.2953086246823322,1.724245344783127,0.961988992255073,0.8008210682088406,0.4092667905843138,1.134008663205042,1.596166130377904,-0.2906665340465318,-0.0649652501725506,1
-0.5280593620778081,0.3473502787585472,0.0702146246426124,4.53483060801508,8.308535336365452,7.996920825999045,-0.3129310309060081,0.2554829750908363,1.0341225158982543,1.277236204236821,0.0331288709730223,3.0444043809031247,-1.2960099008057626,0.1555675934814245,-0.7761481112548693,-0.1984906655469638,3
-0.8940178715586523,0.5096343263366642,-0.4386579163212711,-0.9562220905992712,-0.4476900897344403,0.285660064641387,-0.2222937475392474,0.2554829750908363,1.0341225158982543,-0.5827223464554927,0.3094980619779169,0.2837840481881799,-0.6885052598030614,-1.2850309434150549,-0.9379753036576484,-0.4655414962957902,3
-0.7720317017317042,-0.4640699591320379,-1.138357660146611,-0.5429170487680837,0.2528079443535509,0.285660064641387,-1.0682417256290135,1.160111408291851,-0.4151354247599773,-0.9925437220317652,-0.4889018231473341,-0.7200778909808908,0.1215009282005401,-1.2850309434150549,0.6802966203701428,0.7361872420739286,3
-0.6500455319047562,-1.275490197022623,-1.2019667277670965,-1.1333528228126375,-0.4476900897344403,-0.7289795092214628,-1.3099411479403753,1.677041941549574,-1.2432828194218242,-1.496939261202562,-0.9188094535993924,0.1583013057920461,1.539011757206843,0.8204592258951843,-0.7761481112548693,-0.999643157793443,2
-0.2840870224239121,-0.4640699591320379,-0.1206125782188438,-0.1886555843413513,0.486307289049548,-0.1201957649037529,-0.6150553087952103,0.384715608405267,-0.2080985760945156,-0.5511976252573179,-0.8573940778205269,-0.3436296637924892,-0.6885052598030614,-0.8417698551392151,0.0329878507590263,0.4691364113251022,3
-0.4060731922508601,-1.275490197022623,-0.1206125782188438,0.0770405139786979,-0.4476900897344403,0.082732149868817,-0.3431434586949283,0.1262503417764056,-1.1052582536448496,-0.519672904059143,-1.8400400902823744,-1.5984570877538278,-0.6885052598030614,0.5988286817572643,1.974914159592376,1.8043905650692345,2
-1.5039487206933924,-0.4640699591320379,-1.2019667277670965,-1.280961766323776,-0.7979391067784359,-0.1201957649037529,-0.58484288100629,0.6431808750341285,-0.2080985760945156,-0.708821231248192,-0.0897018805847086,1.6640942145456523,0.1215009282005401,-0.6201393110012952,-1.5852840732687647,-1.8007956500399225,0
1.5457055249803082,0.6719183739147813,1.5968322475342631,0.7560416541299348,-0.5644397620824388,0.488587979413957,1.378964925273524,-1.2953086246823322,0.8960979501212801,1.1196125982459468,-0.0897018805847086,-0.7200778909808908,-1.2960099008057626,2.925949395205423,0.5184694279673637,1.4038143189459946,1
-1.6259348905203403,-0.3017859115539208,-0.8839213896646693,-1.4285707098349143,-0.9146887791264344,-0.1201957649037529,-0.5546304532173698,0.5139482417196978,-0.2080985760945156,-0.5511976252573179,0.0331288709730223,1.5386114721495183,-0.486003712802161,-0.5093240389323352,-1.5852840732687647,-1.667270234665509,0
0.20385765688388,0.0227821836023131,-0.1206125782188438,0.5198673445121134,0.0193085996575538,-0.3231236796763229,-0.1316564641724868,-0.1322149248524557,-0.2080985760945156,-0.0152773648883461,0.0945442467518877,-0.9710433757731584,0.9315071162041416,0.5988286817572643,1.6512597747868174,1.1367634881971682,1
1.1797470154994645,1.4833386118053662,1.5968322475342631,1.4645645829833995,0.2528079443535509,0.6915158941865269,1.6206643475848856,-1.424541257996763,1.793257627671614,1.0250384346514223,0.7394056924299751,-0.7200778909808908,-1.2960099008057626,0.5988286817572643,0.0329878507590263,0.6026618266995154,1
0.8137885060186202,0.1850662311804301,0.1974327598835834,-0.1296120069368959,0.2528079443535509,0.488587979413957,-0.161868891961407,0.1262503417764056,1.0341225158982543,-0.3935740192664438,-0.1511172563635741,-0.2181469213963554,2.3490179452104445,-1.395846215484015,0.0329878507590263,0.0685601652018625,3
-0.2840870224239121,-0.7886380542882719,-0.3750488487007857,0.0770405139786979,0.6030569613975466,-0.3231236796763229,-0.58484288100629,0.384715608405267,-0.898221404979388,-0.6142470676536675,-0.9495171414888252,-0.5945951485847569,-0.486003712802161,0.4880134096883043,0.5184694279673637,0.6026618266995154,0
-0.4060731922508601,-0.3017859115539208,-0.6294851191827274,0.1065623026809256,-0.3309404173864418,-0.1201957649037529,-0.433780742061689,0.1262503417764056,-0.2771108589830028,-0.4566234616627934,-0.5196095110367669,-1.472974345357694,1.7415133042077433,-0.3985087668633753,2.298568544397934,1.8043905650692345,2
-0.040114682770016,-1.43777424460074,-1.138357660146611,-0.1000902182346682,0.8365563060935437,-0.1201957649037529,-0.9776044422622528,1.0308787749774206,-0.8292091220909007,-0.866444837239066,-1.4715478356091816,-0.7200778909808908,-0.8910068068039617,1.817796674515824,0.6802966203701428,1.1367634881971682,3
1.3017331853264122,0.8342024214928982,0.8971325037089233,1.2579120620678057,0.3695576167015494,0.285660064641387,0.5632293749726781,-0.7783780914246093,0.551036535678844,0.5836923378769752,0.6165749408722442,-0.9710433757731584,-0.6885052598030614,-0.6201393110012952,1.003951005175701,1.4038143189459946,2
0.0818714870569319,-0.1395018639758038,0.1338236922630979,1.4055210055789442,1.4203046678335365,-0.5260515944488928,0.4725920916059175,-0.7783780914246093,-0.2080985760945156,0.61521705907515,-0.6424402625944978,0.0328185633959122,-0.486003712802161,1.0420897700331042,1.1657781975784802,0.2020855805762757,0
-0.040114682770016,-1.600058292178857,-0.6294851191827274,0.1065623026809256,0.0193085996575538,-0.3231236796763229,-0.58484288100629,0.384715608405267,-1.6573565167527475,-0.6142470676536675,-1.5329632113880471,-1.34749160296156,-0.2835021658012606,1.928611946584784,2.298568544397934,1.9379159804436477,1
1.5457055249803082,0.6719183739147813,1.533223179913778,1.2579120620678057,0.2528079443535509,0.082732149868817,1.1976903585400027,-1.1660759913679015,0.6890611014558184,1.1196125982459468,0.2787903740884841,-0.5945951485847569,-1.0935083538048622,1.263720314171024,0.1948150431618054,0.8697126574483418,2
-0.5280593620778081,-0.7886380542882719,-0.1842216458393293,-0.4248298939591728,0.2528079443535509,0.082732149868817,-0.7359050199508911,0.6431808750341285,-0.622172273425439,-0.6457717888518423,-0.7959787020416614,-0.2181469213963554,0.3240024752014405,-0.6201393110012952,-0.1288393416437527,0.2020855805762757,3
2.0336502042881004,1.8079067069616004,1.3423959770523215,1.612173526494538,0.2528079443535509,-0.7289795092214628,2.466612325674652,-1.9414717912544857,1.448196213229178,2.884996985343736,1.9677132080072843,1.5386114721495183,-0.486003712802161,-0.7309545830702552,-0.7761481112548693,-1.667270234665509,0
-1.0160040413856002,-1.43777424460074,-0.2478307134598147,-0.5724388374703113,-0.7979391067784359,-0.3231236796763229,-0.6452677365841305,0.5139482417196978,-1.3813073851987985,-0.6457717888518423,-1.2565940203831525,-1.0965261181692925,0.7290055692032413,1.263720314171024,1.3276053899812592,1.003238072822755,1
-0.040114682770016,-0.4640699591320379,-0.7567032544236983,-1.1038310341104098,-0.6811894344304374,-0.3231236796763229,-1.2495162923625347,1.5478093082351434,-0.2080985760945156,-1.02406844322994,-0.7038556383733633,0.1583013057920461,-0.2835021658012606,-0.9525851272081752,0.0329878507590263,-0.7325923270446166,3
-0.7720317017317042,-0.9509221018663888,-0.5022669839417566,-0.4838734713636282,-0.4476900897344403,-0.5260515944488928,-0.5244180254284496,0.384715608405267,-0.8292091220909007,-0.4566234616627934,-1.072347893046556,-0.3436296637924892,-1.0935083538048622,2.261057762791664,-0.2906665340465318,0.0685601652018625,2
-0.2840870224239121,0.0227821836023131,-0.4386579163212711,-0.4248298939591728,-0.5644397620824388,-0.5260515944488928,-0.5546304532173698,0.384715608405267,-0.1390862932060283,-0.5827223464554927,0.1559596225307532,-0.8455606333770247,1.944014851208644,-1.174215671346095,0.6802966203701428,0.335610995950689,1
-1.3819625508664444,-1.113206149444506,-1.838057403971951,-1.280961766323776,-0.3309404173864418,-0.7289795092214628,-1.0682417256290135,1.289344041606282,-1.3813073851987985,-1.1501673280226392,-0.8881017657099597,1.789576956941786,-1.2960099008057626,-1.395846215484015,-1.908938458074323,-1.667270234665509,1
1.6676916948072564,1.1587705166491322,1.2151778418113506,1.4645645829833995,0.2528079443535509,0.488587979413957,1.0164157918064811,-1.0368433580534706,1.103134798786742,0.961988992255073,0.524451877203946,-0.9710433757731584,2.146516398209544,-1.174215671346095,1.3276053899812592,1.4038143189459946,1
0.5698161663647241,-0.9509221018663888,-0.0570035105983584,0.6674762880232518,0.2528079443535509,0.082732149868817,-0.0712316085946463,-0.1322149248524557,-0.6911845563139263,-0.1413762496810453,-1.3487170840514506,-1.34749160296156,0.3240024752014405,0.7096439538262242,1.3276053899812592,1.2702889035715814,2
-1.0160040413856002,-0.7886380542882719,-0.6294851191827274,-0.8676567244925882,-0.3309404173864418,-0.7289795092214628,-1.0984541534179335,1.160111408291851,-0.898221404979388,-0.9294942796354156,-0.7652710141522288,-0.5945951485847569,-0.6885052598030614,-0.3985087668633753,0.3566422355645846,-0.0649652501725506,2
0.5698161663647241,1.4833386118053662,1.406005044672807,0.5198673445121134,-0.3309404173864418,0.285660064641387,1.3487524974846037,-1.1660759913679015,1.6552330618946398,1.0880878770477722,1.2921440744397643,0.0328185633959122,-1.0935083538048622,1.485350858308944,-0.452493726449311,-0.0649652501725506,1
1.1797470154994645,1.4833386118053662,0.5790871656064961,0.3132148235965195,-0.5644397620824388,0.488587979413957,1.5602394920070453,-1.2953086246823322,1.5172084961176653,0.9935137134532476,0.7086980045405424,-0.0926641790002215,-1.0935083538048622,2.150242490722704,-0.452493726449311,0.335610995950689,1
-0.162100852596964,-1.43777424460074,-0.2478307134598147,-0.1000902182346682,-0.5644397620824388,-0.1201957649037529,-0.4639931698506092,0.2554829750908363,-1.3813073851987985,-0.6142470676536675,-1.5636708992774797,-1.5984570877538278,-0.486003712802161,0.7096439538262242,2.298568544397934,2.0714413958180606,2
2.0336502042881004,0.9964864690710152,1.406005044672807,0.6674762880232518,-0.5644397620824388,0.6915158941865269,1.3487524974846037,-1.2953086246823322,0.9651102330097674,1.1826620406422963,0.4630365014250805,-0.5945951485847569,2.3490179452104445,-1.174215671346095,0.3566422355645846,0.4691364113251022,2
-1.3819625508664444,0.0227821836023131,-0.8839213896646693,-0.8676567244925882,0.2528079443535509,-0.5260515944488928,-0.6452677365841305,0.6431808750341285,-0.34612314187149,-0.6142470676536675,0.2787903740884841,0.9111977601688492,-1.2960099008057626,-1.2850309434150549,-1.2616296884632066,-1.533744819291096,0
0.5698161663647241,-1.113206149444506,-0.7567032544236983,-1.280961766323776,-1.1481881238224316,-0.1201957649037529,-1.158879008995774,1.5478093082351434,-0.622172273425439,-0.9925437220317652,-1.3180093961620178,0.1583013057920461,-1.2960099008057626,0.0447523214124645,-0.452493726449311,-1.4002194039166826,3
1.7896778646342044,0.9964864690710152,1.3423959770523215,0.8446070202366179,-0.2141907450384432,0.488587979413957,1.2883276419067633,-1.2953086246823322,0.8270856672327929,1.0565631558495974,0.3709134377567823,-0.7200778909808908,0.1215009282005401,-1.063400399277135,0.1948150431618054,0.6026618266995154,1
1.5457055249803082,1.4833386118053662,1.3423959770523215,-0.218177373043579,-1.7319364855624244,-0.9319074239940328,2.375975042307891,-1.812239157940055,1.2411593645637162,2.4436508885692887,2.0598362716755827,1.5386114721495183,-0.486003712802161,-0.1768782227254553,-1.2616296884632066,-1.667270234665509,0
0.0818714870569319,0.0227821836023131,-0.0570035105983584,-0.0705684295324405,0.6030569613975466,0.082732149868817,-0.7056925921619709,0.6431808750341285,-0.0700740103175411,-0.7718706736445415,0.1252519346413205,-0.8455606333770247,0.9315071162041416,0.1555675934814245,0.8421238127729219,0.8697126574483418,3
0.325843826710828,0.6719183739147813,1.0243506389498942,0.549389133214341,-0.3309404173864418,-0.5260515944488928,1.3487524974846037,-1.2953086246823322,0.274987404124895,1.2457114830386462,1.0771902592137352,0.5347495329804477,0.3240024752014405,1.706981402446864,-0.1288393416437527,-0.8661177424190298,0
-0.040114682770016,0.5096343263366642,0.1338236922630979,-0.5429170487680837,0.1360582720055524,0.488587979413957,-0.3733558864838485,0.384715608405267,1.172147081675229,-0.5511976252573179,0.4016211256462151,0.0328185633959122,0.3240024752014405,0.2663828655503844,-0.6143209188520901,-0.0649652501725506,3
-0.6500455319047562,-0.7886380542882719,-0.2478307134598147,0.5198673445121134,1.303554995485538,-0.5260515944488928,-0.3129310309060081,-0.002982291538025,-0.9672336878678752,-0.1098515284828705,-0.8266863899310942,0.0328185633959122,-1.0935083538048622,-0.1768782227254553,0.6802966203701428,0.2020855805762757,0
-1.1379902112125484,-0.9509221018663888,0.5154780979860106,0.3427366122987472,-0.2141907450384432,-0.3231236796763229,0.2611050970834759,-0.5199128247957479,-1.1742705365333368,0.6467417802733249,-0.9188094535993924,-0.2181469213963554,-0.486003712802161,2.8151341231364637,0.1948150431618054,0.335610995950689,1
-0.5280593620778081,-0.1395018639758038,-0.6294851191827274,-0.2476991617458067,0.486307289049548,-0.3231236796763229,-0.7359050199508911,0.6431808750341285,-0.0700740103175411,-0.708821231248192,-0.1818249442530068,-0.4691124061886231,0.9315071162041416,-1.2850309434150549,0.3566422355645846,0.335610995950689,0
-0.040114682770016,-1.275490197022623,-0.5658760515622421,0.165605880085381,0.7198066337455451,-0.3231236796763229,-0.5244180254284496,0.2554829750908363,-1.1742705365333368,-0.4250987404646186,-1.2258863324937197,-0.5945951485847569,-1.0935083538048622,1.0420897700331042,1.1657781975784802,1.2702889035715814,0
-0.5280593620778081,-0.1395018639758038,-0.7567032544236983,-0.9267003018970436,-0.4476900897344403,-0.5260515944488928,-0.9776044422622528,1.0308787749774206,-0.1390862932060283,-0.6457717888518423,-0.273948007921305,0.6602322753765815,0.7290055692032413,-1.063400399277135,-0.452493726449311,-1.1331685731678562,3
1.0577608456725165,1.4833386118053662,1.533223179913778,1.5531299490900825,0.7198066337455451,0.488587979413957,1.1674779307510823,-1.1660759913679015,1.103134798786742,1.2457114830386462,1.937005520117852,-0.2181469213963554,-1.2960099008057626,1.485350858308944,0.0329878507590263,0.6026618266995154,2
-1.8699072301742363,-1.43777424460074,-1.3927939306285528,-1.5466578646438252,-0.6811894344304374,-0.5260515944488928,-1.3703660035182157,1.8062745748640048,-1.6573565167527475,-1.496939261202562,-1.655793962945778,0.6602322753765815,-0.6885052598030614,0.3771981376193444,-1.747111265671544,-1.4002194039166826,1
-0.2840870224239121,-0.4640699591320379,-1.01113952490564,0.0179969365742425,0.486307289049548,-0.3231236796763229,-0.7056925921619709,0.384715608405267,-0.5531599905369518,-0.6142470676536675,-0.4889018231473341,-0.7200778909808908,-0.486003712802161,-1.395846215484015,1.974914159592376,1.5373397343204078,0
-1.1379902112125484,-1.600058292178857,-1.838057403971951,-1.369527132430459,-0.5644397620824388,-0.9319074239940328,-1.581852998040657,2.323205108121728,-1.726368799641235,-1.6860875883916109,-1.4408401477197488,0.4092667905843138,0.7290055692032413,1.596166130377904,-0.9379753036576484,-0.7325923270446166,2
1.1797470154994645,0.1850662311804301,1.533223179913778,1.1988684846633504,0.486307289049548,0.285660064641387,1.0466282195954015,-1.0368433580534706,0.0679505554594333,0.8989395498587233,1.0771902592137352,-0.3436296637924892,0.5265040222023409,-0.2876934947944153,0.3566422355645846,0.4691364113251022,2
0.8137885060186202,-0.626354006710155,-0.4386579163212711,1.0807813298544395,1.070055650789541,-0.7289795092214628,0.2308926692945557,-0.6491454581101787,-0.6911845563139263,0.4891181742824508,-0.734563326262796,-0.0926641790002215,0.1215009282005401,0.7096439538262242,1.3276053899812592,0.2020855805762757,0
-0.2840870224239121,-0.4640699591320379,-0.0570035105983584,0.7265198654277072,0.8365563060935437,-0.7289795092214628,0.0194056747721142,-0.3906801914813172,-0.7601968392024134,-0.1413762496810453,-0.5810248868156324,-0.5945951485847569,-0.6885052598030614,1.152905042102064,1.4894325823840384,1.1367634881971682,0
0.5698161663647241,0.0227821836023131,-0.3750488487007857,-0.0705684295324405,-0.2141907450384432,-0.3231236796763229,-0.3431434586949283,0.1262503417764056,-0.0010617274290538,-0.1413762496810453,0.3402057498673496,-0.4691124061886231,1.3365102102059423,-0.2876934947944153,0.1948150431618054,0.0685601652018625,1
0.9357746758455682,0.9964864690710152,1.4696141122932924,1.2874338507700334,0.7198066337455451,0.285660064641387,1.227902786328923,-1.1660759913679015,0.9651102330097674,1.0565631558495974,1.5070978896657934,0.0328185633959122,-0.2835021658012606,1.152905042102064,-0.452493726449311,-0.0649652501725506,1
-0.4060731922508601,-1.43777424460074,-0.2478307134598147,0.3132148235965195,0.2528079443535509,-0.1201957649037529,-0.3431434586949283,0.1262503417764056,-1.519331950975773,-0.204425692077395,-1.0109325172676906,-0.8455606333770247,-1.0935083538048622,0.8204592258951843,0.5184694279673637,0.335610995950689,1
0.447829996537776,0.5096343263366642,0.7699143684679525,0.8741288089388457,0.1360582720055524,0.082732149868817,0.3819548082391568,-0.6491454581101787,0.4820242527903567,0.3630192894897515,0.4323288135356478,-1.0965261181692925,2.7540210392122453,-0.1768782227254553,1.6512597747868174,1.003238072822755,1
-0.7720317017317042,-0.7886380542882719,-0.0570035105983584,-0.1886555843413513,0.7198066337455451,0.285660064641387,-0.6754801643730507,0.6431808750341285,-0.622172273425439,-0.6772965100500171,-0.5503171989261996,-0.3436296637924892,-1.2960099008057626,0.0447523214124645,0.0329878507590263,0.4691364113251022,3
-0.040114682770016,-0.3017859115539208,-0.3750488487007857,-0.5724388374703113,-0.5644397620824388,-0.3231236796763229,-0.58484288100629,0.384715608405267,-0.34612314187149,-0.519672904059143,0.0331288709730223,-0.4691124061886231,1.539011757206843,-1.395846215484015,0.0329878507590263,-0.1984906655469638,2
1.6676916948072564,1.6456226593834833,1.0243506389498942,0.9036505976410734,-0.3309404173864418,-0.3231236796763229,2.1644880477854493,-1.812239157940055,1.3791839303406908,2.1914531189838904,2.151959335343881,0.9111977601688492,-0.6885052598030614,-1.2850309434150549,-0.452493726449311,-1.533744819291096,0
-0.162100852596964,-1.275490197022623,0.2610418275040688,-0.0410466408302128,-0.2141907450384432,-0.3231236796763229,-0.3129310309060081,0.1262503417764056,-1.1742705365333368,-0.2359504132755698,-0.9495171414888252,-0.5945951485847569,0.5265040222023409,0.9312744979641442,0.1948150431618054,0.0685601652018625,2
-0.8940178715586523,-0.3017859115539208,-1.01113952490564,-1.1333528228126375,-0.6811894344304374,-0.3231236796763229,-0.4942055976395293,0.384715608405267,-0.4151354247599773,-0.362049298068269,-0.0589941926952759,1.036680502564983,-0.0810006188003602,0.1555675934814245,-1.2616296884632066,-1.4002194039166826,0
1.6676916948072564,1.8079067069616004,1.406005044672807,1.8483478361123595,1.070055650789541,0.488587979413957,1.530027064218125,-1.2953086246823322,1.6552330618946398,1.1826620406422963,1.2921440744397643,-0.2181469213963554,2.551519492211345,-0.1768782227254553,0.0329878507590263,0.0685601652018625,2
-1.3819625508664444,-0.1395018639758038,-0.6294851191827274,-0.5429170487680837,0.2528079443535509,-0.3231236796763229,-0.433780742061689,0.384715608405267,-0.2771108589830028,-0.2359504132755698,0.063836558862455,0.9111977601688492,-1.2960099008057626,0.3771981376193444,-0.9379753036576484,-1.1331685731678562,0
-1.5039487206933924,0.1850662311804301,-0.6930941868032129,-1.1333528228126375,-0.6811894344304374,-0.3231236796763229,-0.4639931698506092,0.384715608405267,0.0679505554594333,-0.519672904059143,0.4937441893145133,1.036680502564983,-0.6885052598030614,0.1555675934814245,-1.4234568808659858,-1.2666939885422694,0
-1.3819625508664444,-0.1395018639758038,-0.6294851191827274,-0.9562220905992712,-0.0974410726904446,-0.3231236796763229,-0.6452677365841305,0.6431808750341285,-0.34612314187149,-0.4881481828609683,0.2480826861990514,1.036680502564983,-0.0810006188003602,0.4880134096883043,-1.2616296884632066,-1.4002194039166826,0
-0.040114682770016,0.3473502787585472,0.1974327598835834,-0.1591337956391236,0.486307289049548,0.488587979413957,-0.3733558864838485,0.384715608405267,0.6890611014558184,-0.519672904059143,0.0945442467518877,0.1583013057920461,0.1215009282005401,0.2663828655503844,-0.9379753036576484,-0.0649652501725506,3
-0.4060731922508601,-1.43777424460074,-0.5022669839417566,0.0770405139786979,-0.2141907450384432,-0.1201957649037529,-0.3431434586949283,0.1262503417764056,-1.3813073851987985,-0.362049298068269,-1.5943785871669125,-1.472974345357694,-0.0810006188003602,0.9312744979641442,1.3276053899812592,1.1367634881971682,2
2.1556363741150486,1.4833386118053662,1.3423959770523215,0.0770405139786979,-1.3816874685184286,0.488587979413957,1.5904519197959657,-1.424541257996763,1.6552330618946398,1.2141867618404714,0.8008210682088406,-0.4691124061886231,1.7415133042077433,-0.7309545830702552,0.1948150431618054,0.335610995950689,1
1.1797470154994645,1.6456226593834833,1.1515687741908651,0.7560416541299348,0.0193085996575538,0.488587979413957,1.3185400696956835,-1.2953086246823322,1.8622699105601013,0.8989395498587233,1.35355945021863,0.0328185633959122,0.7290055692032413,0.1555675934814245,-0.2906665340465318,-0.1984906655469638,1
-0.5280593620778081,-0.7886380542882719,-1.5200120658695238,-0.9267003018970436,-0.4476900897344403,-0.3231236796763229,-1.400578431307136,1.677041941549574,-0.5531599905369518,-1.339315655211688,-0.7652710141522288,-1.2220088605654262,0.1215009282005401,-0.9525851272081752,1.6512597747868174,1.4038143189459946,3
-0.7720317017317042,0.3473502787585472,-0.0570035105983584,-0.5724388374703113,0.0193085996575538,0.082732149868817,-0.6452677365841305,0.5139482417196978,0.274987404124895,-0.5511976252573179,0.1866673104201859,-0.0926641790002215,-1.2960099008057626,-0.7309545830702552,-0.1288393416437527,0.335610995950689,3
-0.162100852596964,0.1850662311804301,-0.1842216458393293,0.2246494574898364,0.2528079443535509,-0.1201957649037529,-0.1920813197503272,-0.002982291538025,0.0679505554594333,-0.1729009708792201,0.0945442467518877,-0.7200778909808908,-0.8910068068039617,-0.2876934947944153,0.3566422355645846,0.335610995950689,1
-1.0160040413856002,-0.4640699591320379,-1.138357660146611,-1.3990489211326866,-0.7979391067784359,-0.3231236796763229,-0.58484288100629,0.6431808750341285,-0.1390862932060283,-0.6772965100500171,-0.0897018805847086,1.5386114721495183,-1.0935083538048622,-0.7309545830702552,-1.5852840732687647,-1.8007956500399225,0
-0.8940178715586523,0.1850662311804301,-0.7567032544236983,-0.5724388374703113,0.3695576167015494,-0.1201957649037529,-0.58484288100629,0.5139482417196978,-0.1390862932060283,-0.5827223464554927,0.3094980619779169,0.5347495329804477,-0.0810006188003602,-0.7309545830702552,-0.9379753036576484,-0.999643157793443,0
0.9357746758455682,1.8079067069616004,1.1515687741908651,-0.0115248521279851,-0.7979391067784359,0.488587979413957,1.378964925273524,-1.2953086246823322,1.8622699105601013,0.961988992255073,1.5070978896657934,0.1583013057920461,-0.8910068068039617,-1.063400399277135,-0.6143209188520901,-0.4655414962957902,1
0.0818714870569319,-0.9509221018663888,0.4518690303655251,0.7560416541299348,0.0193085996575538,0.082732149868817,0.1100429581388749,-0.3906801914813172,-0.898221404979388,0.0792967987061782,-1.655793962945778,-1.2220088605654262,-0.486003712802161,1.152905042102064,1.974914159592376,1.8043905650692345,1
-0.8940178715586523,-1.275490197022623,-0.8203123220441838,-0.5429170487680837,0.1360582720055524,-0.1201957649037529,-0.9171795866844124,0.9016461416629898,-0.9672336878678752,-0.8033953948427164,-1.5636708992774797,-0.2181469213963554,-1.0935083538048622,-0.7309545830702552,0.0329878507590263,-0.0649652501725506,3
-0.4060731922508601,-0.626354006710155,-0.6930941868032129,0.0179969365742425,0.7198066337455451,-0.3231236796763229,-0.5546304532173698,0.384715608405267,-0.6911845563139263,-0.4250987404646186,-0.5503171989261996,-0.2181469213963554,-0.6885052598030614,0.5988286817572643,0.5184694279673637,0.2020855805762757,0
1.3017331853264122,0.6719183739147813,0.4518690303655251,-0.0115248521279851,-0.9146887791264344,-0.9319074239940328,1.3185400696956835,-1.2953086246823322,0.3439996870133823,1.5609586950203942,0.7086980045405424,0.6602322753765815,-1.0935083538048622,1.152905042102064,0.1948150431618054,-0.8661177424190298,0
-0.5280593620778081,-1.43777424460074,-0.6294851191827274,-0.8086131470881329,-0.6811894344304374,-0.3231236796763229,-0.9171795866844124,0.9016461416629898,-1.519331950975773,-0.8033953948427164,-1.3794247719408834,-0.0926641790002215,-1.0935083538048622,-1.2850309434150549,-0.2906665340465318,-0.4655414962957902,1
-0.4060731922508601,-0.9509221018663888,0.2610418275040688,0.0179969365742425,0.0193085996575538,-0.3231236796763229,-0.1920813197503272,-0.002982291538025,-1.1742705365333368,0.1738709623007027,-0.8573940778205269,0.1583013057920461,-1.0935083538048622,1.0420897700331042,-0.6143209188520901,-0.5990669116702034,1
-1.1379902112125484,-0.1395018639758038,-0.3114397810803002,-0.5429170487680837,-0.3309404173864418,-0.7289795092214628,-0.4942055976395293,0.384715608405267,-0.34612314187149,-0.4250987404646186,0.063836558862455,0.5347495329804477,0.3240024752014405,-1.174215671346095,-0.9379753036576484,-1.1331685731678562,2
1.3017331853264122,1.9701907545397173,1.3423959770523215,1.4055210055789442,0.8365563060935437,0.488587979413957,1.530027064218125,-1.424541257996763,1.9312821934485889,1.2457114830386462,1.35355945021863,0.0328185633959122,-0.486003712802161,-1.063400399277135,-0.452493726449311,0.0685601652018625,1
-1.2599763810394964,-0.1395018639758038,-0.8839213896646693,-0.7200477809814498,-0.0974410726904446,-0.1201957649037529,-0.6452677365841305,0.5139482417196978,-0.34612314187149,-0.5827223464554927,0.1559596225307532,0.1583013057920461,-1.0935083538048622,-1.2850309434150549,-0.6143209188520901,-0.5990669116702034,0
-1.0160040413856002,-0.9509221018663888,-1.5836211334900092,-1.2514399776215483,-0.6811894344304374,-0.5260515944488928,-1.6422778536184977,2.193972474807297,-0.898221404979388,-1.7176123095897855,-0.9188094535993924,-1.0965261181692925,2.146516398209544,-0.6201393110012952,1.3276053899812592,0.8697126574483418,3
0.6918023361916721,1.6456226593834833,1.2151778418113506,1.1103031185566672,0.0193085996575538,0.8944438089590969,1.6206643475848856,-1.424541257996763,2.2073313250025377,1.1511373194441217,1.1693133228820334,-0.2181469213963554,-0.8910068068039617,-1.063400399277135,-0.452493726449311,0.0685601652018625,1
-0.6500455319047562,-0.1395018639758038,0.1974327598835834,-0.8676567244925882,-0.6811894344304374,0.488587979413957,-0.3431434586949283,0.2554829750908363,0.4820242527903567,-0.3935740192664438,0.0024211830835895,0.4092667905843138,-0.2835021658012606,0.3771981376193444,-0.7761481112548693,-0.0649652501725506,3
0.8137885060186202,0.8342024214928982,-0.0570035105983584,0.8446070202366179,0.6030569613975466,-0.5260515944488928,0.5330169471837579,-0.90761072473904,0.6890611014558184,0.5521676166788004,0.7086980045405424,0.1583013057920461,-0.0810006188003602,-1.2850309434150549,1.3276053899812592,0.335610995950689,0
-1.5039487206933924,-0.1395018639758038,-0.6294851191827274,-0.8676567244925882,-0.2141907450384432,-0.5260515944488928,-0.4639931698506092,0.384715608405267,-0.1390862932060283,-0.2674751344737446,0.0945442467518877,1.036680502564983,-1.0935083538048622,0.2663828655503844,-1.0998024960604276,-1.2666939885422694,0
-0.8940178715586523,-0.626354006710155,-1.01113952490564,-1.0447874567059543,-0.6811894344304374,-0.5260515944488928,-0.9776044422622528,1.0308787749774206,-0.8292091220909007,-1.055593164428115,-0.3967787594790359,0.1583013057920461,-0.2835021658012606,0.1555675934814245,-0.9379753036576484,-0.8661177424190298,2
-0.040114682770016,-0.626354006710155,-0.1842216458393293,-0.2772209504480344,0.1360582720055524,-0.1201957649037529,-0.7359050199508911,0.6431808750341285,0.1369628383479205,-0.7403459524463667,-1.2565940203831525,-0.7200778909808908,-0.486003712802161,-0.3985087668633753,1.003951005175701,1.003238072822755,3
1.6676916948072564,1.4833386118053662,1.0243506389498942,1.228390273365578,0.486307289049548,0.488587979413957,1.4998146364292049,-1.2953086246823322,1.448196213229178,1.0250384346514223,1.2614363865503315,-0.2181469213963554,1.539011757206843,-1.395846215484015,-0.1288393416437527,0.2020855805762757,2
0.0818714870569319,-1.600058292178857,-1.01113952490564,-0.6314824148747668,0.0193085996575538,0.082732149868817,-1.128666581206854,1.160111408291851,-1.450319668087286,-0.9294942796354156,-1.8400400902823744,-0.8455606333770247,0.3240024752014405,-0.6201393110012952,1.1657781975784802,0.7361872420739286,3
1.4237193551533602,1.4833386118053662,1.533223179913778,1.3759992168767166,0.7198066337455451,0.285660064641387,1.1976903585400027,-1.1660759913679015,1.2411593645637162,0.8989395498587233,1.322851762329197,-0.4691124061886231,1.539011757206843,1.152905042102064,0.0329878507590263,0.4691364113251022,2
-0.8940178715586523,-0.626354006710155,-1.138357660146611,-0.601960626172539,-0.0974410726904446,-0.7289795092214628,-0.5546304532173698,0.5139482417196978,-0.6911845563139263,-0.7403459524463667,-0.0589941926952759,0.9111977601688492,-0.2835021658012606,-0.5093240389323352,-1.0998024960604276,-1.4002194039166826,2
-1.0160040413856002,-1.600058292178857,-2.219711809694864,-1.723788596857191,-0.7979391067784359,-1.1348353387666028,-1.5516405702517369,2.0647398414928664,-1.795381082529722,-1.6545628671934365,-1.1030555809359888,2.0405424417340536,-0.2835021658012606,-0.3985087668633753,-1.4234568808659858,-1.533744819291096,3
-1.0160040413856002,-1.924626387335091,-2.664975283038262,-1.5761796533460528,-0.5644397620824388,-1.1348353387666028,-1.702702709196338,2.581670374750589,-2.0024179311951835,-1.843711194382485,-1.4715478356091816,1.6640942145456523,1.134008663205042,0.9312744979641442,-1.2616296884632066,-1.667270234665509,2
-1.5039487206933924,-0.1395018639758038,-0.8839213896646693,-1.4285707098349143,-1.031438451474433,-0.5260515944488928,-0.5244180254284496,0.5139482417196978,-0.0700740103175411,-0.5827223464554927,0.0945442467518877,1.6640942145456523,-0.486003712802161,-0.8417698551392151,-1.5852840732687647,-1.667270234665509,0
0.8137885060186202,1.1587705166491322,1.406005044672807,0.6084327106187964,-0.3309404173864418,0.285660064641387,1.1976903585400027,-1.1660759913679015,1.0341225158982543,0.9935137134532476,0.6779903166511096,-0.3436296637924892,-1.0935083538048622,1.0420897700331042,-0.2906665340465318,0.335610995950689,2
-0.040114682770016,-0.4640699591320379,-1.138357660146611,-0.306742739150262,0.7198066337455451,0.082732149868817,-1.0380292978400931,1.0308787749774206,-0.4151354247599773,-0.8033953948427164,-0.1511172563635741,-0.2181469213963554,0.1215009282005401,0.0447523214124645,0.5184694279673637,0.7361872420739286,3
-0.4060731922508601,0.5096343263366642,-0.2478307134598147,-1.0152656680037266,-0.6811894344304374,0.488587979413957,-0.2525061753281676,0.2554829750908363,1.3101716474522036,-0.6142470676536675,0.3094980619779169,0.4092667905843138,-1.0935083538048622,0.1555675934814245,-1.0998024960604276,-0.4655414962957902,3
0.325843826710828,-1.275490197022623,-0.5022669839417566,0.9036505976410734,1.4203046678335365,-0.7289795092214628,-0.1014440363835666,-0.2614475581668865,-1.3813073851987985,-0.0152773648883461,-1.195178644604287,-0.0926641790002215,-1.0935083538048622,-1.063400399277135,1.1657781975784802,0.6026618266995154,0
-1.0160040413856002,0.0227821836023131,-1.0747485925261255,-1.1923964002170928,-0.6811894344304374,-0.1201957649037529,-0.5244180254284496,0.5139482417196978,-0.2080985760945156,-0.5827223464554927,0.3402057498673496,1.036680502564983,-1.0935083538048622,-0.2876934947944153,-1.5852840732687647,-1.533744819291096,0
0.8137885060186202,1.6456226593834833,1.2151778418113506,0.6084327106187964,-0.5644397620824388,0.285660064641387,1.6206643475848856,-1.424541257996763,2.000294476337076,1.1511373194441217,1.107897947103168,-0.2181469213963554,0.1215009282005401,0.4880134096883043,-0.1288393416437527,0.2020855805762757,1
-1.7479210603472886,0.3473502787585472,-0.5022669839417566,-0.8086131470881329,-0.0974410726904446,-0.3231236796763229,-0.4639931698506092,0.2554829750908363,0.0679505554594333,-0.4250987404646186,0.7394056924299751,0.5347495329804477,-0.0810006188003602,-0.2876934947944153,-0.9379753036576484,-0.8661177424190298,0
-0.5280593620778081,-1.43777424460074,-0.3114397810803002,0.1065623026809256,0.0193085996575538,-0.1201957649037529,-0.3431434586949283,0.1262503417764056,-1.5883442338642604,-0.4566234616627934,-1.5022555234986144,-1.2220088605654262,-0.2835021658012606,1.0420897700331042,1.4894325823840384,1.2702889035715814,1
-0.040114682770016,0.0227821836023131,-0.5658760515622421,-0.1296120069368959,-0.3309404173864418,-0.3231236796763229,-0.2827186031170879,0.1262503417764056,-0.1390862932060283,-0.204425692077395,0.4016211256462151,-0.9710433757731584,0.9315071162041416,0.2663828655503844,1.003951005175701,0.7361872420739286,1
-1.0160040413856002,-0.4640699591320379,-1.4564029982490383,-1.0743092454081822,-0.4476900897344403,-0.3231236796763229,-0.58484288100629,0.6431808750341285,-0.2771108589830028,-0.708821231248192,-0.0897018805847086,1.2876459873572508,0.3240024752014405,-0.9525851272081752,-1.5852840732687647,-1.8007956500399225,0
0.9357746758455682,1.6456226593834833,1.6604413151547488,1.7597824700056766,0.8365563060935437,0.6915158941865269,1.409177353062444,-1.2953086246823322,1.3791839303406908,1.277236204236821,1.2000210107714662,-0.2181469213963554,-0.8910068068039617,0.3771981376193444,-0.1288393416437527,0.4691364113251022,2
-1.0160040413856002,0.3473502787585472,-0.4386579163212711,-1.3990489211326866,-1.031438451474433,0.082732149868817,-0.3431434586949283,0.384715608405267,1.172147081675229,-0.6457717888518423,0.0331288709730223,0.5347495329804477,-1.0935083538048622,-0.6201393110012952,-1.0998024960604276,-0.5990669116702034,3
-0.040114682770016,-0.626354006710155,-0.4386579163212711,-1.3104835550260037,-1.2649377961704302,-0.3231236796763229,-0.856754731106572,1.0308787749774206,-0.4841477076484645,-0.7718706736445415,-0.7959787020416614,0.5347495329804477,-0.2835021658012606,0.2663828655503844,-0.7761481112548693,-1.4002194039166826,3
0.20385765688388,-1.43777424460074,-0.5658760515622421,0.6674762880232518,1.303554995485538,-0.5260515944488928,-0.3733558864838485,-0.002982291538025,-1.519331950975773,-0.1413762496810453,-1.5636708992774797,-0.2181469213963554,-0.8910068068039617,0.7096439538262242,1.6512597747868174,1.1367634881971682,0
-0.2840870224239121,-0.9509221018663888,0.0702146246426124,0.2246494574898364,-0.3309404173864418,-0.3231236796763229,0.0194056747721142,-0.2614475581668865,-1.1052582536448496,0.0477720775080034,-1.0109325172676906,-0.7200778909808908,-1.2960099008057626,1.263720314171024,0.5184694279673637,0.4691364113251022,2
1.1797470154994645,1.6456226593834833,1.3423959770523215,1.2579120620678057,0.3695576167015494,0.488587979413957,1.3185400696956835,-1.2953086246823322,1.172147081675229,1.277236204236821,2.274790086901612,-0.0926641790002215,-0.2835021658012606,0.3771981376193444,-0.1288393416437527,0.0685601652018625,1
-1.0160040413856002,-1.762342339756974,-1.838057403971951,-1.2219181889193205,-0.4476900897344403,-0.5260515944488928,-1.581852998040657,2.193972474807297,-1.8643933654182088,-1.6230381459952614,-1.4715478356091816,-0.3436296637924892,-0.6885052598030614,0.8204592258951843,-0.6143209188520901,-0.8661177424190298,2
0.20385765688388,-1.113206149444506,-1.01113952490564,-1.2514399776215483,-1.1481881238224316,-0.1201957649037529,-1.0682417256290135,1.4185766749207127,-0.5531599905369518,-0.9610190008335904,-1.072347893046556,0.6602322753765815,0.9315071162041416,-0.5093240389323352,-0.7761481112548693,-1.667270234665509,3
1.3017331853264122,2.132474802117834,1.3423959770523215,1.818826047410132,0.8365563060935437,0.488587979413957,1.530027064218125,-1.424541257996763,1.9312821934485889,1.3402856466331703,2.1826670232333134,-0.2181469213963554,0.1215009282005401,-0.9525851272081752,-0.2906665340465318,0.0685601652018625,1
-1.1379902112125484,-0.1395018639758038,-0.1206125782188438,-0.8381349357903606,-0.4476900897344403,0.488587979413957,-0.3733558864838485,0.384715608405267,0.6200488185673312,-0.708821231248192,0.0331288709730223,0.1583013057920461,-0.2835021658012606,0.4880134096883043,-0.9379753036576484,-0.332016080921377,3
0.0818714870569319,-0.3017859115539208,-0.8839213896646693,0.0475187252764702,0.6030569613975466,-0.5260515944488928,-0.7963298755287316,0.6431808750341285,-0.4151354247599773,-0.7718706736445415,0.063836558862455,-0.9710433757731584,0.7290055692032413,-0.5093240389323352,1.4894325823840384,1.003238072822755,0
-0.040114682770016,0.3473502787585472,0.1974327598835834,-0.218177373043579,0.3695576167015494,0.6915158941865269,-0.4035683142727687,0.2554829750908363,0.6200488185673312,-0.2989998556719194,0.0945442467518877,0.4092667905843138,-0.8910068068039617,-0.3985087668633753,-0.7761481112548693,0.0685601652018625,3
2.2776225439419964,0.8342024214928982,1.7876594503957195,0.5198673445121134,-0.6811894344304374,0.488587979413957,1.378964925273524,-1.2953086246823322,0.7580733843443057,1.3718103678313454,0.862236443987706,-0.2181469213963554,2.3490179452104445,1.596166130377904,0.3566422355645846,0.8697126574483418,2
-0.2840870224239121,-1.43777424460074,-0.3114397810803002,-0.3362645278524898,-0.6811894344304374,-0.3231236796763229,-0.4035683142727687,0.1262503417764056,-1.519331950975773,-0.362049298068269,-1.5943785871669125,-0.9710433757731584,0.3240024752014405,0.2663828655503844,1.003951005175701,0.7361872420739286,2
-0.162100852596964,-0.3017859115539208,-0.8203123220441838,-0.306742739150262,-0.6811894344304374,-0.3231236796763229,-0.58484288100629,0.384715608405267,-0.34612314187149,-0.5827223464554927,-0.2125326321424395,-1.2220088605654262,1.539011757206843,0.5988286817572643,1.4894325823840384,1.003238072822755,1
0.6918023361916721,0.5096343263366642,1.406005044672807,0.8150852315343903,0.1360582720055524,0.285660064641387,0.9862033640175611,-1.0368433580534706,0.274987404124895,1.0250384346514223,0.7394056924299751,0.0328185633959122,0.3240024752014405,-0.9525851272081752,-0.1288393416437527,0.2020855805762757,2
0.5698161663647241,2.132474802117834,1.2151778418113506,1.1693466959611225,0.3695576167015494,0.6915158941865269,1.7415140587405664,-1.424541257996763,2.345355890779512,1.1511373194441217,1.2614363865503315,-0.2181469213963554,-0.0810006188003602,-1.2850309434150549,-0.6143209188520901,0.0685601652018625,1
-1.2599763810394964,-1.275490197022623,-1.7744483363514656,-1.4876142872393698,-0.7979391067784359,-0.9319074239940328,-1.1890914367846943,1.4185766749207127,-1.450319668087286,-1.339315655211688,-1.072347893046556,1.036680502564983,-0.486003712802161,0.0447523214124645,-1.4234568808659858,-1.533744819291096,2
-0.2840870224239121,-0.9509221018663888,0.3882599627450397,0.6084327106187964,0.1360582720055524,0.082732149868817,0.2006802415056355,-0.3906801914813172,-1.1052582536448496,0.2684451258952271,-0.5810248868156324,-0.4691124061886231,-1.2960099008057626,1.152905042102064,0.3566422355645846,0.335610995950689,2
-0.5280593620778081,-0.7886380542882719,-1.3927939306285528,-1.1038310341104098,-0.6811894344304374,-0.5260515944488928,-1.5214281424628169,1.9355072081784357,-0.7601968392024134,-1.4338898188062126,-0.6731479504839305,-0.9710433757731584,0.7290055692032413,-0.5093240389323352,0.6802966203701428,0.4691364113251022,3
-0.5280593620778081,-1.600058292178857,-0.7567032544236983,-0.8971785131948159,-0.4476900897344403,-0.3231236796763229,-1.279728720151455,1.5478093082351434,-1.3813073851987985,-1.3077909340135132,-1.9321631539506725,-1.0965261181692925,-0.486003712802161,0.7096439538262242,1.6512597747868174,1.5373397343204078,3
1.1797470154994645,0.6719183739147813,1.1515687741908651,0.7560416541299348,-0.2141907450384432,0.285660064641387,0.5028045193948377,-0.7783780914246093,0.8270856672327929,0.4260687318861011,0.0945442467518877,-1.34749160296156,1.3365102102059423,-0.5093240389323352,1.4894325823840384,1.670865149694821,2
-1.6259348905203403,0.0227821836023131,-0.6930941868032129,-1.1923964002170928,-0.6811894344304374,-0.3231236796763229,-0.5244180254284496,0.5139482417196978,-0.0700740103175411,-0.5511976252573179,0.0331288709730223,0.7857150177727154,-0.6885052598030614,0.3771981376193444,-1.2616296884632066,-1.1331685731678562,0
-0.8940178715586523,-0.4640699591320379,-1.0747485925261255,-1.5466578646438252,-1.031438451474433,-0.5260515944488928,-0.4942055976395293,0.5139482417196978,-0.4841477076484645,-0.4250987404646186,-0.0897018805847086,1.5386114721495183,-0.2835021658012606,-0.9525851272081752,-1.5852840732687647,-1.667270234665509,0
0.8137885060186202,0.1850662311804301,-0.0570035105983584,0.549389133214341,-0.0974410726904446,0.082732149868817,-0.0712316085946463,-0.1322149248524557,0.4130119699018695,0.0162473563098286,0.0024211830835895,-1.2220088605654262,1.3365102102059423,-0.3985087668633753,1.4894325823840384,1.5373397343204078,2
-0.8940178715586523,-0.9509221018663888,-1.3927939306285528,-0.8381349357903606,-0.2141907450384432,-0.3231236796763229,-1.4912157146738965,1.8062745748640048,-0.9672336878678752,-1.5284639824007369,-1.0416402051571234,-1.472974345357694,0.1215009282005401,-0.5093240389323352,1.8130869671895968,1.5373397343204078,3
-1.2599763810394964,-1.275490197022623,-1.265575795387582,-1.6352232307505083,-1.031438451474433,-0.5260515944488928,-1.400578431307136,1.8062745748640048,-1.312295102310311,-1.4338898188062126,-1.2258863324937197,0.7857150177727154,-1.2960099008057626,-0.6201393110012952,-1.2616296884632066,-1.4002194039166826,3
-1.3819625508664444,0.0227821836023131,-0.8839213896646693,-0.5429170487680837,0.8365563060935437,-0.7289795092214628,-0.6150553087952103,0.5139482417196978,-0.2771108589830028,-0.6142470676536675,0.2787903740884841,0.9111977601688492,-0.2835021658012606,-1.395846215484015,-1.2616296884632066,-1.533744819291096,0
-0.040114682770016,0.3473502787585472,0.3882599627450397,0.933172386343301,0.486307289049548,-0.3231236796763229,0.1402553859277951,-0.3906801914813172,0.2059751212364078,0.2684451258952271,0.9236518197665716,-0.8455606333770247,-1.2960099008057626,-1.063400399277135,1.003951005175701,0.8697126574483418,2
-0.2840870224239121,-0.3017859115539208,0.3882599627450397,-0.3362645278524898,-0.0974410726904446,0.082732149868817,-0.58484288100629,0.5139482417196978,0.6200488185673312,-0.7403459524463667,-1.072347893046556,-1.0965261181692925,-1.0935083538048622,1.485350858308944,1.3276053899812592,1.5373397343204078,3
0.325843826710828,0.0227821836023131,-0.1206125782188438,-0.1886555843413513,0.1360582720055524,0.082732149868817,-0.6754801643730507,0.6431808750341285,-0.0010617274290538,-0.866444837239066,-0.4274864473684687,-1.0965261181692925,-0.2835021658012606,-0.2876934947944153,1.6512597747868174,1.5373397343204078,3
1.6676916948072564,1.9701907545397173,1.533223179913778,0.3132148235965195,-1.2649377961704302,-0.1201957649037529,2.6780993201970933,-1.9414717912544857,1.6552330618946398,2.727373379352862,1.7527593927812553,1.2876459873572508,-0.8910068068039617,0.8204592258951843,-1.2616296884632066,-1.533744819291096,0
-0.7720317017317042,-0.1395018639758038,-0.7567032544236983,0.3132148235965195,1.5370543401815349,-0.5260515944488928,-0.6754801643730507,0.5139482417196978,-0.4841477076484645,-0.6772965100500171,0.0945442467518877,-0.4691124061886231,-0.0810006188003602,-1.2850309434150549,0.8421238127729219,0.7361872420739286,0
-1.2599763810394964,0.1850662311804301,-0.5658760515622421,-0.9267003018970436,-0.3309404173864418,-0.5260515944488928,-0.6150553087952103,0.5139482417196978,-0.1390862932060283,-0.6772965100500171,0.2480826861990514,0.2837840481881799,0.3240024752014405,-1.395846215484015,-0.6143209188520901,-0.5990669116702034,0
-0.8940178715586523,-0.626354006710155,-1.01113952490564,-1.1628746115148652,-0.7979391067784359,-0.3231236796763229,-1.0078168700511732,1.160111408291851,-0.8292091220909007,-1.0871178856262895,-0.3046556958107377,0.1583013057920461,-0.6885052598030614,-0.9525851272081752,-1.4234568808659858,-1.1331685731678562,1
1.9116640344611524,1.4833386118053662,1.7240503827752345,1.6712171038989934,0.7198066337455451,0.488587979413957,1.378964925273524,-1.2953086246823322,1.448196213229178,1.1826620406422963,1.1386056349926006,-0.5945951485847569,0.9315071162041416,2.150242490722704,0.0329878507590263,0.8697126574483418,2
0.0818714870569319,-1.275490197022623,-0.5658760515622421,0.5198673445121134,1.070055650789541,-0.3231236796763229,-0.433780742061689,0.1262503417764056,-1.450319668087286,-0.5511976252573179,-1.3180093961620178,-0.7200778909808908,-0.8910068068039617,-0.5093240389323352,1.3276053899812592,1.4038143189459946,0
0.8137885060186202,-0.1395018639758038,0.706305300847467,0.7265198654277072,0.0193085996575538,-0.1201957649037529,0.5330169471837579,-0.7783780914246093,-0.0700740103175411,0.4260687318861011,-0.734563326262796,-0.8455606333770247,-1.2960099008057626,-1.174215671346095,0.6802966203701428,0.335610995950689,1
-1.3819625508664444,-0.3017859115539208,-0.5658760515622421,-0.4248298939591728,0.3695576167015494,-0.3231236796763229,-0.5244180254284496,0.384715608405267,-0.34612314187149,-0.3305245768700942,-0.4581941352579014,0.4092667905843138,-0.2835021658012606,-0.1768782227254553,-0.6143209188520901,-0.8661177424190298,0
-0.8940178715586523,0.1850662311804301,-0.5658760515622421,-1.280961766323776,-0.5644397620824388,-0.5260515944488928,-0.5244180254284496,0.5139482417196978,-0.0700740103175411,-0.5827223464554927,0.4016211256462151,1.1621632449611168,0.5265040222023409,-0.1768782227254553,-1.4234568808659858,-1.533744819291096,0
2.7655672232497888,1.321054564227249,1.7876594503957195,1.8483478361123595,0.6030569613975466,0.6915158941865269,1.469602208640285,-1.2953086246823322,1.172147081675229,1.3402856466331703,1.445682513886928,-0.7200778909808908,1.944014851208644,1.706981402446864,0.5184694279673637,1.4038143189459946,2
-0.5280593620778081,0.1850662311804301,-0.3114397810803002,-1.280961766323776,-1.1481881238224316,0.285660064641387,-0.3733558864838485,0.384715608405267,0.8270856672327929,-0.5511976252573179,0.063836558862455,0.6602322753765815,0.1215009282005401,0.4880134096883043,-0.9379753036576484,-0.5990669116702034,3
-0.5280593620778081,0.5096343263366642,0.1974327598835834,0.6084327106187964,0.2528079443535509,-0.1201957649037529,0.0194056747721142,-0.2614475581668865,0.3439996870133823,-0.0152773648883461,0.4630365014250805,-1.0965261181692925,1.944014851208644,-0.8417698551392151,1.003951005175701,0.7361872420739286,2
-1.2599763810394964,-0.626354006710155,-0.7567032544236983,-0.3953081052569451,0.3695576167015494,-0.3231236796763229,-0.7359050199508911,0.6431808750341285,-0.4841477076484645,-0.6457717888518423,-0.8573940778205269,-0.2181469213963554,-0.486003712802161,-0.0660629506564954,-0.1288393416437527,-0.0649652501725506,0
-0.6500455319047562,-0.3017859115539208,0.1338236922630979,-0.9562220905992712,-0.7979391067784359,0.488587979413957,-0.433780742061689,0.384715608405267,0.1369628383479205,-0.4566234616627934,-0.3353633837001705,0.0328185633959122,-0.0810006188003602,-1.174215671346095,-0.6143209188520901,0.0685601652018625,3
0.325843826710828,0.3473502787585472,1.3423959770523215,1.3759992168767166,0.8365563060935437,0.285660064641387,0.955990936228641,-1.0368433580534706,-0.0700740103175411,0.9935137134532476,0.7701133803194079,0.0328185633959122,-0.0810006188003602,-0.7309545830702552,-0.2906665340465318,-0.1984906655469638,1
-0.6500455319047562,-1.275490197022623,-1.5836211334900092,-1.0743092454081822,0.0193085996575538,-0.5260515944488928,-1.0078168700511732,1.160111408291851,-1.5883442338642604,-1.181692049220814,-0.9495171414888252,1.2876459873572508,1.944014851208644,0.3771981376193444,-1.4234568808659858,-1.533744819291096,2
0.5698161663647241,-1.113206149444506,-1.01113952490564,-1.1333528228126375,-0.7979391067784359,-0.3231236796763229,-1.158879008995774,1.289344041606282,-0.6911845563139263,-0.8979695584372408,-1.5943785871669125,-0.4691124061886231,-0.6885052598030614,-0.0660629506564954,0.3566422355645846,-0.1984906655469638,3
-0.5280593620778081,0.0227821836023131,-0.0570035105983584,2.291174666645775,4.689295493577496,6.982281252136196,-0.4035683142727687,0.384715608405267,0.8270856672327929,0.3630192894897515,0.063836558862455,2.166025184130188,0.5265040222023409,0.4880134096883043,-0.9379753036576484,-0.4655414962957902,3
-0.7720317017317042,-0.4640699591320379,-0.3750488487007857,-0.2772209504480344,0.3695576167015494,-0.7289795092214628,-0.4035683142727687,0.1262503417764056,-0.6911845563139263,-0.1413762496810453,-0.5503171989261996,0.4092667905843138,-0.0810006188003602,-0.0660629506564954,0.0329878507590263,-0.332016080921377,0
-0.040114682770016,-1.43777424460074,-1.2019667277670965,-0.8676567244925882,-0.5644397620824388,-0.1201957649037529,-1.0984541534179335,1.160111408291851,-0.8292091220909007,-0.9610190008335904,-1.655793962945778,-0.7200778909808908,-0.6885052598030614,1.596166130377904,0.6802966203701428,0.7361872420739286,3
1.9116640344611524,1.6456226593834833,1.278786909431836,0.0179969365742425,-1.2649377961704302,-0.5260515944488928,2.1947004755743698,-1.812239157940055,1.172147081675229,2.412126167371114,2.2133747111227464,1.4131287297533843,0.7290055692032413,-0.1768782227254553,-0.7761481112548693,-1.667270234665509,0
-0.4060731922508601,-1.113206149444506,-0.4386579163212711,-0.1296120069368959,0.2528079443535509,-0.3231236796763229,-0.5244180254284496,0.2554829750908363,-1.1742705365333368,-0.6457717888518423,-1.1030555809359888,-0.8455606333770247,-1.2960099008057626,-1.395846215484015,1.003951005175701,1.1367634881971682,0
0.5698161663647241,1.1587705166491322,0.2610418275040688,1.1398249072588948,0.8365563060935437,-0.7289795092214628,0.7142915139172792,-1.0368433580534706,0.8960979501212801,0.7413159438678493,1.4149748259974952,0.2837840481881799,-0.486003712802161,-0.7309545830702552,0.8421238127729219,-0.0649652501725506,0
-1.3819625508664444,-1.275490197022623,-1.01113952490564,-1.2514399776215483,-0.9146887791264344,-0.3231236796763229,-1.0984541534179335,1.4185766749207127,-1.450319668087286,-1.2762662128153384,-1.0109325172676906,-0.0926641790002215,2.146516398209544,-0.6201393110012952,-0.9379753036576484,-1.1331685731678562,2
-0.2840870224239121,-0.7886380542882719,1.0243506389498942,0.6969980767254795,0.2528079443535509,0.082732149868817,0.2611050970834759,-0.3906801914813172,-0.898221404979388,0.1738709623007027,-0.3046556958107377,-0.8455606333770247,0.5265040222023409,2.4826883069295835,1.003951005175701,1.2702889035715814,2
0.5698161663647241,-0.7886380542882719,-0.3114397810803002,0.0770405139786979,-0.0974410726904446,-0.5260515944488928,0.1100429581388749,-0.5199128247957479,-0.622172273425439,0.2684451258952271,-1.0416402051571234,-0.0926641790002215,-0.486003712802161,0.4880134096883043,1.6512597747868174,0.7361872420739286,0
1.5457055249803082,1.321054564227249,1.0243506389498942,0.7265198654277072,-0.2141907450384432,0.285660064641387,1.409177353062444,-1.2953086246823322,1.448196213229178,1.1196125982459468,1.322851762329197,0.0328185633959122,0.3240024752014405,0.9312744979641442,-0.1288393416437527,0.2020855805762757,2
-0.040114682770016,-0.3017859115539208,-0.2478307134598147,-0.0705684295324405,-0.3309404173864418,-0.3231236796763229,-0.5244180254284496,0.384715608405267,-0.4841477076484645,-0.204425692077395,-0.0282865048058431,-0.5945951485847569,1.7415133042077433,-1.174215671346095,0.6802966203701428,0.2020855805762757,1
0.0818714870569319,-1.275490197022623,-0.6294851191827274,0.7265198654277072,1.1868053231375393,-0.5260515944488928,-0.3129310309060081,-0.002982291538025,-1.0362459707563625,-0.1413762496810453,-1.4715478356091816,-0.3436296637924892,-1.2960099008057626,0.1555675934814245,1.8130869671895968,1.1367634881971682,0
-0.5280593620778081,-1.43777424460074,-0.8839213896646693,-0.5724388374703113,-0.2141907450384432,-0.1201957649037529,-1.0682417256290135,1.160111408291851,-0.9672336878678752,-1.1186426068244644,-1.7172093387246434,-1.34749160296156,-0.0810006188003602,0.5988286817572643,1.974914159592376,1.8043905650692345,3
-1.0160040413856002,0.0227821836023131,-0.7567032544236983,-1.1333528228126375,-0.4476900897344403,-0.1201957649037529,-0.5244180254284496,0.5139482417196978,-0.1390862932060283,-0.5511976252573179,0.3709134377567823,0.7857150177727154,-0.8910068068039617,-0.8417698551392151,-1.2616296884632066,-1.2666939885422694,0
-0.8940178715586523,0.0227821836023131,-0.5658760515622421,-0.4838734713636282,0.1360582720055524,-0.5260515944488928,-0.58484288100629,0.384715608405267,-0.2080985760945156,-0.5827223464554927,0.0331288709730223,-0.2181469213963554,-0.0810006188003602,-1.2850309434150549,0.0329878507590263,0.0685601652018625,0
1.5457055249803082,0.5096343263366642,1.5968322475342631,0.9922159637477564,-0.0974410726904446,0.285660064641387,1.1674779307510823,-1.1660759913679015,0.3439996870133823,1.2141867618404714,0.7701133803194079,-0.3436296637924892,-0.2835021658012606,1.706981402446864,0.1948150431618054,1.003238072822755,2
1.6676916948072564,1.1587705166491322,1.3423959770523215,0.5198673445121134,-0.5644397620824388,0.488587979413957,1.378964925273524,-1.2953086246823322,0.9651102330097674,0.8989395498587233,0.4323288135356478,-0.8455606333770247,-0.0810006188003602,-0.8417698551392151,0.0329878507590263,0.335610995950689,1
1.9116640344611524,0.9964864690710152,1.1515687741908651,0.8446070202366179,-0.3309404173864418,0.285660064641387,0.7142915139172792,-0.90761072473904,0.8960979501212801,0.6782665014714996,0.6165749408722442,-1.0965261181692925,1.539011757206843,-1.063400399277135,1.1657781975784802,0.8697126574483418,1
1.9116640344611524,0.5096343263366642,1.5968322475342631,1.3759992168767166,0.0193085996575538,0.285660064641387,1.107053075173242,-1.1660759913679015,0.6890611014558184,1.0565631558495974,-0.2125326321424395,-0.9710433757731584,0.5265040222023409,2.150242490722704,1.003951005175701,1.4038143189459946,1
-0.4060731922508601,0.8342024214928982,0.5154780979860106,0.5789109219165687,-0.0974410726904446,0.285660064641387,0.3819548082391568,-0.6491454581101787,0.6890611014558184,0.7097912226696744,1.3842671381080625,-0.4691124061886231,-0.0810006188003602,0.7096439538262242,0.3566422355645846,0.4691364113251022,2
-0.040114682770016,0.0227821836023131,0.0702146246426124,-0.7790913583859052,-0.6811894344304374,0.285660064641387,-0.3431434586949283,0.2554829750908363,0.4820242527903567,-0.2674751344737446,0.4016211256462151,0.2837840481881799,-1.0935083538048622,0.9312744979641442,-0.7761481112548693,0.2020855805762757,3
-1.3819625508664444,-0.626354006710155,-0.7567032544236983,-0.3953081052569451,0.2528079443535509,-0.3231236796763229,-0.6150553087952103,0.5139482417196978,-0.6911845563139263,-0.519672904059143,-0.7038556383733633,-0.0926641790002215,-0.2835021658012606,0.4880134096883043,-0.2906665340465318,-0.0649652501725506,0
0.325843826710828,1.1587705166491322,1.406005044672807,1.5826517377923104,0.6030569613975466,0.082732149868817,0.8955660806508005,-1.0368433580534706,1.0341225158982543,0.8989395498587233,1.568513265444659,-0.7200778909808908,1.134008663205042,0.8204592258951843,0.5184694279673637,0.7361872420739286,1
-0.4060731922508601,-0.4640699591320379,-1.2019667277670965,-1.2514399776215483,-0.7979391067784359,-0.3231236796763229,-0.4942055976395293,0.5139482417196978,-0.4151354247599773,-0.4881481828609683,-0.0589941926952759,1.036680502564983,-1.2960099008057626,0.2663828655503844,-1.4234568808659858,-1.533744819291096,0
-0.040114682770016,-0.7886380542882719,-1.265575795387582,-1.5171360759415975,-1.4984371408664272,-0.3231236796763229,-1.128666581206854,1.4185766749207127,-0.2080985760945156,-0.8979695584372408,-0.5810248868156324,0.6602322753765815,0.3240024752014405,-0.7309545830702552,-0.7761481112548693,-1.533744819291096,3
-0.2840870224239121,-0.626354006710155,-1.01113952490564,-1.1038310341104098,-0.6811894344304374,0.082732149868817,-1.279728720151455,1.5478093082351434,-0.2771108589830028,-0.9294942796354156,-0.611732574705065,-0.0926641790002215,-0.6885052598030614,-0.2876934947944153,0.3566422355645846,-0.1984906655469638,3
0.20385765688388,0.0227821836023131,1.4696141122932924,1.1693466959611225,0.2528079443535509,0.285660064641387,0.5632293749726781,-0.6491454581101787,0.1369628383479205,0.4260687318861011,-0.5196095110367669,-1.0965261181692925,0.1215009282005401,2.150242490722704,1.4894325823840384,2.0714413958180606,2
-0.5280593620778081,-1.275490197022623,-1.965275539212922,-1.6942668081549637,-0.9146887791264344,-0.7289795092214628,-1.4610032868849765,1.9355072081784357,-1.450319668087286,-1.5915134247970866,-0.8573940778205269,1.1621632449611168,0.1215009282005401,-0.9525851272081752,-1.2616296884632066,-1.667270234665509,3
1.0577608456725165,0.9964864690710152,0.6426962332269816,0.7560416541299348,-0.2141907450384432,-0.5260515944488928,1.5602394920070453,-1.424541257996763,0.9651102330097674,1.844681185803968,1.0464825713243024,0.9111977601688492,0.1215009282005401,-0.6201393110012952,-0.1288393416437527,-1.2666939885422694,0
1.4237193551533602,1.4833386118053662,1.1515687741908651,1.5236081603878548,0.8365563060935437,0.285660064641387,1.5904519197959657,-1.424541257996763,1.5172084961176653,1.3718103678313454,0.8315287560982734,0.0328185633959122,-1.2960099008057626,0.0447523214124645,-0.2906665340465318,0.4691364113251022,2
2.3996087137689446,1.9701907545397173,1.7240503827752345,0.7560416541299348,-0.6811894344304374,-0.5260515944488928,2.7687366035638536,-1.9414717912544857,1.8622699105601013,3.137194754929135,2.643282341574805,1.5386114721495183,0.9315071162041416,0.9312744979641442,-1.0998024960604276,-1.667270234665509,0
-0.7720317017317042,-0.3017859115539208,-1.0747485925261255,-1.2219181889193205,-0.6811894344304374,-0.1201957649037529,-0.58484288100629,0.6431808750341285,-0.34612314187149,-0.6142470676536675,-0.1204095684741413,1.5386114721495183,-0.0810006188003602,-1.063400399277135,-1.4234568808659858,-1.8007956500399225,0
0.5698161663647241,0.9964864690710152,0.8971325037089233,1.0217377524499842,0.486307289049548,0.285660064641387,0.5934418027615983,-0.7783780914246093,0.6200488185673312,0.5836923378769752,1.7220517048918225,-0.5945951485847569,0.7290055692032413,-1.2850309434150549,0.3566422355645846,0.4691364113251022,2
0.0818714870569319,-1.113206149444506,0.3882599627450397,0.3132148235965195,-0.2141907450384432,-0.3231236796763229,0.0496181025610344,-0.2614475581668865,-1.1742705365333368,-0.0152773648883461,-0.9495171414888252,-0.8455606333770247,-0.8910068068039617,1.706981402446864,1.003951005175701,1.1367634881971682,2
-1.3819625508664444,-0.1395018639758038,-1.2019667277670965,-1.340005343728231,-0.9146887791264344,-0.3231236796763229,-0.5244180254284496,0.5139482417196978,-0.0700740103175411,-0.708821231248192,0.3094980619779169,1.036680502564983,-0.6885052598030614,-0.9525851272081752,-1.5852840732687647,-1.8007956500399225,0
1.5457055249803082,0.6719183739147813,0.8971325037089233,0.9626941750455288,-0.0974410726904446,0.285660064641387,0.3819548082391568,-0.6491454581101787,0.6890611014558184,0.2684451258952271,0.1559596225307532,-1.34749160296156,2.551519492211345,0.2663828655503844,2.136741351995155,1.8043905650692345,1
-0.5280593620778081,-0.1395018639758038,0.006605557022127,-0.9562220905992712,-0.9146887791264344,-0.5260515944488928,-0.58484288100629,0.5139482417196978,-0.2771108589830028,-0.5827223464554927,-0.2125326321424395,-0.5945951485847569,0.7290055692032413,0.1555675934814245,-0.1288393416437527,-0.332016080921377,1
-0.040114682770016,-0.3017859115539208,0.3882599627450397,0.0475187252764702,0.486307289049548,0.082732149868817,-0.5546304532173698,0.5139482417196978,-0.0700740103175411,-0.7718706736445415,-0.9802248293782578,-0.9710433757731584,-0.8910068068039617,0.4880134096883043,1.1657781975784802,1.4038143189459946,3
-0.5280593620778081,-1.113206149444506,-0.1206125782188438,0.0179969365742425,-0.3309404173864418,-0.3231236796763229,-0.2222937475392474,-0.002982291538025,-1.1742705365333368,-0.0783268072846957,-1.1644709567148543,-0.5945951485847569,-0.2835021658012606,0.2663828655503844,0.5184694279673637,0.2020855805762757,2
0.5698161663647241,-0.1395018639758038,-0.2478307134598147,-0.2476991617458067,0.1360582720055524,-0.1201957649037529,-0.7963298755287316,0.7724135083485592,-0.0010617274290538,-0.8979695584372408,-0.1204095684741413,-1.2220088605654262,2.551519492211345,-1.174215671346095,1.974914159592376,1.5373397343204078,3
1.3017331853264122,1.1587705166491322,0.8971325037089233,0.5789109219165687,-0.3309404173864418,0.082732149868817,0.5934418027615983,-0.7783780914246093,0.8960979501212801,0.5521676166788004,0.9236518197665716,-0.7200778909808908,0.9315071162041416,-0.5093240389323352,0.6802966203701428,0.6026618266995154,1
0.6918023361916721,1.9701907545397173,1.7240503827752345,1.5236081603878548,0.486307289049548,0.488587979413957,1.5904519197959657,-1.424541257996763,1.9312821934485889,1.434859810227695,1.8755901443389864,-0.3436296637924892,0.7290055692032413,1.374535586239984,-0.1288393416437527,0.6026618266995154,1
-0.8940178715586523,-0.4640699591320379,-1.0747485925261255,-1.280961766323776,-0.9146887791264344,-0.3231236796763229,-0.5546304532173698,0.5139482417196978,-0.5531599905369518,-0.5511976252573179,-0.0897018805847086,1.5386114721495183,-0.8910068068039617,-0.5093240389323352,-1.4234568808659858,-1.8007956500399225,0
1.6676916948072564,1.9701907545397173,1.278786909431836,0.4608237671076579,-0.7979391067784359,-0.3231236796763229,1.983213481051928,-1.6830065246256245,1.5862207790061524,1.7185823010112682,1.660636329112957,0.5347495329804477,0.1215009282005401,-0.1768782227254553,-0.2906665340465318,-1.1331685731678562,0
1.9116640344611524,1.4833386118053662,1.3423959770523215,1.0807813298544395,0.1360582720055524,0.488587979413957,1.6206643475848856,-1.424541257996763,1.8622699105601013,1.277236204236821,1.1693133228820334,-0.2181469213963554,-0.0810006188003602,0.1555675934814245,-0.2906665340465318,0.6026618266995154,2
-0.5280593620778081,-0.1395018639758038,-0.3750488487007857,-1.280961766323776,-0.9146887791264344,0.285660064641387,-0.3733558864838485,0.384715608405267,0.2059751212364078,-0.8033953948427164,0.0331288709730223,0.4092667905843138,1.134008663205042,-0.0660629506564954,-0.7761481112548693,-0.332016080921377,3
0.6918023361916721,0.9964864690710152,0.3882599627450397,0.5789109219165687,0.0193085996575538,-0.7289795092214628,1.0466282195954015,-1.1660759913679015,0.6890611014558184,1.0565631558495974,1.35355945021863,0.5347495329804477,0.3240024752014405,1.485350858308944,0.3566422355645846,-0.7325923270446166,0
0.447829996537776,0.0227821836023131,0.5790871656064961,-0.218177373043579,0.1360582720055524,0.285660064641387,-0.5244180254284496,0.5139482417196978,-0.0010617274290538,-0.708821231248192,-0.1204095684741413,-0.9710433757731584,2.3490179452104445,0.8204592258951843,1.3276053899812592,1.2702889035715814,3
-0.7720317017317042,-0.626354006710155,-0.5658760515622421,-0.306742739150262,0.2528079443535509,-0.3231236796763229,-0.5244180254284496,0.384715608405267,-0.6911845563139263,-0.4250987404646186,-0.7038556383733633,0.0328185633959122,-0.6885052598030614,-0.5093240389323352,0.1948150431618054,-0.1984906655469638,0
-0.5280593620778081,-0.7886380542882719,-0.6294851191827274,-0.3953081052569451,0.1360582720055524,-0.3231236796763229,-0.6754801643730507,0.5139482417196978,-0.898221404979388,-0.4250987404646186,-0.9188094535993924,-0.0926641790002215,-0.486003712802161,-0.2876934947944153,0.5184694279673637,0.0685601652018625,0
-0.8940178715586523,-0.7886380542882719,-0.4386579163212711,-0.6610042035769944,0.0193085996575538,-0.5260515944488928,-0.856754731106572,0.9016461416629898,-0.898221404979388,-0.9610190008335904,-0.3967787594790359,-0.0926641790002215,-0.6885052598030614,0.9312744979641442,-0.9379753036576484,-0.7325923270446166,1
-1.2599763810394964,-1.275490197022623,-1.7744483363514656,-1.1038310341104098,-0.0974410726904446,-0.9319074239940328,-1.0078168700511732,1.160111408291851,-1.450319668087286,-1.1501673280226392,-1.0416402051571234,1.5386114721495183,-0.6885052598030614,-0.7309545830702552,-1.4234568808659858,-1.667270234665509,2
1.0577608456725165,1.4833386118053662,1.2151778418113506,0.6379544993210241,-0.4476900897344403,0.285660064641387,1.6206643475848856,-1.424541257996763,1.5862207790061524,1.1196125982459468,0.862236443987706,-0.2181469213963554,1.3365102102059423,-0.7309545830702552,0.0329878507590263,0.335610995950689,1
0.6918023361916721,1.6456226593834833,1.2151778418113506,1.4940863716856272,0.7198066337455451,0.285660064641387,1.681089203162726,-1.424541257996763,2.069306759225563,1.2457114830386462,1.1693133228820334,0.1583013057920461,0.9315071162041416,0.8204592258951843,-0.2906665340465318,0.0685601652018625,1
0.9357746758455682,1.4833386118053662,1.533223179913778,0.5789109219165687,-0.5644397620824388,-0.3231236796763229,2.043638336629769,-1.6830065246256245,1.103134798786742,2.1284036765875407,2.3976208384593427,1.036680502564983,-0.0810006188003602,0.1555675934814245,-0.6143209188520901,-1.4002194039166826,0
2.8875533930767365,1.1587705166491322,1.7876594503957195,1.7597824700056766,0.3695576167015494,0.6915158941865269,1.3185400696956835,-1.2953086246823322,1.0341225158982543,1.2457114830386462,1.3842671381080625,-0.8455606333770247,2.9565225862131457,1.374535586239984,0.8421238127729219,1.2702889035715814,2
-0.6500455319047562,-0.1395018639758038,-0.3114397810803002,-0.0410466408302128,-0.3309404173864418,-0.5260515944488928,-0.5244180254284496,0.384715608405267,-0.2080985760945156,-0.4250987404646186,0.063836558862455,-1.0965261181692925,0.5265040222023409,-0.0660629506564954,2.136741351995155,1.670865149694821,1
0.20385765688388,-0.1395018639758038,0.1338236922630979,-0.306742739150262,0.0193085996575538,0.285660064641387,-0.7056925921619709,0.6431808750341285,-0.0010617274290538,-0.8033953948427164,-0.273948007921305,-1.0965261181692925,0.7290055692032413,-0.7309545830702552,1.6512597747868174,1.4038143189459946,3
-0.5280593620778081,-0.7886380542882719,-0.8203123220441838,-0.6314824148747668,-0.4476900897344403,-0.5260515944488928,-1.0984541534179335,1.160111408291851,-0.7601968392024134,-1.055593164428115,-0.734563326262796,-1.472974345357694,1.944014851208644,-0.7309545830702552,2.298568544397934,1.8043905650692345,1
0.447829996537776,0.1850662311804301,1.2151778418113506,1.228390273365578,0.486307289049548,-0.1201957649037529,0.7142915139172792,-0.7783780914246093,0.2059751212364078,0.61521705907515,-0.1818249442530068,-0.8455606333770247,-1.0935083538048622,2.150242490722704,0.3566422355645846,0.6026618266995154,1
-0.6500455319047562,-1.113206149444506,-1.5200120658695238,-0.9267003018970436,-0.2141907450384432,-0.7289795092214628,-0.6150553087952103,0.6431808750341285,-1.1742705365333368,-0.8033953948427164,-0.5503171989261996,1.6640942145456523,1.134008663205042,-1.395846215484015,-1.4234568808659858,-1.667270234665509,2
-0.2840870224239121,0.1850662311804301,-0.2478307134598147,-0.601960626172539,-0.0974410726904446,0.082732149868817,-0.6452677365841305,0.5139482417196978,0.274987404124895,-0.6457717888518423,0.7394056924299751,-0.3436296637924892,1.3365102102059423,-0.1768782227254553,0.0329878507590263,0.6026618266995154,3
-1.5039487206933924,0.3473502787585472,-0.8203123220441838,-0.6610042035769944,0.2528079443535509,-0.5260515944488928,-0.5244180254284496,0.384715608405267,-0.0700740103175411,-0.5511976252573179,0.6165749408722442,0.2837840481881799,-0.2835021658012606,-1.395846215484015,-0.9379753036576484,-0.999643157793443,0
0.5698161663647241,0.8342024214928982,0.5154780979860106,0.6969980767254795,0.1360582720055524,0.082732149868817,0.2611050970834759,-0.5199128247957479,0.4820242527903567,0.2053956834988775,0.6779903166511096,-0.9710433757731584,0.7290055692032413,-1.2850309434150549,0.6802966203701428,0.7361872420739286,2
-0.040114682770016,-0.4640699591320379,0.3882599627450397,0.5789109219165687,0.0193085996575538,0.285660064641387,0.4423796638169973,-0.6491454581101787,-0.4841477076484645,0.61521705907515,-0.2125326321424395,-0.3436296637924892,-0.6885052598030614,-0.0660629506564954,0.0329878507590263,0.2020855805762757,1
-0.2840870224239121,0.0227821836023131,-0.3750488487007857,0.0770405139786979,0.8365563060935437,-0.3231236796763229,-0.5546304532173698,0.384715608405267,-0.2771108589830028,-0.5827223464554927,0.1252519346413205,-0.4691124061886231,1.134008663205042,-1.2850309434150549,1.003951005175701,0.7361872420739286,0
1.9116640344611524,0.6719183739147813,1.7240503827752345,0.7265198654277072,-0.3309404173864418,0.285660064641387,1.1674779307510823,-1.1660759913679015,0.551036535678844,1.1511373194441217,1.1693133228820334,-0.3436296637924892,1.3365102102059423,2.039427218653744,0.3566422355645846,0.8697126574483418,2
-0.7720317017317042,0.0227821836023131,0.006605557022127,-0.1296120069368959,-0.2141907450384432,-0.1201957649037529,-0.3733558864838485,0.1262503417764056,-0.2771108589830028,-0.2359504132755698,-0.0282865048058431,-0.3436296637924892,-0.8910068068039617,-1.174215671346095,0.1948150431618054,0.0685601652018625,1
0.8137885060186202,0.6719183739147813,0.8971325037089233,1.1103031185566672,0.1360582720055524,0.082732149868817,0.5330169471837579,-0.7783780914246093,0.551036535678844,0.4260687318861011,0.0331288709730223,-1.34749160296156,-0.6885052598030614,-0.8417698551392151,1.3276053899812592,1.2702889035715814,1
1.7896778646342044,1.1587705166491322,1.7240503827752345,0.4017801897032025,-0.7979391067784359,0.6915158941865269,1.4393897808513645,-1.2953086246823322,1.5862207790061524,1.277236204236821,1.2000210107714662,-0.0926641790002215,0.7290055692032413,1.706981402446864,0.0329878507590263,0.7361872420739286,2
0.9357746758455682,0.1850662311804301,1.4696141122932924,0.7855634428321626,-0.0974410726904446,0.285660064641387,0.8955660806508005,-0.90761072473904,0.1369628383479205,0.772840665066024,0.6165749408722442,-0.8455606333770247,0.1215009282005401,2.8151341231364637,0.5184694279673637,1.2702889035715814,2
0.20385765688388,0.3473502787585472,-0.0570035105983584,0.2246494574898364,-0.3309404173864418,-0.3231236796763229,-0.0108067530168059,-0.2614475581668865,0.274987404124895,0.2369204046970523,0.3094980619779169,-0.7200778909808908,-0.486003712802161,-0.9525851272081752,0.3566422355645846,0.335610995950689,2
-0.5280593620778081,0.3473502787585472,0.1974327598835834,-0.6314824148747668,-0.4476900897344403,0.285660064641387,-0.4639931698506092,0.384715608405267,0.2059751212364078,-0.4250987404646186,0.3402057498673496,0.1583013057920461,1.3365102102059423,-0.6201393110012952,-0.452493726449311,0.2020855805762757,3
-0.7720317017317042,0.0227821836023131,-0.3114397810803002,-0.4543516826614005,-0.3309404173864418,-0.3231236796763229,-0.433780742061689,0.384715608405267,-0.2080985760945156,-0.2359504132755698,-0.0897018805847086,0.2837840481881799,1.7415133042077433,0.1555675934814245,-0.7761481112548693,-0.8661177424190298,1
1.7896778646342044,1.4833386118053662,1.4696141122932924,1.0217377524499842,0.0193085996575538,0.488587979413957,1.0164157918064811,-1.0368433580534706,1.103134798786742,0.8674148286605485,1.8448824564495532,-0.5945951485847569,1.134008663205042,-1.063400399277135,0.1948150431618054,0.6026618266995154,2
-0.4060731922508601,0.3473502787585472,0.1974327598835834,-0.5724388374703113,-0.2141907450384432,0.285660064641387,-0.4035683142727687,0.2554829750908363,0.4820242527903567,-0.2989998556719194,0.3402057498673496,0.2837840481881799,-1.0935083538048622,-0.8417698551392151,-0.6143209188520901,0.0685601652018625,3
-1.3819625508664444,-1.275490197022623,-1.4564029982490383,-1.0152656680037266,0.1360582720055524,-0.3231236796763229,-1.0078168700511732,1.289344041606282,-1.3813073851987985,-1.181692049220814,-0.9802248293782578,1.1621632449611168,0.9315071162041416,1.263720314171024,-1.5852840732687647,-1.4002194039166826,2
-1.1379902112125484,0.0227821836023131,-0.8839213896646693,-0.601960626172539,0.2528079443535509,-0.5260515944488928,-0.6754801643730507,0.6431808750341285,-0.4151354247599773,-0.6457717888518423,0.1559596225307532,0.2837840481881799,-0.2835021658012606,-1.2850309434150549,-0.9379753036576484,-1.1331685731678562,0
-0.5280593620778081,0.3473502787585472,-0.0570035105983584,-0.3657863165547175,-0.5644397620824388,-0.1201957649037529,-0.2222937475392474,-0.002982291538025,0.0679505554594333,-0.0468020860865209,0.6779903166511096,-0.0926641790002215,0.5265040222023409,0.2663828655503844,-0.2906665340465318,-0.332016080921377,1
0.325843826710828,-0.626354006710155,-0.3114397810803002,0.2541712461920641,0.2528079443535509,-0.7289795092214628,0.2611050970834759,-0.6491454581101787,-0.9672336878678752,0.5206428954806256,-0.8266863899310942,0.1583013057920461,-1.2960099008057626,-0.9525851272081752,1.1657781975784802,0.335610995950689,0
0.447829996537776,0.0227821836023131,-0.6294851191827274,0.549389133214341,1.070055650789541,-0.7289795092214628,-0.2222937475392474,-0.1322149248524557,-0.2771108589830028,-0.3305245768700942,0.3402057498673496,-0.3436296637924892,0.1215009282005401,-0.6201393110012952,1.1657781975784802,1.003238072822755,0
0.447829996537776,0.3473502787585472,0.3246508951245543,-0.1296120069368959,0.2528079443535509,0.082732149868817,-0.3733558864838485,0.2554829750908363,0.0679505554594333,-0.4881481828609683,0.2173749983096186,-0.5945951485847569,-1.0935083538048622,0.0447523214124645,0.5184694279673637,0.8697126574483418,3
0.325843826710828,0.3473502787585472,-0.3114397810803002,1.051259541152212,1.1868053231375393,-0.5260515944488928,-0.0410191808057261,-0.3906801914813172,0.1369628383479205,-0.0152773648883461,0.2173749983096186,-0.4691124061886231,-0.0810006188003602,0.3771981376193444,1.6512597747868174,1.003238072822755,0
-0.7720317017317042,-1.43777424460074,-1.838057403971951,-1.5171360759415975,-0.4476900897344403,-0.9319074239940328,-1.5214281424628169,2.0647398414928664,-1.5883442338642604,-1.5915134247970866,-1.1337632688254216,1.5386114721495183,0.5265040222023409,0.2663828655503844,-1.4234568808659858,-1.667270234665509,3
1.9116640344611524,1.1587705166491322,0.8335234360884379,0.6084327106187964,-0.4476900897344403,-0.9319074239940328,1.7717264865294868,-1.5537738913111936,0.6890611014558184,2.3175520037765898,1.2921440744397643,1.1621632449611168,-1.2960099008057626,0.7096439538262242,-0.2906665340465318,-1.2666939885422694,0
1.3017331853264122,0.9964864690710152,1.6604413151547488,0.7265198654277072,-0.3309404173864418,0.488587979413957,1.469602208640285,-1.2953086246823322,1.0341225158982543,1.3718103678313454,0.862236443987706,-0.0926641790002215,1.7415133042077433,1.0420897700331042,0.1948150431618054,0.7361872420739286,2
-0.7720317017317042,-1.275490197022623,-1.3927939306285528,-1.0743092454081822,-0.5644397620824388,-0.5260515944488928,-1.2193038645736145,1.4185766749207127,-1.312295102310311,-1.0871178856262895,-1.3180093961620178,-0.2181469213963554,-1.0935083538048622,0.1555675934814245,-0.452493726449311,-0.4655414962957902,2
-1.3819625508664444,-1.43777424460074,-1.7744483363514656,-1.5171360759415975,-1.031438451474433,-0.3231236796763229,-1.3099411479403753,1.677041941549574,-1.519331950975773,-1.339315655211688,-1.4408401477197488,0.6602322753765815,-1.0935083538048622,-0.8417698551392151,-1.4234568808659858,-1.533744819291096,2
1.4237193551533602,1.8079067069616004,1.0243506389498942,1.1988684846633504,0.2528079443535509,0.488587979413957,1.469602208640285,-1.2953086246823322,1.724245344783127,1.1511373194441217,1.2614363865503315,-0.0926641790002215,-0.8910068068039617,0.7096439538262242,-0.1288393416437527,0.4691364113251022,1
-1.6259348905203403,-0.9509221018663888,-1.3927939306285528,-1.369527132430459,-0.6811894344304374,-0.5260515944488928,-0.8869671588954922,1.0308787749774206,-1.1742705365333368,-1.181692049220814,-1.0109325172676906,0.9111977601688492,-1.2960099008057626,-0.8417698551392151,-1.5852840732687647,-1.2666939885422694,1
1.5457055249803082,1.4833386118053662,1.1515687741908651,1.730260681303449,0.6030569613975466,-0.9319074239940328,2.466612325674652,-1.812239157940055,0.9651102330097674,2.884996985343736,2.673990029464237,1.91505969933792,-0.2835021658012606,-0.1768782227254553,-1.0998024960604276,-1.8007956500399225,0
-1.5039487206933924,0.1850662311804301,-0.6930941868032129,-0.8086131470881329,-0.0974410726904446,-0.3231236796763229,-0.4639931698506092,0.384715608405267,-0.0010617274290538,-0.362049298068269,0.4630365014250805,0.9111977601688492,-1.0935083538048622,0.1555675934814245,-1.0998024960604276,-1.1331685731678562,0
0.8137885060186202,0.9964864690710152,1.7240503827752345,1.6416953151967657,0.6030569613975466,0.082732149868817,1.469602208640285,-1.424541257996763,0.9651102330097674,1.5609586950203942,0.9543595076560044,-0.0926641790002215,-0.0810006188003602,0.5988286817572643,0.0329878507590263,0.4691364113251022,1
-0.6500455319047562,-0.1395018639758038,-0.6930941868032129,-0.6905259922792221,-0.6811894344304374,-0.1201957649037529,-0.7963298755287316,0.9016461416629898,-0.34612314187149,-0.9294942796354156,-0.0282865048058431,-0.5945951485847569,0.1215009282005401,0.5988286817572643,-0.1288393416437527,0.2020855805762757,1
0.0818714870569319,0.6719183739147813,0.3246508951245543,-0.2772209504480344,0.2528079443535509,0.285660064641387,-0.3431434586949283,0.2554829750908363,0.6890611014558184,-0.2989998556719194,0.862236443987706,0.2837840481881799,-0.486003712802161,-1.395846215484015,-0.9379753036576484,-0.1984906655469638,3
0.6918023361916721,-0.3017859115539208,0.4518690303655251,0.7855634428321626,0.1360582720055524,-0.1201957649037529,0.5330169471837579,-0.7783780914246093,-0.2771108589830028,0.6782665014714996,-0.273948007921305,-0.5945951485847569,-0.0810006188003602,0.0447523214124645,0.3566422355645846,0.4691364113251022,2
-0.4060731922508601,0.3473502787585472,0.1974327598835834,-0.6905259922792221,-0.4476900897344403,0.082732149868817,-0.4942055976395293,0.384715608405267,0.4820242527903567,-0.4250987404646186,0.2787903740884841,0.0328185633959122,-0.486003712802161,-1.174215671346095,-0.452493726449311,0.2020855805762757,3
0.0818714870569319,0.3473502787585472,0.1974327598835834,4.859570283739584,8.892283698105445,8.199848740771616,-0.4035683142727687,0.2554829750908363,0.4820242527903567,4.145985833270728,0.3709134377567823,7.81274859195621,1.134008663205042,-0.3985087668633753,-0.1288393416437527,0.0685601652018625,3
0.8137885060186202,1.9701907545397173,1.5968322475342631,1.1398249072588948,0.1360582720055524,0.488587979413957,1.7717264865294868,-1.424541257996763,2.2073313250025377,1.434859810227695,0.9236518197665716,-0.0926641790002215,-0.0810006188003602,0.7096439538262242,-0.452493726449311,0.335610995950689,1
-0.8940178715586523,-0.4640699591320379,-1.0747485925261255,-1.6352232307505083,-1.3816874685184286,-0.1201957649037529,-0.4942055976395293,0.5139482417196978,-0.4841477076484645,-0.6142470676536675,-0.1204095684741413,1.5386114721495183,-0.486003712802161,0.3771981376193444,-1.5852840732687647,-1.667270234665509,0
-0.2840870224239121,-1.113206149444506,-0.7567032544236983,-0.2476991617458067,0.486307289049548,3.3295787862299364,-0.856754731106572,0.7724135083485592,-0.622172273425439,-0.8349201160408911,-1.3794247719408834,-0.7200778909808908,-0.486003712802161,-0.1768782227254553,0.5184694279673637,0.8697126574483418,3
-0.040114682770016,-0.1395018639758038,0.5154780979860106,-0.0705684295324405,0.3695576167015494,0.285660064641387,-0.4639931698506092,0.384715608405267,0.551036535678844,-0.5827223464554927,-0.9802248293782578,-0.8455606333770247,0.5265040222023409,0.4880134096883043,0.8421238127729219,1.003238072822755,3
-0.8940178715586523,0.3473502787585472,-0.4386579163212711,-0.1000902182346682,0.7198066337455451,-0.5260515944488928,-0.433780742061689,0.2554829750908363,-0.1390862932060283,-0.3935740192664438,0.4630365014250805,0.1583013057920461,0.1215009282005401,-1.063400399277135,-0.1288393416437527,-0.1984906655469638,0
-0.4060731922508601,0.6719183739147813,0.0702146246426124,0.549389133214341,0.1360582720055524,-0.3231236796763229,0.2308926692945557,-0.5199128247957479,0.4130119699018695,0.5206428954806256,1.445682513886928,-0.3436296637924892,-1.0935083538048622,-1.174215671346095,0.0329878507590263,-0.0649652501725506,2
0.447829996537776,-1.275490197022623,-0.3750488487007857,0.0179969365742425,-0.2141907450384432,-0.1201957649037529,-0.2222937475392474,-0.002982291538025,-1.1742705365333368,0.0162473563098286,-1.195178644604287,-0.0926641790002215,-1.2960099008057626,-1.395846215484015,-0.1288393416437527,-0.4655414962957902,1
1.7896778646342044,1.9701907545397173,1.533223179913778,0.2541712461920641,-1.2649377961704302,-0.7289795092214628,2.647886892408173,-1.9414717912544857,1.5172084961176653,3.04262059133461,2.643282341574805,1.789576956941786,0.9315071162041416,-1.174215671346095,-1.0998024960604276,-1.9343210654143357,0
-0.5280593620778081,-0.626354006710155,-0.4386579163212711,-0.1886555843413513,0.486307289049548,-0.7289795092214628,-0.4639931698506092,0.2554829750908363,-0.8292091220909007,-0.4250987404646186,-0.6424402625944978,-0.0926641790002215,-0.8910068068039617,-1.395846215484015,-0.1288393416437527,-0.0649652501725506,0
0.5698161663647241,-1.113206149444506,-0.7567032544236983,0.5198673445121134,0.7198066337455451,-0.5260515944488928,-0.1316564641724868,-0.2614475581668865,-0.8292091220909007,0.0162473563098286,-1.4101324598303162,-0.2181469213963554,-0.6885052598030614,0.4880134096883043,1.8130869671895968,1.003238072822755,0
-0.7720317017317042,-0.4640699591320379,-1.138357660146611,-0.5429170487680837,0.2528079443535509,0.285660064641387,-1.0682417256290135,1.160111408291851,-0.4841477076484645,-0.9925437220317652,-0.4889018231473341,-0.7200778909808908,0.1215009282005401,-1.395846215484015,0.6802966203701428,0.7361872420739286,3
1.6676916948072564,1.321054564227249,1.6604413151547488,1.316955639472261,0.2528079443535509,0.6915158941865269,1.137265502962162,-1.1660759913679015,1.0341225158982543,0.8674148286605485,0.8315287560982734,-0.9710433757731584,2.9565225862131457,1.0420897700331042,0.8421238127729219,1.2702889035715814,2
-1.0160040413856002,-1.275490197022623,-0.1206125782188438,-0.306742739150262,-0.3309404173864418,-0.1201957649037529,-0.4639931698506092,0.384715608405267,-1.519331950975773,-0.2989998556719194,-1.195178644604287,-0.4691124061886231,-0.0810006188003602,0.9312744979641442,0.3566422355645846,0.2020855805762757,1
0.9357746758455682,1.1587705166491322,1.4696141122932924,-0.1886555843413513,-1.031438451474433,0.285660064641387,1.3185400696956835,-1.2953086246823322,1.0341225158982543,1.1826620406422963,0.8929441318771388,0.1583013057920461,1.134008663205042,-0.1768782227254553,-0.452493726449311,-0.1984906655469638,1
0.325843826710828,-0.9509221018663888,-0.3114397810803002,-0.2476991617458067,0.0193085996575538,-0.1201957649037529,-0.856754731106572,0.7724135083485592,0.1369628383479205,-0.866444837239066,-1.5636708992774797,-1.34749160296156,1.7415133042077433,-1.063400399277135,1.974914159592376,1.670865149694821,3
1.1797470154994645,0.5096343263366642,1.2151778418113506,1.051259541152212,0.0193085996575538,0.6915158941865269,0.955990936228641,-1.0368433580534706,0.6890611014558184,0.8358901074623737,-0.3353633837001705,-0.8455606333770247,0.3240024752014405,1.0420897700331042,0.5184694279673637,0.8697126574483418,1
-0.6500455319047562,-0.7886380542882719,-0.5658760515622421,0.1360840913831533,0.7198066337455451,-0.3231236796763229,-0.5546304532173698,0.384715608405267,-0.7601968392024134,-0.4566234616627934,-0.734563326262796,-0.4691124061886231,-0.8910068068039617,0.8204592258951843,1.1657781975784802,0.6026618266995154,0
-1.6259348905203403,-1.113206149444506,-1.138357660146611,-1.1333528228126375,-0.3309404173864418,-0.1201957649037529,-1.0380292978400931,1.289344041606282,-1.519331950975773,-1.1501673280226392,-1.2258863324937197,0.4092667905843138,-1.0935083538048622,1.152905042102064,-1.5852840732687647,-0.999643157793443,1
-0.2840870224239121,-1.113206149444506,-0.4386579163212711,-0.9562220905992712,-1.031438451474433,-0.5260515944488928,-0.7359050199508911,0.7724135083485592,-1.1742705365333368,-0.7403459524463667,-0.7959787020416614,-0.4691124061886231,-1.0935083538048622,-0.6201393110012952,-0.452493726449311,-0.5990669116702034,2
-0.8940178715586523,0.0227821836023131,-0.6930941868032129,-0.3953081052569451,0.486307289049548,-0.3231236796763229,-0.6754801643730507,0.5139482417196978,-0.2771108589830028,-0.6772965100500171,0.0331288709730223,-0.0926641790002215,-0.2835021658012606,-0.7309545830702552,0.0329878507590263,0.0685601652018625,0
-0.8940178715586523,-1.113206149444506,0.2610418275040688,0.1951276687876087,-0.2141907450384432,0.082732149868817,0.0496181025610344,-0.2614475581668865,-0.9672336878678752,0.0792967987061782,-1.1337632688254216,-0.5945951485847569,-1.0935083538048622,1.706981402446864,0.3566422355645846,0.4691364113251022,2
-0.5280593620778081,0.0227821836023131,-0.3114397810803002,0.5789109219165687,0.2528079443535509,0.082732149868817,-0.2222937475392474,-0.002982291538025,0.2059751212364078,0.0477720775080034,-0.0282865048058431,-0.8455606333770247,-0.486003712802161,-1.174215671346095,0.8421238127729219,0.7361872420739286,2
-1.8699072301742363,-1.43777424460074,-1.965275539212922,-1.5466578646438252,-0.6811894344304374,-0.9319074239940328,-1.4610032868849765,2.0647398414928664,-1.6573565167527475,-1.6860875883916109,-1.2258863324937197,1.4131287297533843,-1.0935083538048622,-0.0660629506564954,-1.908938458074323,-1.533744819291096,1
-1.6259348905203403,-0.3017859115539208,-0.6930941868032129,-1.0447874567059543,-0.2141907450384432,-0.3231236796763229,-0.5546304532173698,0.5139482417196978,-0.1390862932060283,-0.5827223464554927,0.0331288709730223,1.036680502564983,-0.0810006188003602,0.2663828655503844,-1.4234568808659858,-1.533744819291096,0
-0.6500455319047562,-1.43777424460074,-0.2478307134598147,-0.2476991617458067,0.0193085996575538,-0.5260515944488928,-0.856754731106572,0.9016461416629898,-1.726368799641235,-0.866444837239066,-1.4101324598303162,-0.8455606333770247,-0.486003712802161,2.4826883069295835,0.8421238127729219,0.8697126574483418,1
-1.0160040413856002,0.0227821836023131,0.006605557022127,-1.0447874567059543,-0.6811894344304374,0.488587979413957,-0.2827186031170879,0.2554829750908363,0.551036535678844,-0.5827223464554927,-0.0589941926952759,0.4092667905843138,0.7290055692032413,0.9312744979641442,-0.9379753036576484,-0.332016080921377,3
0.9357746758455682,1.321054564227249,1.6604413151547488,0.4608237671076579,-0.9146887791264344,0.6915158941865269,1.4393897808513645,-1.2953086246823322,1.6552330618946398,0.9935137134532476,0.3709134377567823,-0.5945951485847569,-0.486003712802161,1.263720314171024,0.1948150431618054,0.7361872420739286,1
-0.5280593620778081,-0.1395018639758038,-0.7567032544236983,-0.306742739150262,0.2528079443535509,-0.5260515944488928,-0.8265423033176518,0.7724135083485592,-0.34612314187149,-0.7718706736445415,-0.0589941926952759,-0.8455606333770247,0.5265040222023409,-0.1768782227254553,0.6802966203701428,0.4691364113251022,0
0.325843826710828,-1.43777424460074,-0.5022669839417566,0.4313019784054303,0.9533059784415422,-0.5260515944488928,-0.58484288100629,0.2554829750908363,-1.450319668087286,-0.3305245768700942,-1.4715478356091816,-0.4691124061886231,-1.2960099008057626,0.4880134096883043,1.974914159592376,1.2702889035715814,0
-0.7720317017317042,-0.3017859115539208,-0.7567032544236983,0.0179969365742425,1.1868053231375393,-0.3231236796763229,-0.4942055976395293,0.384715608405267,-0.2080985760945156,-0.362049298068269,-0.1204095684741413,0.4092667905843138,-0.0810006188003602,-0.0660629506564954,-0.7761481112548693,-1.1331685731678562,0
-0.040114682770016,-1.762342339756974,-0.6294851191827274,-0.7200477809814498,-0.6811894344304374,-0.5260515944488928,-1.0682417256290135,1.160111408291851,-1.726368799641235,-0.9610190008335904,-1.5329632113880471,-1.2220088605654262,-0.2835021658012606,0.8204592258951843,1.8130869671895968,1.4038143189459946,2
0.325843826710828,-0.9509221018663888,-1.5200120658695238,-1.5171360759415975,-1.2649377961704302,-0.5260515944488928,-1.0682417256290135,1.4185766749207127,-0.622172273425439,-1.0871178856262895,-0.7652710141522288,1.6640942145456523,-0.0810006188003602,-1.395846215484015,-1.2616296884632066,-1.8007956500399225,3
0.5698161663647241,0.5096343263366642,1.2151778418113506,0.7855634428321626,-0.0974410726904446,0.488587979413957,1.1674779307510823,-1.2953086246823322,0.274987404124895,1.2141867618404714,0.5551595650933787,-0.2181469213963554,-0.2835021658012606,-0.6201393110012952,0.0329878507590263,0.0685601652018625,1
-0.4060731922508601,-1.762342339756974,-1.01113952490564,-0.306742739150262,-0.3309404173864418,-0.3231236796763229,-0.856754731106572,0.7724135083485592,-1.6573565167527475,-0.7403459524463667,-1.778624714503509,-1.472974345357694,-1.0935083538048622,-1.063400399277135,1.974914159592376,1.5373397343204078,2
-1.0160040413856002,0.0227821836023131,-0.7567032544236983,-1.4285707098349143,-0.9146887791264344,-0.3231236796763229,-0.58484288100629,0.5139482417196978,-0.2080985760945156,-0.6142470676536675,0.3402057498673496,1.036680502564983,0.3240024752014405,-0.9525851272081752,-1.2616296884632066,-1.533744819291096,0
-0.2840870224239121,-0.626354006710155,0.706305300847467,0.8446070202366179,0.3695576167015494,0.082732149868817,0.4423796638169973,-0.6491454581101787,-0.7601968392024134,0.4260687318861011,-0.6731479504839305,-0.8455606333770247,0.9315071162041416,1.263720314171024,0.6802966203701428,0.6026618266995154,1
-0.5280593620778081,-1.43777424460074,-0.8203123220441838,-0.7790913583859052,-0.5644397620824388,-0.3231236796763229,-1.0078168700511732,1.160111408291851,-1.519331950975773,-1.0871178856262895,-1.4408401477197488,-0.8455606333770247,-0.6885052598030614,2.5935035789985434,0.6802966203701428,1.003238072822755,1
1.5457055249803082,1.321054564227249,1.0243506389498942,1.0217377524499842,0.1360582720055524,0.488587979413957,1.5602394920070453,-1.424541257996763,1.3101716474522036,1.2457114830386462,1.2000210107714662,-0.2181469213963554,0.7290055692032413,1.263720314171024,-0.1288393416437527,0.2020855805762757,1
-0.8940178715586523,-1.113206149444506,0.4518690303655251,0.2246494574898364,-0.3309404173864418,0.082732149868817,0.0194056747721142,-0.2614475581668865,-1.1052582536448496,0.0477720775080034,-0.8266863899310942,-0.7200778909808908,0.1215009282005401,2.261057762791664,0.6802966203701428,0.8697126574483418,1
2.2776225439419964,0.8342024214928982,1.406005044672807,0.8446070202366179,-0.4476900897344403,0.488587979413957,1.1976903585400027,-1.1660759913679015,0.7580733843443057,1.0880878770477722,0.3402057498673496,-0.7200778909808908,1.7415133042077433,1.0420897700331042,0.3566422355645846,0.8697126574483418,2
-1.1379902112125484,-1.275490197022623,-0.7567032544236983,-0.6905259922792221,0.0193085996575538,0.082732149868817,-0.9776044422622528,0.9016461416629898,-0.9672336878678752,-0.9294942796354156,-1.072347893046556,-0.5945951485847569,0.9315071162041416,-0.3985087668633753,0.8421238127729219,0.8697126574483418,3
1.3017331853264122,1.321054564227249,1.6604413151547488,1.1103031185566672,-0.0974410726904446,0.488587979413957,1.469602208640285,-1.2953086246823322,1.3791839303406908,1.1826620406422963,1.0464825713243024,-0.7200778909808908,-1.2960099008057626,-0.3985087668633753,-0.1288393416437527,0.7361872420739286,2
0.6918023361916721,0.3473502787585472,0.5790871656064961,1.700738892601221,1.4203046678335365,-0.7289795092214628,1.0164157918064811,-1.1660759913679015,-0.0010617274290538,1.434859810227695,0.3402057498673496,0.7857150177727154,-0.486003712802161,-0.1768782227254553,0.5184694279673637,-0.5990669116702034,0
-1.1379902112125484,-1.113206149444506,0.0702146246426124,-0.8086131470881329,-0.9146887791264344,-0.3231236796763229,-0.58484288100629,0.5139482417196978,-1.1052582536448496,-0.362049298068269,-0.7959787020416614,0.1583013057920461,-0.0810006188003602,1.817796674515824,-0.6143209188520901,-0.5990669116702034,2
-1.0160040413856002,-0.4640699591320379,-0.7567032544236983,-1.1333528228126375,-0.6811894344304374,-0.3231236796763229,-0.5546304532173698,0.5139482417196978,-0.2080985760945156,-0.362049298068269,-0.0897018805847086,1.1621632449611168,0.7290055692032413,0.1555675934814245,-1.2616296884632066,-1.4002194039166826,0
1.3017331853264122,0.9964864690710152,1.4696141122932924,-0.0115248521279851,-0.9146887791264344,0.285660064641387,1.1976903585400027,-1.1660759913679015,0.9651102330097674,0.9935137134532476,1.4149748259974952,-0.0926641790002215,0.5265040222023409,0.8204592258951843,-0.2906665340465318,0.2020855805762757,2
-1.0160040413856002,-1.275490197022623,-0.8839213896646693,-0.6905259922792221,-0.2141907450384432,-0.5260515944488928,-1.158879008995774,1.289344041606282,-1.2432828194218242,-1.213216770418989,-1.655793962945778,-0.9710433757731584,-0.6885052598030614,0.1555675934814245,1.003951005175701,1.003238072822755,3
-0.040114682770016,-0.4640699591320379,-1.138357660146611,-1.340005343728231,-1.2649377961704302,-0.3231236796763229,-1.0078168700511732,1.289344041606282,-0.2771108589830028,-0.7718706736445415,-0.611732574705065,0.6602322753765815,1.944014851208644,-0.0660629506564954,-0.6143209188520901,-1.4002194039166826,3
-1.1379902112125484,-0.7886380542882719,-0.6930941868032129,-1.1038310341104098,-0.7979391067784359,-0.3231236796763229,-0.5546304532173698,0.5139482417196978,-0.9672336878678752,-0.6772965100500171,-0.3046556958107377,0.9111977601688492,1.134008663205042,-1.2850309434150549,-1.4234568808659858,-1.2666939885422694,1
-0.2840870224239121,0.6719183739147813,0.2610418275040688,0.7855634428321626,0.1360582720055524,-0.1201957649037529,0.2611050970834759,-0.5199128247957479,0.551036535678844,0.4575934530842759,0.8008210682088406,-0.7200778909808908,0.1215009282005401,-0.8417698551392151,0.5184694279673637,0.335610995950689,1
0.5698161663647241,0.3473502787585472,1.7240503827752345,0.9922159637477564,-0.3309404173864418,0.488587979413957,0.9257785084397208,-0.90761072473904,0.4130119699018695,0.5836923378769752,-0.3046556958107377,-1.472974345357694,-1.0935083538048622,2.261057762791664,0.8421238127729219,1.670865149694821,2
0.9357746758455682,0.9964864690710152,1.0243506389498942,0.7560416541299348,-0.2141907450384432,0.285660064641387,0.8049287972840399,-0.90761072473904,0.8960979501212801,0.961988992255073,1.35355945021863,-0.7200778909808908,-1.2960099008057626,-0.2876934947944153,0.5184694279673637,0.7361872420739286,2
-0.4060731922508601,0.3473502787585472,-0.5658760515622421,-0.9562220905992712,-0.4476900897344403,0.488587979413957,-0.2222937475392474,0.1262503417764056,0.3439996870133823,-0.519672904059143,0.3094980619779169,0.5347495329804477,0.9315071162041416,-0.5093240389323352,-0.9379753036576484,-0.5990669116702034,3
-0.2840870224239121,-1.43777424460074,-1.3927939306285528,-1.2514399776215483,-0.6811894344304374,-0.5260515944488928,-1.4912157146738965,1.9355072081784357,-1.2432828194218242,-1.5599887035989115,-1.7479170266140762,-0.7200778909808908,-0.0810006188003602,0.1555675934814245,0.5184694279673637,0.335610995950689,3
0.6918023361916721,0.8342024214928982,0.3882599627450397,1.051259541152212,0.2528079443535509,0.285660064641387,0.5028045193948377,-0.7783780914246093,0.7580733843443057,0.6467417802733249,0.5551595650933787,-0.8455606333770247,1.134008663205042,-0.1768782227254553,0.8421238127729219,0.7361872420739286,1
1.0577608456725165,1.321054564227249,1.2151778418113506,2.0550003570279536,1.1868053231375393,-0.9319074239940328,2.104063192207609,-1.6830065246256245,1.0341225158982543,2.475175609767464,2.0598362716755827,1.5386114721495183,0.1215009282005401,1.0420897700331042,-0.7761481112548693,-1.533744819291096,0
-0.5280593620778081,0.1850662311804301,-0.5022669839417566,-0.985743879301499,-0.3309404173864418,0.082732149868817,-0.3431434586949283,0.384715608405267,0.6890611014558184,-0.5827223464554927,0.063836558862455,0.7857150177727154,1.134008663205042,-1.063400399277135,-0.7761481112548693,-0.5990669116702034,3
0.9357746758455682,1.1587705166491322,1.2151778418113506,0.8446070202366179,0.0193085996575538,0.082732149868817,0.5934418027615983,-0.7783780914246093,0.9651102330097674,0.61521705907515,0.862236443987706,-0.7200778909808908,1.539011757206843,0.2663828655503844,0.6802966203701428,0.8697126574483418,2
0.20385765688388,1.9701907545397173,1.406005044672807,1.7597824700056766,1.4203046678335365,0.285660064641387,1.3185400696956835,-1.2953086246823322,1.8622699105601013,1.1196125982459468,1.4763902017763606,0.1583013057920461,-1.2960099008057626,-0.9525851272081752,-0.452493726449311,-0.332016080921377,1
0.9357746758455682,1.321054564227249,0.5790871656064961,0.7560416541299348,0.3695576167015494,-0.5260515944488928,1.0768406473843215,-1.1660759913679015,0.8960979501212801,1.3402856466331703,1.2000210107714662,0.6602322753765815,-0.2835021658012606,0.1555675934814245,0.5184694279673637,-0.4655414962957902,0
-0.2840870224239121,-0.9509221018663888,0.006605557022127,-0.1296120069368959,0.7198066337455451,0.285660064641387,-0.7661174477398114,0.6431808750341285,-0.7601968392024134,-0.7718706736445415,-0.5196095110367669,-0.5945951485847569,1.3365102102059423,-0.3985087668633753,0.3566422355645846,0.7361872420739286,3
-0.2840870224239121,0.1850662311804301,-0.4386579163212711,0.4903455558098856,1.5370543401815349,-0.3231236796763229,-0.433780742061689,0.1262503417764056,-0.0700740103175411,-0.3305245768700942,0.524451877203946,-0.0926641790002215,0.3240024752014405,-0.5093240389323352,0.5184694279673637,0.4691364113251022,0
0.0818714870569319,-1.275490197022623,-0.5022669839417566,0.0179969365742425,-0.3309404173864418,-0.3231236796763229,-0.1920813197503272,-0.002982291538025,-1.0362459707563625,-0.3305245768700942,-1.3794247719408834,-1.2220088605654262,-0.0810006188003602,-0.7309545830702552,1.4894325823840384,1.1367634881971682,1
-0.162100852596964,-1.113206149444506,-0.5022669839417566,0.2836930348942917,0.0193085996575538,0.082732149868817,-0.2222937475392474,-0.002982291538025,-0.898221404979388,-0.2359504132755698,-1.3180093961620178,-1.2220088605654262,0.1215009282005401,1.817796674515824,1.3276053899812592,1.4038143189459946,1
0.20385765688388,-0.3017859115539208,-0.6930941868032129,-0.2772209504480344,0.2528079443535509,-0.5260515944488928,-0.7056925921619709,0.5139482417196978,-0.4841477076484645,-0.6142470676536675,-0.1204095684741413,-0.7200778909808908,0.3240024752014405,-0.9525851272081752,1.003951005175701,0.6026618266995154,0
1.5457055249803082,1.1587705166491322,1.2151778418113506,1.316955639472261,0.2528079443535509,0.488587979413957,0.9862033640175611,-1.0368433580534706,0.6890611014558184,0.8043653862641988,0.8929441318771388,-0.9710433757731584,-0.8910068068039617,-0.9525851272081752,0.5184694279673637,1.1367634881971682,2
-1.5039487206933924,-0.3017859115539208,-0.8839213896646693,-0.8676567244925882,0.0193085996575538,-0.3231236796763229,-0.58484288100629,0.6431808750341285,-0.2080985760945156,-0.519672904059143,-0.1204095684741413,1.2876459873572508,-1.0935083538048622,0.1555675934814245,-1.4234568808659858,-1.533744819291096,0
-0.162100852596964,-0.3017859115539208,-0.7567032544236983,-1.3104835550260037,-1.1481881238224316,-0.5260515944488928,-0.8869671588954922,1.0308787749774206,-0.2771108589830028,-0.7718706736445415,-0.0897018805847086,0.7857150177727154,-0.486003712802161,0.3771981376193444,-0.9379753036576484,-1.4002194039166826,3
-1.2599763810394964,0.0227821836023131,-0.5658760515622421,-0.218177373043579,0.7198066337455451,-0.1201957649037529,-0.7963298755287316,0.6431808750341285,-0.2771108589830028,-0.6142470676536675,0.1252519346413205,-0.2181469213963554,0.7290055692032413,-1.063400399277135,0.3566422355645846,0.4691364113251022,3
1.1797470154994645,1.9701907545397173,1.4696141122932924,1.5531299490900825,0.8365563060935437,0.488587979413957,1.4998146364292049,-1.424541257996763,1.724245344783127,1.1826620406422963,2.305497774791045,0.0328185633959122,0.7290055692032413,-1.174215671346095,-0.2906665340465318,-0.0649652501725506,1
0.5698161663647241,-0.4640699591320379,0.5154780979860106,0.6969980767254795,-0.0974410726904446,0.082732149868817,0.2913175248723962,-0.5199128247957479,-0.2771108589830028,0.0162473563098286,-1.1337632688254216,-1.472974345357694,-0.6885052598030614,-0.5093240389323352,1.6512597747868174,1.670865149694821,2
-0.4060731922508601,-0.626354006710155,-1.265575795387582,-0.6314824148747668,-0.2141907450384432,-0.5260515944488928,-1.2193038645736145,1.4185766749207127,-0.4841477076484645,-1.2447414916171635,-0.5503171989261996,-1.472974345357694,1.3365102102059423,-0.9525851272081752,1.974914159592376,1.670865149694821,3
1.5457055249803082,1.1587705166491322,1.5968322475342631,1.2579120620678057,0.0193085996575538,-0.1201957649037529,0.955990936228641,-1.0368433580534706,0.8960979501212801,0.930464271056898,0.7701133803194079,-0.7200778909808908,0.5265040222023409,0.4880134096883043,0.8421238127729219,0.7361872420739286,1
0.447829996537776,0.3473502787585472,-0.0570035105983584,0.4313019784054303,0.2528079443535509,-0.1201957649037529,-0.0108067530168059,-0.2614475581668865,0.1369628383479205,0.1423462411025279,0.2173749983096186,-0.3436296637924892,0.9315071162041416,-1.174215671346095,0.5184694279673637,0.335610995950689,1
-1.0160040413856002,-0.7886380542882719,-1.01113952490564,-1.3990489211326866,-1.1481881238224316,-0.9319074239940328,-0.4942055976395293,0.384715608405267,-1.0362459707563625,-0.5827223464554927,-0.3660710715896032,1.789576956941786,1.3365102102059423,-1.063400399277135,-1.4234568808659858,-1.667270234665509,1
0.8137885060186202,0.6719183739147813,-0.1206125782188438,1.1103031185566672,0.9533059784415422,-0.5260515944488928,0.4423796638169973,-0.7783780914246093,0.551036535678844,0.5521676166788004,0.7086980045405424,0.0328185633959122,-0.6885052598030614,0.0447523214124645,1.4894325823840384,0.4691364113251022,0
-1.3819625508664444,-0.3017859115539208,-0.6930941868032129,-0.4248298939591728,0.7198066337455451,-0.3231236796763229,-0.5546304532173698,0.5139482417196978,-0.34612314187149,-0.5511976252573179,-0.0589941926952759,0.6602322753765815,0.1215009282005401,-0.1768782227254553,-1.2616296884632066,-1.2666939885422694,0
-1.8699072301742363,-0.3017859115539208,-0.7567032544236983,-0.6314824148747668,0.3695576167015494,-0.1201957649037529,-0.6452677365841305,0.6431808750341285,-0.2080985760945156,-0.6142470676536675,-0.2125326321424395,0.5347495329804477,-1.0935083538048622,-0.0660629506564954,-1.2616296884632066,-1.2666939885422694,0
0.325843826710828,1.4833386118053662,1.406005044672807,0.1951276687876087,-0.4476900897344403,0.285660064641387,1.409177353062444,-1.2953086246823322,1.8622699105601013,1.0250384346514223,1.445682513886928,0.2837840481881799,1.3365102102059423,1.152905042102064,-0.452493726449311,-0.1984906655469638,1
1.4237193551533602,0.9964864690710152,1.6604413151547488,0.9626941750455288,0.0193085996575538,0.488587979413957,1.5602394920070453,-1.424541257996763,1.0341225158982543,1.3718103678313454,0.8315287560982734,-0.0926641790002215,1.134008663205042,0.3771981376193444,0.0329878507590263,0.6026618266995154,2
-0.162100852596964,-0.7886380542882719,-1.265575795387582,-0.7200477809814498,-0.3309404173864418,-0.1201957649037529,-1.2495162923625347,1.4185766749207127,-0.622172273425439,-1.2447414916171635,-0.7652710141522288,-1.34749160296156,1.3365102102059423,-1.2850309434150549,2.460395736800713,1.9379159804436477,3
-0.2840870224239121,-0.1395018639758038,-1.01113952490564,-0.5133952600658559,0.1360582720055524,-0.3231236796763229,-0.9473920144733328,0.9016461416629898,-0.1390862932060283,-0.708821231248192,-0.2432403200318723,-0.0926641790002215,-1.0935083538048622,-0.3985087668633753,-0.1288393416437527,-0.1984906655469638,3
1.3017331853264122,1.6456226593834833,1.7240503827752345,1.818826047410132,0.6030569613975466,0.6915158941865269,1.4998146364292049,-1.424541257996763,1.793257627671614,1.308760925434996,1.568513265444659,-0.7200778909808908,0.3240024752014405,1.0420897700331042,0.3566422355645846,0.8697126574483418,1
1.4237193551533602,0.8342024214928982,0.706305300847467,0.1360840913831533,-0.9146887791264344,-0.9319074239940328,1.6206643475848856,-1.424541257996763,0.7580733843443057,2.065354234191191,0.9543595076560044,1.2876459873572508,-0.486003712802161,-0.0660629506564954,-0.452493726449311,-1.533744819291096,0
1.6676916948072564,1.8079067069616004,1.4696141122932924,0.9922159637477564,-0.0974410726904446,0.488587979413957,1.5904519197959657,-1.424541257996763,2.1383190421140505,1.434859810227695,1.1386056349926006,-0.0926641790002215,1.7415133042077433,-1.2850309434150549,0.0329878507590263,0.0685601652018625,1
-1.3819625508664444,-0.7886380542882719,-0.5658760515622421,-0.8086131470881329,-0.5644397620824388,-0.1201957649037529,-0.4639931698506092,0.384715608405267,-1.0362459707563625,-0.4881481828609683,-0.6731479504839305,0.2837840481881799,0.9315071162041416,-0.3985087668633753,-1.2616296884632066,-1.1331685731678562,1
0.447829996537776,1.6456226593834833,1.406005044672807,1.4940863716856272,1.070055650789541,0.082732149868817,1.2883276419067633,-1.1660759913679015,1.5862207790061524,1.0565631558495974,1.4763902017763606,0.1583013057920461,-1.0935083538048622,1.263720314171024,-0.452493726449311,0.0685601652018625,2
0.9357746758455682,1.6456226593834833,1.2151778418113506,0.4313019784054303,-0.5644397620824388,0.8944438089590969,1.7113016309516462,-1.424541257996763,2.000294476337076,1.1511373194441217,0.8929441318771388,-0.2181469213963554,-0.2835021658012606,-0.2876934947944153,-0.452493726449311,0.335610995950689,1
-0.5280593620778081,0.1850662311804301,-0.2478307134598147,-0.5429170487680837,0.1360582720055524,0.488587979413957,-0.2525061753281676,0.2554829750908363,0.8270856672327929,-0.5827223464554927,0.0331288709730223,0.0328185633959122,-0.2835021658012606,-0.3985087668633753,-0.6143209188520901,-0.1984906655469638,3
0.0818714870569319,0.0227821836023131,0.4518690303655251,1.316955639472261,1.070055650789541,-0.7289795092214628,0.5330169471837579,-0.7783780914246093,-0.2080985760945156,0.4891181742824508,0.2173749983096186,-0.2181469213963554,-0.486003712802161,0.0447523214124645,1.003951005175701,0.335610995950689,0
-0.8940178715586523,-0.4640699591320379,-1.138357660146611,-1.369527132430459,-0.9146887791264344,-0.5260515944488928,-0.6150553087952103,0.6431808750341285,-0.34612314187149,-0.5827223464554927,-0.1204095684741413,1.789576956941786,-1.0935083538048622,-1.063400399277135,-1.5852840732687647,-1.8007956500399225,0
1.3017331853264122,1.6456226593834833,1.1515687741908651,0.9626941750455288,0.486307289049548,0.285660064641387,1.378964925273524,-1.2953086246823322,1.724245344783127,1.1196125982459468,1.4149748259974952,0.1583013057920461,-1.0935083538048622,-1.2850309434150549,-0.6143209188520901,-0.1984906655469638,2
1.3017331853264122,1.4833386118053662,0.5790871656064961,1.1988684846633504,0.6030569613975466,0.488587979413957,1.4998146364292049,-1.2953086246823322,1.5172084961176653,1.0880878770477722,0.647282628761677,0.1583013057920461,-0.486003712802161,0.9312744979641442,-0.2906665340465318,0.0685601652018625,1
0.0818714870569319,0.1850662311804301,-0.1842216458393293,0.3722584010009748,0.0193085996575538,-0.1201957649037529,-0.0410191808057261,-0.1322149248524557,-0.0010617274290538,0.0477720775080034,0.5551595650933787,-0.7200778909808908,1.134008663205042,0.2663828655503844,0.3566422355645846,0.335610995950689,1
-0.8940178715586523,-1.113206149444506,-0.3750488487007857,-0.7495695696836775,-0.3309404173864418,-0.1201957649037529,-0.7963298755287316,0.7724135083485592,-1.1742705365333368,-0.6772965100500171,-1.1337632688254216,-0.2181469213963554,-0.2835021658012606,-0.2876934947944153,0.0329878507590263,0.0685601652018625,3
-0.4060731922508601,0.5096343263366642,-0.2478307134598147,-0.7495695696836775,-0.2141907450384432,0.488587979413957,-0.2222937475392474,0.2554829750908363,0.7580733843443057,-0.519672904059143,0.3402057498673496,0.2837840481881799,-0.8910068068039617,-1.174215671346095,-0.7761481112548693,-0.332016080921377,3
-1.2599763810394964,0.1850662311804301,-0.6930941868032129,-0.3657863165547175,0.9533059784415422,-0.5260515944488928,-0.5244180254284496,0.384715608405267,-0.0700740103175411,-0.4566234616627934,0.7086980045405424,0.9111977601688492,-0.6885052598030614,-0.1768782227254553,-1.2616296884632066,-1.2666939885422694,0
1.3017331853264122,1.9701907545397173,1.3423959770523215,1.5826517377923104,1.1868053231375393,0.6915158941865269,1.5904519197959657,-1.424541257996763,2.000294476337076,1.0880878770477722,1.322851762329197,-0.0926641790002215,0.9315071162041416,-0.0660629506564954,-0.452493726449311,-0.0649652501725506,1
-0.040114682770016,0.0227821836023131,-0.0570035105983584,0.2541712461920641,0.2528079443535509,-0.3231236796763229,-0.2525061753281676,-0.002982291538025,-0.0700740103175411,-0.2674751344737446,0.4016211256462151,-0.3436296637924892,0.9315071162041416,-0.1768782227254553,0.5184694279673637,0.4691364113251022,2
-1.3819625508664444,-0.9509221018663888,0.2610418275040688,-0.8381349357903606,-0.9146887791264344,-0.3231236796763229,-0.4639931698506092,0.5139482417196978,-0.9672336878678752,-0.4566234616627934,-1.1030555809359888,-0.2181469213963554,0.9315071162041416,0.5988286817572643,-0.9379753036576484,-0.8661177424190298,1
1.0577608456725165,0.9964864690710152,1.6604413151547488,0.7265198654277072,-0.5644397620824388,0.285660064641387,1.3185400696956835,-1.2953086246823322,0.9651102330097674,0.961988992255073,0.2787903740884841,-0.8455606333770247,0.1215009282005401,0.9312744979641442,0.3566422355645846,0.7361872420739286,1
1.7896778646342044,1.4833386118053662,1.7240503827752345,0.6084327106187964,-0.5644397620824388,0.488587979413957,1.5602394920070453,-1.2953086246823322,1.793257627671614,1.277236204236821,1.2000210107714662,-0.3436296637924892,1.134008663205042,1.152905042102064,0.0329878507590263,0.7361872420739286,2
0.447829996537776,0.0227821836023131,-0.3750488487007857,0.1951276687876087,-0.2141907450384432,0.082732149868817,-0.3431434586949283,0.1262503417764056,0.0679505554594333,-0.2674751344737446,-0.1818249442530068,-1.2220088605654262,1.944014851208644,-0.0660629506564954,1.4894325823840384,1.4038143189459946,2
-1.0160040413856002,-0.3017859115539208,-1.01113952490564,-1.1333528228126375,-0.5644397620824388,-0.5260515944488928,-0.5244180254284496,0.5139482417196978,-0.34612314187149,-0.4881481828609683,-0.2125326321424395,1.6640942145456523,-0.486003712802161,-0.3985087668633753,-1.4234568808659858,-1.667270234665509,0
1.0577608456725165,1.4833386118053662,1.0243506389498942,0.2541712461920641,-0.6811894344304374,0.285660064641387,1.530027064218125,-1.2953086246823322,1.5862207790061524,0.961988992255073,1.4763902017763606,-0.0926641790002215,-0.2835021658012606,0.4880134096883043,-0.452493726449311,0.0685601652018625,1
1.5457055249803082,1.4833386118053662,1.4696141122932924,-0.1296120069368959,-1.6151868132144258,-0.7289795092214628,2.375975042307891,-1.812239157940055,1.172147081675229,2.538225052163813,2.0905439595650157,1.4131287297533843,1.134008663205042,-1.2850309434150549,-1.2616296884632066,-1.8007956500399225,0
0.0818714870569319,0.0227821836023131,-0.6294851191827274,0.3132148235965195,0.8365563060935437,-0.5260515944488928,-0.3733558864838485,-0.002982291538025,-0.2771108589830028,-0.2359504132755698,0.4937441893145133,-0.4691124061886231,-0.2835021658012606,-0.8417698551392151,0.6802966203701428,0.335610995950689,0
1.5457055249803082,1.6456226593834833,1.0243506389498942,1.6416953151967657,0.7198066337455451,0.488587979413957,1.409177353062444,-1.2953086246823322,1.5172084961176653,1.0565631558495974,1.2000210107714662,-0.5945951485847569,-0.8910068068039617,1.817796674515824,0.0329878507590263,0.7361872420739286,1
0.0818714870569319,-0.3017859115539208,0.006605557022127,-0.9562220905992712,-0.9146887791264344,0.285660064641387,-0.4035683142727687,0.2554829750908363,0.0679505554594333,-0.3935740192664438,-0.4274864473684687,0.1583013057920461,-1.0935083538048622,-0.7309545830702552,-0.452493726449311,0.2020855805762757,3
-0.6500455319047562,-1.43777424460074,-1.838057403971951,-1.6352232307505083,-0.5644397620824388,-1.1348353387666028,-1.5214281424628169,2.0647398414928664,-1.3813073851987985,-1.6230381459952614,-1.195178644604287,1.91505969933792,0.1215009282005401,0.1555675934814245,-1.4234568808659858,-1.667270234665509,3
1.0577608456725165,1.4833386118053662,1.0243506389498942,-0.0410466408302128,-1.031438451474433,0.285660064641387,1.469602208640285,-1.2953086246823322,1.793257627671614,1.2457114830386462,1.4763902017763606,-0.0926641790002215,-1.2960099008057626,2.039427218653744,-0.2906665340465318,0.335610995950689,1
0.9357746758455682,1.8079067069616004,1.1515687741908651,1.051259541152212,0.0193085996575538,0.6915158941865269,1.7717264865294868,-1.424541257996763,2.069306759225563,1.3402856466331703,0.8929441318771388,0.0328185633959122,-1.2960099008057626,-0.1768782227254553,-0.452493726449311,0.2020855805762757,1
1.4237193551533602,1.4833386118053662,0.8971325037089233,0.4903455558098856,-0.5644397620824388,0.285660064641387,1.530027064218125,-1.424541257996763,1.5172084961176653,1.3402856466331703,1.2921440744397643,0.2837840481881799,-0.2835021658012606,-0.0660629506564954,-0.2906665340465318,-0.0649652501725506,1
-0.8940178715586523,-1.43777424460074,-1.01113952490564,-1.1923964002170928,-0.5644397620824388,-0.1201957649037529,-1.128666581206854,1.4185766749207127,-1.450319668087286,-1.2762662128153384,-1.1030555809359888,0.4092667905843138,-0.2835021658012606,1.596166130377904,-0.9379753036576484,-1.1331685731678562,1
-0.2840870224239121,-0.9509221018663888,-0.6294851191827274,-1.0447874567059543,-0.7979391067784359,-0.3231236796763229,-0.6754801643730507,0.6431808750341285,-1.1052582536448496,-0.5827223464554927,-0.7959787020416614,0.5347495329804477,0.5265040222023409,0.5988286817572643,-0.7761481112548693,-0.8661177424190298,2
0.447829996537776,0.1850662311804301,0.7699143684679525,1.1988684846633504,0.6030569613975466,0.285660064641387,0.8049287972840399,-0.90761072473904,-0.0700740103175411,1.1196125982459468,0.5858672529828115,-0.3436296637924892,-1.2960099008057626,0.1555675934814245,-0.1288393416437527,0.2020855805762757,1
2.643581053422841,1.321054564227249,1.1515687741908651,1.0807813298544395,0.2528079443535509,0.488587979413957,1.5602394920070453,-1.424541257996763,1.2411593645637162,1.277236204236821,1.2000210107714662,-0.2181469213963554,2.9565225862131457,-0.1768782227254553,0.0329878507590263,0.4691364113251022,2
0.9357746758455682,0.9964864690710152,1.9148775856366904,0.9626941750455288,-0.3309404173864418,0.488587979413957,1.378964925273524,-1.1660759913679015,0.9651102330097674,1.0880878770477722,0.5858672529828115,-0.9710433757731584,-1.2960099008057626,2.5935035789985434,0.1948150431618054,1.4038143189459946,2
-0.040114682770016,-1.600058292178857,-0.2478307134598147,-0.1886555843413513,-0.2141907450384432,-0.1201957649037529,-0.5546304532173698,0.5139482417196978,-1.5883442338642604,-0.519672904059143,-1.1644709567148543,-0.7200778909808908,-0.8910068068039617,2.261057762791664,0.3566422355645846,0.335610995950689,1
0.20385765688388,0.1850662311804301,0.6426962332269816,-0.2772209504480344,0.1360582720055524,0.488587979413957,-0.2525061753281676,0.1262503417764056,0.6200488185673312,-0.3935740192664438,-0.1204095684741413,-0.3436296637924892,0.1215009282005401,0.9312744979641442,0.0329878507590263,0.6026618266995154,3
0.9357746758455682,1.6456226593834833,1.4696141122932924,0.4017801897032025,-0.3309404173864418,0.285660064641387,1.409177353062444,-1.2953086246823322,2.000294476337076,1.0250384346514223,1.4763902017763606,0.1583013057920461,1.134008663205042,1.485350858308944,-0.452493726449311,-0.0649652501725506,1
-0.8940178715586523,-0.3017859115539208,-0.7567032544236983,-1.2514399776215483,-0.6811894344304374,-0.5260515944488928,-0.6150553087952103,0.6431808750341285,-0.2080985760945156,-0.708821231248192,-0.1204095684741413,1.6640942145456523,-0.0810006188003602,-0.3985087668633753,-1.5852840732687647,-1.8007956500399225,0
-0.6500455319047562,-1.113206149444506,-0.3114397810803002,-0.3657863165547175,-0.6811894344304374,-0.3231236796763229,-0.161868891961407,-0.002982291538025,-1.312295102310311,-0.1413762496810453,-1.072347893046556,-0.7200778909808908,-1.0935083538048622,-0.3985087668633753,0.5184694279673637,0.335610995950689,1
1.1797470154994645,1.4833386118053662,1.5968322475342631,0.6084327106187964,-0.6811894344304374,0.488587979413957,1.6508767753738058,-1.424541257996763,1.793257627671614,1.1511373194441217,0.7701133803194079,-0.3436296637924892,-1.2960099008057626,1.817796674515824,-0.2906665340465318,0.7361872420739286,1
0.20385765688388,-1.275490197022623,-0.6930941868032129,0.0770405139786979,-0.0974410726904446,0.082732149868817,-0.3431434586949283,0.2554829750908363,-0.9672336878678752,-0.3305245768700942,-1.5329632113880471,-1.2220088605654262,-0.2835021658012606,3.0367646672743835,1.1657781975784802,1.670865149694821,2
-0.5280593620778081,-1.113206149444506,-0.5022669839417566,-0.8971785131948159,-0.3309404173864418,-0.3231236796763229,-0.9776044422622528,1.0308787749774206,-1.0362459707563625,-0.6772965100500171,-1.4408401477197488,-0.0926641790002215,0.1215009282005401,-0.6201393110012952,0.0329878507590263,-0.332016080921377,3
-2.1138795698281325,-1.113206149444506,-1.5200120658695238,-1.280961766323776,-0.4476900897344403,-0.7289795092214628,-1.0682417256290135,1.289344041606282,-1.450319668087286,-1.1501673280226392,-0.9188094535993924,1.789576956941786,-1.2960099008057626,0.9312744979641442,-1.908938458074323,-1.533744819291096,1
-0.162100852596964,-0.4640699591320379,-0.4386579163212711,0.1065623026809256,-0.2141907450384432,-0.1201957649037529,-0.6452677365841305,0.5139482417196978,-0.4151354247599773,-0.4566234616627934,-0.4581941352579014,-1.34749160296156,3.159024133214046,-0.2876934947944153,2.7840501216062714,2.0714413958180606,1
1.6676916948072564,1.4833386118053662,1.6604413151547488,1.7597824700056766,0.7198066337455451,0.6915158941865269,1.4998146364292049,-1.2953086246823322,1.5172084961176653,1.0880878770477722,1.5070978896657934,-0.7200778909808908,1.3365102102059423,1.374535586239984,0.1948150431618054,1.1367634881971682,2
-1.0160040413856002,-0.7886380542882719,-0.4386579163212711,-0.9267003018970436,-0.6811894344304374,-0.3231236796763229,-0.4942055976395293,0.384715608405267,-0.9672336878678752,-0.4881481828609683,-0.4581941352579014,0.4092667905843138,0.1215009282005401,0.3771981376193444,-1.0998024960604276,-1.1331685731678562,2
-0.6500455319047562,-0.9509221018663888,-0.3750488487007857,-0.3953081052569451,0.0193085996575538,-0.1201957649037529,-0.9473920144733328,0.9016461416629898,-0.7601968392024134,-1.02406844322994,-1.5636708992774797,-1.2220088605654262,-0.6885052598030614,-0.7309545830702552,1.974914159592376,1.8043905650692345,3
