0.203661545576452,0.5091440575109757,0.07014707809052456,0.2834201218586386,1.1856636150106987,0.2853852593207868,-0.19189653729317288,0.1261288887980507,-0.21250187169565504,0.7573441168504935,-0.393195400593651,-0.3313344966488124,0.2785221774183342,-0.3432990916488304,-0.08092269610911461,0.37683527256409616,-0.2903869124964328,0.20189117400835502,3
-0.28381373037178864,-0.6257514534136719,0.13369495371260284,-0.8078352602826878,-0.5638967703626362,0.08265256144263229,-0.5842802614619114,0.5134538229023001,-0.5988689111423001,-0.3457901709989652,-0.5821617668678641,-0.6085071869738967,-0.5191096460715795,-0.09257503595024615,0.5259975247092444,0.15541793727219783,0.03295611640751618,0.4686851015416318,3
1.3004809164599933,0.8333999177751606,1.531748217398325,1.197715171760831,0.48583946086136476,0.2853852593207868,1.1663548155986143,-1.1649542248827809,0.9465992466442801,0.6883982238599023,1.0870411352210183,1.116751395661832,1.3829354714812916,0.03278699189904596,1.5375312260731762,-0.39812540095754806,-0.1287153980444583,0.06849421024171665,2
-0.04007609239766831,-0.6257514534136719,0.0065992024684462846,-0.2769542635652858,0.1359273837866978,0.08265256144263229,-0.7351970784498878,0.6425621342703833,-0.5988689111423001,-0.3457901709989652,-0.8971057106582193,-0.7272954828275043,-1.470132204848015,-1.2208332865938751,-0.08092269610911461,-0.2874167333115989,1.649671260927261,1.5358608116747388,3
-1.0150266442941496,-0.13936766301739434,-0.755975304996493,1.0797416169347416,4.801421744782258,8.800158570203276,-0.5842802614619114,0.5134538229023001,-0.5988689111423001,-0.276844278008374,1.6539402340436575,-0.636790114558089,0.40123476564755167,6.8023364957608194,0.5259975247092444,-0.1767080656656497,-1.4220875136602542,-1.6656663187245822,0
1.6660873734211739,1.9682954286998082,1.531748217398325,0.10645978961950456,-1.380358283536859,-0.5255455321918312,2.615156258683187,-1.93960409309128,2.8784344438775054,1.4468030467564053,2.882221614826043,2.938171932083814,2.7327739420026838,1.5371313260905513,-0.28322943638190096,-0.39812540095754806,-1.2604159992082797,-1.6656663187245822,0
0.4473991835505723,-0.3014955931494868,-0.5653316781302582,0.13595317832602688,0.3692021018364758,-0.5255455321918312,-0.4635468078715303,0.1261288887980507,-0.5988689111423001,-0.3457901709989652,-0.393195400593651,-0.43315303595190463,-0.08961558726931829,-0.8447472030459988,1.3352244858003899,-1.2837947421251414,1.8113427753792355,1.1356699203748237,0
-0.4056825493588488,-0.3014955931494868,-1.010166807484806,-0.3359410409783305,0.3692021018364758,0.08265256144263229,-0.9464806222330546,0.9007787570065496,-0.9852359505889451,-0.13895249202719168,-0.8341169219001482,-0.885679877298981,-0.33504076372775327,-0.7193851751967066,-0.6878429169274737,-1.062377406833243,0.6796421742154142,0.8688759928415469,3
-0.8931578253070894,-1.7606469643383194,-1.2643583099731193,-0.8373286489892102,-0.09734733426308019,-0.3228128343136767,-1.3992310731969837,1.6754286252150485,-1.3716029900355902,-1.448924458848424,-1.495499203859894,-1.2137618372756114,-1.9303044107075806,-1.095471258744583,-0.8901496572002601,0.15541793727219783,1.8113427753792355,1.669257775441377,3
-0.04007609239766831,-0.13936766301739434,1.0233652124216988,0.843794507282563,0.019290024761808806,0.4881179571989413,0.4419540940563278,-0.6485209794104483,0.560232207197635,-0.13895249202719168,0.42565885326127245,0.3813952784728329,-0.7031785284154057,-1.095471258744583,-0.48553617665468735,0.15541793727219783,1.0029852031193631,1.1356699203748237,2
-0.8931578253070894,-1.4363911040741344,-0.755975304996493,-0.7488484828696432,-0.09734733426308019,0.08265256144263229,-1.0672140758234356,1.158995379742716,-0.9852359505889451,-1.2420867798766504,-1.117566471311468,-0.9705286600515579,-1.470132204848015,-0.8447472030459988,-0.8901496572002601,-0.2874167333115989,0.8413136886673886,0.8688759928415469,3
-0.4056825493588488,-1.7606469643383194,-1.010166807484806,-0.9553022038152995,-0.7971714884124141,-0.5255455321918312,-1.3690477097993885,1.6754286252150485,-1.3716029900355902,-2.0694374957637445,-1.2750384432066455,-1.208105251758773,-1.7462355283637543,-0.9701092308952909,-0.28322943638190096,1.483921949023588,1.1646567175713376,0.8688759928415469,2
-0.6494201873329691,0.18488819724679068,-0.5017838025081799,0.07696640091298222,0.7191141789111427,-0.5255455321918312,-0.4937301712691256,0.2552372001661339,-0.5988689111423001,-0.0010607060460093361,-0.2672178230775089,-0.5010320621539661,0.5239473538767692,-0.21793706379953826,-0.28322943638190096,-0.1767080656656497,0.03295611640751618,-0.06490275352492172,0
-0.5275513683459089,-0.46362352328157935,0.19724282933468112,-0.7193550941631208,-0.44725941133774716,0.2853852593207868,-0.4937301712691256,0.38434551153421703,-0.5988689111423001,-0.276844278008374,-0.48767858373075756,-0.5236584042213199,-0.4270752048996664,-0.09257503595024615,0.3236907844364581,0.044709269626248646,-0.2903869124964328,0.20189117400835502,3
0.08179272658939184,0.6712719876430682,-0.18404442439778854,1.020754839521697,1.0690262559858097,-0.7282782300699857,0.17030382347797035,-0.5194126680423651,0.17386516775098998,0.4126146518975377,0.23669248698705933,0.1551318577992947,0.9534414126790304,-0.21793706379953826,-0.08092269610911461,-1.1730860744791922,1.326328232023312,0.4686851015416318,0
0.32553036456351214,1.6440395684356233,1.3411045905320902,0.9617680621086523,0.3692021018364758,0.08265256144263229,1.0758047254058285,-1.1649542248827809,0.9465992466442801,1.2399653677846318,1.2130187127371603,1.054528954976609,2.180567294971205,0.15814901974833806,-0.08092269610911461,-1.1730860744791922,-0.4520584269484073,-0.1982997172915601,1
-0.5275513683459089,-1.4363911040741344,-1.9633849418159803,-1.7516236988914027,-1.147083565487081,-0.5255455321918312,-1.5199645267873647,2.0627535593192983,-1.3716029900355902,-1.3110326728672417,-1.6214767813760362,-1.3099237910618653,-1.5314884989626238,0.9103211868440907,-0.8901496572002601,0.15541793727219783,-1.2604159992082797,-1.3988723911913055,3
0.6911368215246926,-0.6257514534136719,-0.31114017564194507,0.843794507282563,0.8357515379360317,-0.5255455321918312,0.26085391367075617,-0.6485209794104483,0.17386516775098998,-0.6215737429613298,0.42565885326127245,0.2682635681360638,-0.73385667547271,-0.09257503595024615,-0.48553617665468735,-0.2874167333115989,1.4879997464752865,0.4686851015416318,0
1.3004809164599933,1.4819116383035307,1.1504609636658552,0.5193672315108172,-0.09734733426308019,0.2853852593207868,1.4380050861769718,-1.294062536250864,1.332966286090925,1.72258661871877,1.1500299239790894,1.4052372570205933,1.3829354714812916,0.15814901974833806,-0.28322943638190096,-0.1767080656656497,-0.6137299414003817,-0.06490275352492172,2
0.934874459498813,1.8061674985677156,1.1504609636658552,1.374675503999965,0.8357515379360317,0.2853852593207868,1.1965381789962095,-1.1649542248827809,1.332966286090925,1.4468030467564053,1.2130187127371603,1.2072567639312473,1.4749699126532048,0.15814901974833806,-0.08092269610911461,-0.8409600715413448,-0.4520584269484073,-0.3316966810581985,1
-1.1368954632812096,0.34701612737888315,-0.43823592688610163,-0.45391459580441984,0.2525647428115868,-0.5255455321918312,-0.43336344447393504,0.2552372001661339,-0.5988689111423001,-0.20789838501778285,-0.4246897949726865,-0.4727491345697738,0.2785221774183342,0.2835110475976302,-1.2947631377458328,-1.062377406833243,-0.6137299414003817,-0.46509364482483684,0
-1.1368954632812096,-1.2742631739420418,-1.8362891905718237,-1.3977030344131345,-0.3306220523128582,-0.7282782300699857,-1.3690477097993885,1.8045369365831319,-1.3716029900355902,-1.5868162448296064,-1.495499203859894,-1.2250750083092883,-1.2860633225041889,1.161045242542675,0.12138404416367174,-1.2837947421251414,-1.5837590281122287,-1.6656663187245822,3
0.08179272658939184,-0.3014955931494868,-1.1372625587289626,0.13595317832602688,0.8357515379360317,-0.3228128343136767,-0.5540968980643162,0.2552372001661339,-0.5988689111423001,-0.41473606398955637,-0.6136561612468996,-0.5293149897381584,0.06377514801720358,-0.5940231473474146,0.5259975247092444,-1.2837947421251414,1.649671260927261,1.4024638479081004,0
-0.7712890063200293,-0.9500073136778568,-0.755975304996493,-0.6013815393370315,-0.09734733426308019,-0.3228128343136767,-0.765380441847483,0.6425621342703833,-0.9852359505889451,-0.8284114219331034,-0.7711281331420772,-0.7386086538611812,-1.0406381460457539,-0.46866111949812245,-1.0924563974730463,-1.1730860744791922,0.5179706597634397,0.4686851015416318,0
0.6911368215246926,1.3197837081714383,1.4682003417762466,1.4926490588260544,0.48583946086136476,0.4881179571989413,1.0758047254058285,-1.1649542248827809,0.9465992466442801,1.1710194747940406,1.0240523464629472,1.0488723694597706,1.505648059710509,-0.5940231473474146,-1.2947631377458328,-0.7302514038953956,0.35629914531146517,0.7354790290749086,2
-1.0150266442941496,0.02276026711469817,-0.12049654877571027,-0.4244212070978975,0.2525647428115868,0.08265256144263229,-0.644646988257102,0.5134538229023001,-0.5988689111423001,-0.0010607060460093361,-0.6136561612468996,-0.6424467000749274,-0.02825929315470954,-0.21793706379953826,-1.0924563974730463,-0.9516687391872939,-0.1287153980444583,0.4686851015416318,3
-1.2587642822682699,-1.4363911040741344,-1.7727413149497455,-1.4566898118261793,-0.5638967703626362,-0.5255455321918312,-1.218130892811412,1.5463203138469654,-0.9852359505889451,-1.5868162448296064,-1.432510415101823,-1.1289130545230346,-1.1019944401603625,1.161045242542675,-0.08092269610911461,-1.062377406833243,-1.5837590281122287,-1.6656663187245822,2
1.6660873734211739,1.4819116383035307,1.0233652124216988,1.020754839521697,0.3692021018364758,0.4881179571989413,1.4983718129721622,-1.294062536250864,1.7193333255375702,1.308911260775223,1.2760075014952315,1.4618031121889778,1.260222883252074,-0.09257503595024615,-1.0924563974730463,1.7053392843154862,-0.2903869124964328,0.4686851015416318,2
1.056743278485873,0.02276026711469817,0.19724282933468112,0.7258209524564736,0.2525647428115868,-0.5255455321918312,0.7136043646346852,-1.0358459135146978,0.560232207197635,-0.13895249202719168,0.8980747689468052,0.7490733370673325,-0.36571891078505764,0.40887307544692225,-0.08092269610911461,-0.6195427362494464,1.0029852031193631,-0.3316966810581985,0
-1.6243707392294504,-1.1121352438099494,-1.200810434351041,-1.161755924760956,-0.7971714884124141,-0.3228128343136767,-0.6748303516546972,0.6425621342703833,-0.5988689111423001,-1.2420867798766504,-0.6451505556259352,-0.6990125552433121,-0.5191096460715795,1.286407270391967,0.5259975247092444,0.8196699431478929,-1.4220875136602542,-1.3988723911913055,2
-0.5275513683459089,-0.3014955931494868,0.19724282933468112,-0.24746087485876347,0.2525647428115868,0.4881179571989413,-0.4031800810763398,0.2552372001661339,-0.5988689111423001,0.2057769729257642,-0.48767858373075756,-0.4614359635360969,-0.02825929315470954,-0.09257503595024615,-0.28322943638190096,-0.39812540095754806,-0.6137299414003817,0.06849421024171665,3
-0.6494201873329691,-0.46362352328157935,-0.31114017564194507,-0.5129013732174645,-0.44725941133774716,-0.1200801364355222,-0.8559305320402688,0.7716704456384665,-0.9852359505889451,-0.41473606398955637,-0.7396337387630417,-0.8178008510969196,-0.5191096460715795,-1.095471258744583,0.7283042649820308,-0.1767080656656497,1.4879997464752865,1.269066884141462,2
-0.04007609239766831,-1.598519034206227,-1.010166807484806,-0.4244212070978975,-0.3306220523128582,-0.5255455321918312,-0.7955638052450783,0.6425621342703833,-0.9852359505889451,-1.3799785658578327,-0.8341169219001482,-0.7555784104116966,-1.6848792342491457,-1.095471258744583,-0.28322943638190096,0.044709269626248646,1.326328232023312,0.8688759928415469,1
0.934874459498813,0.5091440575109757,1.5952960930204032,1.5811292249456212,0.7191141789111427,0.2853852593207868,1.1965381789962095,-1.1649542248827809,1.332966286090925,0.4126146518975377,1.370490684632338,1.1506909087628627,0.8920851185644216,-0.3432990916488304,-0.28322943638190096,2.812425960774978,0.19462763085949067,0.8688759928415469,1
-0.7712890063200293,-1.1121352438099494,0.19724282933468112,0.2539267331521162,-0.09734733426308019,-0.1200801364355222,-0.13152981049798235,-0.1320877339381156,-0.21250187169565504,-1.3110326728672417,-0.07825145680329583,-0.201233029761528,-1.3780977636761018,-1.2208332865938751,-1.0924563974730463,1.3732132813776388,1.4879997464752865,1.269066884141462,1
0.8130056405117527,0.18488819724679068,0.5149822074450725,0.10645978961950456,0.6024768198862538,0.08265256144263229,-0.34281335428114923,0.2552372001661339,-0.21250187169565504,0.13683107993517302,-0.5821617668678641,-0.4218398649182277,0.2785221774183342,-0.7193851751967066,2.1444514468915354,-0.6195427362494464,0.5179706597634397,0.6020820653082701,3
-1.3806331012553301,-0.13936766301739434,-0.6288795537523365,-1.4861832005327016,-1.147083565487081,-0.3228128343136767,-0.4937301712691256,0.38434551153421703,-0.5988689111423001,-0.0700065990366005,-0.456184189351722,-0.5519413318055122,0.06377514801720358,1.161045242542675,-0.8901496572002601,-1.1730860744791922,-1.4220875136602542,-1.3988723911913055,0
-0.4056825493588488,0.5091440575109757,0.2607907049567594,4.058573876293497,7.484081002354705,8.191960476568813,-0.4635468078715303,0.38434551153421703,-0.5988689111423001,0.55050643787872,2.6302664597937584,-0.5180018187044815,0.7693725303352041,5.67407824511719,-1.2947631377458328,0.266126604918147,-0.6137299414003817,-0.1982997172915601,3
1.5442185544341136,1.3197837081714383,1.0233652124216988,0.2244333444455939,-0.9138088474373032,0.2853852593207868,1.4380050861769718,-1.294062536250864,1.332966286090925,1.5846948327375876,1.4649738677694444,1.4335201846047856,1.3215791773666827,0.15814901974833806,-1.0924563974730463,-0.39812540095754806,-0.2903869124964328,0.20189117400835502,2
-1.5025019202423902,0.02276026711469817,-0.8830710562406496,0.01797962349993755,1.3023009740355878,-0.5255455321918312,-0.5239135346667209,0.38434551153421703,-0.5988689111423001,-0.13895249202719168,-0.48767858373075756,-0.574567673872866,0.3398784715329429,0.2835110475976302,0.12138404416367174,-1.3945034097710907,-0.9370729703043308,-0.865284536124752,0
0.203661545576452,0.5091440575109757,1.4046524661541684,1.3451821152934427,0.6024768198862538,0.08265256144263229,1.1059880888034237,-1.1649542248827809,0.9465992466442801,0.2057769729257642,1.2130187127371603,1.0771552970439628,0.8307288244498129,0.15814901974833806,-0.28322943638190096,-0.39812540095754806,-0.4520584269484073,-0.3316966810581985,1
-0.6494201873329691,-1.2742631739420418,-1.9633849418159803,-1.8695972537174919,-1.147083565487081,-0.7282782300699857,-1.4897811633897695,2.0627535593192983,-1.3716029900355902,-1.3799785658578327,-1.6844655701341071,-1.3042672055450266,-1.5314884989626238,1.6624933539398432,0.3236907844364581,0.37683527256409616,-1.5837590281122287,-1.6656663187245822,3
0.08179272658939184,0.6712719876430682,0.3243385805788377,-0.9258088151087772,-0.9138088474373032,0.4881179571989413,-0.312629990883554,0.2552372001661339,-0.21250187169565504,0.964181795822267,-0.33020661183558,-0.40487010836771237,0.3398784715329429,0.2835110475976302,-0.28322943638190096,-0.8409600715413448,-0.9370729703043308,-0.1982997172915601,3
-0.04007609239766831,-1.2742631739420418,-0.3746880512640234,0.43088706539125027,0.1359273837866978,-0.1200801364355222,-0.13152981049798235,-0.1320877339381156,-0.21250187169565504,-0.9663032079142857,0.07922051509188176,-0.1842632732110126,-1.1019944401603625,-0.7193851751967066,-0.48553617665468735,-0.6195427362494464,0.5179706597634397,0.20189117400835502,2
3.128513201265896,1.4819116383035307,1.531748217398325,1.5221424475325767,0.3692021018364758,0.6908506550770958,1.347454995984186,-1.294062536250864,1.332966286090925,1.308911260775223,1.0870411352210183,1.3430148163353703,1.751073236168944,-0.8447472030459988,2.7513716677098943,-1.2837947421251414,0.5179706597634397,0.8688759928415469,2
-0.04007609239766831,0.18488819724679068,0.0065992024684462846,-0.6898617054565985,-0.44725941133774716,0.4881179571989413,-0.2824466274859587,0.2552372001661339,-0.21250187169565504,0.8262900098410847,-0.2672178230775089,-0.3765871807835201,0.43191291270485604,0.5342351032962144,-0.8901496572002601,-0.9516687391872939,-0.9370729703043308,-0.1982997172915601,3
-0.28381373037178864,-0.3014955931494868,-0.755975304996493,-1.0437823699348665,-0.7971714884124141,-0.1200801364355222,-1.1577641660162215,1.288103691110799,-0.9852359505889451,-0.13895249202719168,-0.9286001050372548,-1.0440642717704578,-0.5804659401861882,-0.3432990916488304,-1.0924563974730463,-0.5088340686034972,0.19462763085949067,-0.1982997172915601,3
-1.0150266442941496,-0.46362352328157935,-1.010166807484806,-1.3682096457066122,-0.9138088474373032,-0.5255455321918312,-0.6144636248595067,0.6425621342703833,-0.5988689111423001,-0.48368195698014754,-0.519172978109793,-0.6820427986927967,-0.02825929315470954,1.9132174096384276,-0.08092269610911461,0.15541793727219783,-1.4220875136602542,-1.7990632824912207,0
-0.5275513683459089,0.34701612737888315,-0.056948673153631994,-0.6308749280435538,0.2525647428115868,0.4881179571989413,-0.3729967176787445,0.38434551153421703,-0.21250187169565504,1.0331276888128582,-0.5821617668678641,-0.48406230560345076,0.40123476564755167,0.40887307544692225,-0.08092269610911461,0.044709269626248646,-0.7754014558523563,-0.3316966810581985,3
-0.28381373037178864,0.02276026711469817,-0.18404442439778854,0.2244333444455939,-0.3306220523128582,0.08265256144263229,-0.16171317389557763,-0.1320877339381156,-0.21250187169565504,-0.0010607060460093361,-0.14124024556136686,-0.18991985872785105,0.12513144213181232,-1.346195314443167,-1.2947631377458328,-0.2874167333115989,1.649671260927261,1.669257775441377,2
-1.8681083772035707,-1.1121352438099494,-1.200810434351041,-1.5746633666522685,-1.26372092451197,-0.5255455321918312,-0.7955638052450783,0.7716704456384665,-0.5988689111423001,-1.2420867798766504,-0.8341169219001482,-0.7838613379958889,-0.887247410759232,0.5342351032962144,-0.8901496572002601,-0.9516687391872939,-1.2604159992082797,-1.3988723911913055,2
-0.16194491138472847,-1.1121352438099494,-0.6924274293744147,0.16544656703254923,0.48583946086136476,-0.3228128343136767,-0.43336344447393504,0.2552372001661339,-0.5988689111423001,-1.035249100904877,-0.2357234286984734,-0.46709254905293535,-1.3780977636761018,-0.3432990916488304,-0.48553617665468735,1.2625046137316895,0.03295611640751618,-0.06490275352492172,2
0.5692680025376324,1.6440395684356233,1.2140088392879336,1.7580895571847555,0.9523888969609208,0.08265256144263229,1.2569049057914001,-1.294062536250864,1.332966286090925,1.3778571537658142,1.49646826214848,1.263822619099632,2.149889147913901,-0.09257503595024615,-1.0924563974730463,-0.7302514038953956,-0.1287153980444583,0.20189117400835502,1
0.934874459498813,-0.46362352328157935,-1.2643583099731193,0.19493995573907155,0.6024768198862538,-0.5255455321918312,-0.5842802614619114,0.2552372001661339,-0.5988689111423001,-0.6215737429613298,-0.6136561612468996,-0.5462847462886737,-0.3043626166704489,-0.9701092308952909,0.12138404416367174,-0.1767080656656497,2.1346858042831847,1.8026547392080157,0
0.934874459498813,1.8061674985677156,1.4046524661541684,0.4898738428042949,-1.0304462064621922,-0.5255455321918312,2.675522985478378,-1.93960409309128,2.8784344438775054,1.3778571537658142,2.724749642930865,2.932515346566976,1.6897169420543352,1.286407270391967,-0.28322943638190096,1.483921949023588,-1.4220875136602542,-1.5322693549579438,0
0.08179272658939184,-1.4363911040741344,-1.010166807484806,-0.5129013732174645,-0.09734733426308019,-0.1200801364355222,-1.0672140758234356,1.158995379742716,-0.9852359505889451,-0.8973573149236945,-1.0860720769324324,-0.9761852455683964,-1.71555738130645,-1.346195314443167,0.5259975247092444,-1.062377406833243,1.97301428983121,1.669257775441377,3
0.4473991835505723,-0.13936766301739434,0.8962694611775421,0.7848077298695183,0.1359273837866978,0.08265256144263229,0.5023208208515183,-0.6485209794104483,0.560232207197635,-0.276844278008374,0.42565885326127245,0.4209913770907021,-0.3043626166704489,-0.8447472030459988,-0.48553617665468735,-0.5088340686034972,0.35629914531146517,0.4686851015416318,2
-0.5275513683459089,0.34701612737888315,0.13369495371260284,-1.0437823699348665,-0.7971714884124141,0.4881179571989413,-0.34281335428114923,0.38434551153421703,-0.21250187169565504,0.8262900098410847,-0.6136561612468996,-0.4727491345697738,0.0330970009598992,0.15814901974833806,-0.28322943638190096,-0.39812540095754806,-1.0987444847563053,-0.46509364482483684,3
1.6660873734211739,1.3197837081714383,1.3411045905320902,1.551635836239099,0.48583946086136476,0.4881179571989413,1.2267215423938047,-1.1649542248827809,1.332966286090925,1.0331276888128582,1.0555467408419827,1.2185699349649242,1.1375102950228566,-0.8447472030459988,-1.2947631377458328,-1.2837947421251414,0.35629914531146517,0.7354790290749086,1
-1.0150266442941496,-0.9500073136778568,-0.8830710562406496,-1.4566898118261793,-1.147083565487081,-0.7282782300699857,-1.218130892811412,1.5463203138469654,-0.9852359505889451,-0.8973573149236945,-1.2750384432066455,-1.1119432979725192,-1.0099599989884493,0.2835110475976302,0.3236907844364581,-0.5088340686034972,-1.0987444847563053,-1.1320784636580288,3
1.1786120974729333,0.8333999177751606,1.0233652124216988,1.286195337880398,0.1359273837866978,0.08265256144263229,0.7437877280322804,-0.9067376021466146,0.560232207197635,0.8952359028316759,0.8035915858096987,0.7321035805168171,0.30920032447563855,-1.095471258744583,-0.28322943638190096,-0.8409600715413448,1.4879997464752865,1.1356699203748237,1
-1.9899771961906307,-1.1121352438099494,-1.200810434351041,-0.9847955925218218,-0.3306220523128582,-0.7282782300699857,-1.1577641660162215,1.4172120024788823,-0.9852359505889451,-1.2420867798766504,-1.369521626343752,-1.0780037848714885,-1.1019944401603625,0.7849591589947986,1.3352244858003899,0.9303786107938421,-0.9370729703043308,-1.1320784636580288,1
0.32553036456351214,-0.7878793835457644,-0.755975304996493,-1.427196423119657,-1.380358283536859,-0.1200801364355222,-0.9464806222330546,1.158995379742716,-0.9852359505889451,-0.48368195698014754,-0.8341169219001482,-0.9535589035010426,-1.1019944401603625,0.9103211868440907,0.7283042649820308,0.044709269626248646,-0.9370729703043308,-1.6656663187245822,3
-1.2587642822682699,-0.46362352328157935,-1.010166807484806,-0.3654344296848528,0.6024768198862538,-0.3228128343136767,-0.5540968980643162,0.5134538229023001,-0.5988689111423001,-0.276844278008374,-0.456184189351722,-0.5915374304233814,-0.48843149901427513,0.6595971311455064,-0.48553617665468735,-1.1730860744791922,-1.0987444847563053,-0.9986814998913903,0
-0.04007609239766831,0.02276026711469817,0.2607907049567594,0.9617680621086523,0.8357515379360317,-0.3228128343136767,0.47213745745392305,-0.7776292907785314,0.560232207197635,-0.20789838501778285,0.45715324764030796,0.4832138177759251,0.2478440303610298,-0.09257503595024615,-1.2947631377458328,-0.9516687391872939,0.8413136886673886,0.20189117400835502,0
-0.5275513683459089,-0.6257514534136719,-0.43823592688610163,-0.7488484828696432,-0.6805341293875251,-0.3228128343136767,-0.6748303516546972,0.6425621342703833,-0.5988689111423001,-0.7594655289425122,-0.5821617668678641,-0.6820427986927967,-0.5804659401861882,0.40887307544692225,2.3467581871643217,-0.8409600715413448,-0.7754014558523563,-0.9986814998913903,1
-1.5025019202423902,-0.3014955931494868,-0.8830710562406496,-1.2797294795870453,-0.5638967703626362,-0.1200801364355222,-0.5842802614619114,0.6425621342703833,-0.5988689111423001,-0.13895249202719168,-0.6136561612468996,-0.6481032855917659,-0.08961558726931829,1.286407270391967,-0.08092269610911461,0.5982526078559945,-1.5837590281122287,-1.5322693549579438,0
0.5692680025376324,1.6440395684356233,1.2140088392879336,1.4926490588260544,0.8357515379360317,0.4881179571989413,1.7096553567553292,-1.423170847618947,1.7193333255375702,2.067316083671726,1.3389962902533024,1.7559455590645776,1.260222883252074,0.15814901974833806,-0.08092269610911461,0.15541793727219783,-0.2903869124964328,-0.06490275352492172,1
-0.8931578253070894,-0.13936766301739434,-0.24759230001986682,-0.12948732003267413,0.7191141789111427,0.08265256144263229,-0.7955638052450783,0.6425621342703833,-0.9852359505889451,-0.0700065990366005,-0.6451505556259352,-0.7499218248948581,-0.12029373432662266,-0.3432990916488304,-1.0924563974730463,-0.1767080656656497,0.19462763085949067,0.7354790290749086,3
0.5692680025376324,0.6712719876430682,0.13369495371260284,1.4926490588260544,1.4189383330604768,-0.3228128343136767,0.6532376378394946,-0.9067376021466146,0.560232207197635,0.4126146518975377,0.6146252195354855,0.681194310865271,1.0454758538509434,0.15814901974833806,-0.48553617665468735,-0.6195427362494464,1.0029852031193631,-0.06490275352492172,0
0.32553036456351214,1.6440395684356233,1.0233652124216988,-0.21796748615224112,-0.9138088474373032,0.2853852593207868,1.4078217227793763,-1.294062536250864,1.332966286090925,1.8604784046999523,1.1815243183581248,1.388267500470078,1.413613618538596,0.40887307544692225,-0.6878429169274737,-0.7302514038953956,-0.6137299414003817,-0.3316966810581985,1
0.4473991835505723,2.292551288963993,1.6588439686424814,1.728596168478233,0.9523888969609208,0.4881179571989413,1.6794719933577338,-1.423170847618947,1.7193333255375702,2.6188832275964553,1.1500299239790894,1.6654401907951621,1.3215791773666827,-0.3432990916488304,0.7283042649820308,1.3732132813776388,-0.4520584269484073,0.3352881377749934,1
-0.16194491138472847,-0.9500073136778568,0.5785300830671508,0.6668341750434289,0.019290024761808806,-0.1200801364355222,0.23067055027316088,-0.5194126680423651,0.17386516775098998,-0.7594655289425122,0.23669248698705933,0.16078844331613315,-0.73385667547271,-0.7193851751967066,-0.6878429169274737,1.1517959460857403,0.5179706597634397,0.6020820653082701,1
-2.4774524721388715,-1.2742631739420418,-1.8362891905718237,-1.6926369214783579,-0.9138088474373032,-0.5255455321918312,-1.2784976196066027,1.8045369365831319,-0.9852359505889451,-1.3799785658578327,-1.6844655701341071,-1.1911354952082576,-0.8565692637019275,1.161045242542675,-1.0924563974730463,0.266126604918147,-2.068773571468152,-1.5322693549579438,1
-0.5275513683459089,-0.46362352328157935,0.4514343318229942,-0.6308749280435538,-0.09734733426308019,0.4881179571989413,-0.5239135346667209,0.38434551153421703,-0.5988689111423001,-0.20789838501778285,-0.5821617668678641,-0.5632545028391891,-0.36571891078505764,-0.09257503595024615,0.9306110052548172,1.1517959460857403,-0.2903869124964328,0.4686851015416318,3
0.934874459498813,1.3197837081714383,1.3411045905320902,1.020754839521697,0.1359273837866978,0.08265256144263229,0.804154454827471,-0.9067376021466146,0.560232207197635,0.964181795822267,0.6776140082935566,0.7547299225841709,1.0761540009082478,-0.5940231473474146,-0.28322943638190096,-0.8409600715413448,0.35629914531146517,0.3352881377749934,1
-0.28381373037178864,-0.9500073136778568,0.07014707809052456,0.047473012206459886,-0.21398469328796918,-0.1200801364355222,0.10993709668277982,-0.3903043566742819,0.17386516775098998,-0.9663032079142857,0.26818688136609486,0.042000147462525596,-0.7031785284154057,-0.09257503595024615,-1.2947631377458328,-0.2874167333115989,-0.1287153980444583,-0.1982997172915601,2
-0.8931578253070894,-0.7878793835457644,-1.2643583099731193,-0.8373286489892102,0.019290024761808806,-0.3228128343136767,-0.5540968980643162,0.5134538229023001,-0.5988689111423001,-1.035249100904877,-0.7396337387630417,-0.6085071869738967,-0.058937440212013914,1.161045242542675,-0.8901496572002601,-1.062377406833243,-1.4220875136602542,-1.3988723911913055,2
1.3004809164599933,1.1576557780393457,0.7691737099333856,1.1682217830543087,0.48583946086136476,-0.7282782300699857,1.1965381789962095,-1.294062536250864,1.332966286090925,0.8952359028316759,1.2130187127371603,1.2921055466838243,1.3215791773666827,0.40887307544692225,0.9306110052548172,-0.9516687391872939,0.6796421742154142,-0.5984906085914752,0
-0.5275513683459089,-0.13936766301739434,-0.8830710562406496,-1.6336501440653133,-1.380358283536859,-0.3228128343136767,-0.5540968980643162,0.5134538229023001,-0.5988689111423001,-0.0700065990366005,-0.5506673724888286,-0.6198203580075736,0.43191291270485604,1.9132174096384276,-0.08092269610911461,-0.8409600715413448,-1.5837590281122287,-1.7990632824912207,0
-0.7712890063200293,0.18488819724679068,-0.6924274293744147,-0.2769542635652858,0.48583946086136476,-0.5255455321918312,-0.5239135346667209,0.38434551153421703,-0.5988689111423001,-0.13895249202719168,-0.4246897949726865,-0.5349715752549968,0.43191291270485604,0.03278699189904596,-0.8901496572002601,-1.3945034097710907,-0.4520584269484073,-0.7318875723581136,0
0.6911368215246926,0.9955278479072532,0.642077958689229,1.020754839521697,0.3692021018364758,-0.7282782300699857,1.2267215423938047,-1.294062536250864,1.332966286090925,0.7573441168504935,1.370490684632338,1.3203884742680165,1.1988665891374652,0.6595971311455064,-0.28322943638190096,-0.1767080656656497,0.35629914531146517,-0.865284536124752,0
0.08179272658939184,-1.4363911040741344,-0.8830710562406496,-1.2207427021740005,-0.9138088474373032,-0.3228128343136767,-1.2483142562090073,1.4172120024788823,-0.9852359505889451,-1.104194993895468,-1.0545776825533968,-1.1062867124556808,-1.8075918224783631,-0.8447472030459988,-1.0924563974730463,-1.1730860744791922,1.0029852031193631,0.06849421024171665,3
-1.7462395582165104,-0.7878793835457644,-0.12049654877571027,-1.0437823699348665,-0.7971714884124141,-0.3228128343136767,-0.644646988257102,0.7716704456384665,-0.5988689111423001,-0.8973573149236945,-0.519172978109793,-0.7159823117938274,-0.9486037048738407,0.40887307544692225,0.3236907844364581,1.9267566196073846,-1.2604159992082797,-0.3316966810581985,1
-0.5275513683459089,-0.7878793835457644,-0.3746880512640234,0.5783540089238619,1.6522130511102546,-0.3228128343136767,-0.5540968980643162,0.38434551153421703,-0.5988689111423001,-0.8284114219331034,-0.456184189351722,-0.5406281607718353,-0.8258911166446232,-0.09257503595024615,-0.6878429169274737,-0.5088340686034972,0.6796421742154142,0.20189117400835502,0
2.031693830382354,2.1304233588319006,1.531748217398325,0.3424068992716832,-1.26372092451197,-0.5255455321918312,2.7962564390687588,-1.93960409309128,2.8784344438775054,1.5846948327375876,2.8192328260679718,3.170091938274191,2.5180269126015533,1.286407270391967,0.5259975247092444,0.044709269626248646,-1.2604159992082797,-1.7990632824912207,0
-0.5275513683459089,-0.6257514534136719,0.13369495371260284,-0.8078352602826878,-0.44725941133774716,0.08265256144263229,-0.5842802614619114,0.5134538229023001,-0.5988689111423001,-0.20789838501778285,-0.519172978109793,-0.6085071869738967,-0.396397057842362,-0.09257503595024615,-0.48553617665468735,0.5982526078559945,-0.1287153980444583,0.6020820653082701,3
-0.8931578253070894,-1.2742631739420418,-1.3914540612172759,-1.5746633666522685,-0.9138088474373032,-0.7282782300699857,-1.4897811633897695,1.933645247951215,-1.3716029900355902,-1.104194993895468,-1.495499203859894,-1.2929540345113497,-1.4087759107334064,-0.09257503595024615,-0.8901496572002601,-0.5088340686034972,-0.4520584269484073,-0.7318875723581136,3
-0.28381373037178864,-0.46362352328157935,0.13369495371260284,1.197715171760831,1.5355756920853656,-0.5255455321918312,0.07975373328518455,-0.3903043566742819,-0.21250187169565504,-0.690519635951921,0.016231726333810724,0.04765673297936405,-0.4270752048996664,-0.46866111949812245,-0.6878429169274737,-0.06599939801970053,1.1646567175713376,0.7354790290749086,0
-1.6243707392294504,-1.2742631739420418,-1.5820976880835107,-1.5451699779457462,-0.7971714884124141,-0.5255455321918312,-1.3086809830041979,1.6754286252150485,-0.9852359505889451,-1.5868162448296064,-1.4640048094808586,-1.1798223241745807,-1.3167414695614932,1.0356832146933828,0.3236907844364581,-0.8409600715413448,-1.7454305425642032,-1.5322693549579438,1
1.3004809164599933,1.6440395684356233,1.5952960930204032,1.5811292249456212,0.7191141789111427,0.4881179571989413,1.4983718129721622,-1.294062536250864,1.332966286090925,1.72258661871877,1.370490684632338,1.501399210806847,1.6590387949970309,-0.21793706379953826,-0.6878429169274737,-0.2874167333115989,-0.1287153980444583,0.4686851015416318,2
0.08179272658939184,-1.1121352438099494,0.13369495371260284,-0.30644765227180815,-0.7971714884124141,0.08265256144263229,0.019387006489994005,-0.2611960453061988,-0.21250187169565504,-1.2420867798766504,0.23669248698705933,-0.042848635290051236,-0.6111440872434926,-0.46866111949812245,0.5259975247092444,0.266126604918147,0.19462763085949067,-0.06490275352492172,1
1.3004809164599933,1.1576557780393457,1.1504609636658552,0.6668341750434289,-0.3306220523128582,0.08265256144263229,0.8645211816226616,-1.0358459135146978,0.9465992466442801,0.6883982238599023,0.9295691633258407,0.8226089487862324,1.8124295302835527,-0.3432990916488304,0.7283042649820308,-0.2874167333115989,0.35629914531146517,0.3352881377749934,2
0.08179272658939184,0.5091440575109757,0.3243385805788377,-0.1884740974457188,0.2525647428115868,0.2853852593207868,-0.34281335428114923,0.2552372001661339,-0.21250187169565504,0.8952359028316759,-0.29871221745654447,-0.4218398649182277,0.3398784715329429,0.2835110475976302,-0.48553617665468735,0.266126604918147,-0.7754014558523563,-0.06490275352492172,3
-1.1368954632812096,0.02276026711469817,-1.010166807484806,-0.4244212070978975,0.3692021018364758,-0.5255455321918312,-0.7050137150522925,0.6425621342703833,-0.5988689111423001,-0.276844278008374,-0.6451505556259352,-0.710325726276989,0.06377514801720358,0.03278699189904596,-0.8901496572002601,-1.062377406833243,-0.7754014558523563,-0.9986814998913903,0
0.4473991835505723,0.8333999177751606,1.6588439686424814,1.2567019491738756,0.3692021018364758,0.2853852593207868,1.3776383593817811,-1.294062536250864,1.332966286090925,0.55050643787872,1.370490684632338,1.388267500470078,1.3215791773666827,-0.09257503595024615,0.12138404416367174,1.8160479519614354,-0.1287153980444583,0.20189117400835502,1
-0.5275513683459089,-0.46362352328157935,-0.12049654877571027,-0.5129013732174645,0.019290024761808806,-0.5255455321918312,-0.7351970784498878,0.6425621342703833,-0.5988689111423001,-0.6215737429613298,-0.7081393443840062,-0.7329520683443428,-0.15097188138392703,0.15814901974833806,2.1444514468915354,0.044709269626248646,-0.6137299414003817,-0.865284536124752,2
-0.8931578253070894,-0.3014955931494868,-0.8830710562406496,-0.48340798451094213,0.019290024761808806,-0.3228128343136767,-0.5540968980643162,0.38434551153421703,-0.5988689111423001,-0.41473606398955637,-0.29871221745654447,-0.5689110883560276,-0.33504076372775327,0.2835110475976302,-0.48553617665468735,-0.39812540095754806,-0.1287153980444583,-0.46509364482483684,0
0.203661545576452,0.18488819724679068,1.4682003417762466,1.4926490588260544,0.7191141789111427,0.08265256144263229,0.9852546352130427,-1.0358459135146978,0.9465992466442801,-0.0010607060460093361,1.0870411352210183,0.9300840736061631,0.8000506773925085,-0.46866111949812245,-0.28322943638190096,2.812425960774978,0.35629914531146517,0.8688759928415469,1
-0.7712890063200293,-0.13936766301739434,-1.0737146831068844,-1.3092228682935676,-0.6805341293875251,-0.5255455321918312,-0.5842802614619114,0.6425621342703833,-0.5988689111423001,-0.276844278008374,-0.5821617668678641,-0.6594164566254428,-0.12029373432662266,1.7878553817891354,-0.48553617665468735,-0.06599939801970053,-1.5837590281122287,-1.7990632824912207,0
-1.3806331012553301,0.02276026711469817,-1.010166807484806,2.465930886141291,7.484081002354705,8.800158570203276,-0.6144636248595067,0.5134538229023001,-0.5988689111423001,-0.276844278008374,1.5279626565275155,-0.6311335290412505,0.30920032447563855,5.799440272966483,-1.0924563974730463,-1.2837947421251414,-1.2604159992082797,-1.3988723911913055,0
0.203661545576452,-0.46362352328157935,0.19724282933468112,0.16544656703254923,0.48583946086136476,0.08265256144263229,-0.4635468078715303,0.38434551153421703,-0.5988689111423001,-0.276844278008374,-0.6451505556259352,-0.512345233187643,-0.7645348225300145,-0.9701092308952909,0.9306110052548172,-0.8409600715413448,1.1646567175713376,1.1356699203748237,3
0.08179272658939184,-0.46362352328157935,-0.8830710562406496,-0.5423947619239868,0.2525647428115868,-0.3228128343136767,-1.218130892811412,1.4172120024788823,-0.9852359505889451,-0.3457901709989652,-1.0860720769324324,-1.083660370388327,-0.48843149901427513,-0.46866111949812245,1.5375312260731762,-0.8409600715413448,0.5179706597634397,0.06849421024171665,3
-0.16194491138472847,-1.1121352438099494,-1.3914540612172759,-1.1322625360544336,0.019290024761808806,-0.7282782300699857,-1.640697980377746,2.191861870687381,-1.3716029900355902,-1.104194993895468,-1.6844655701341071,-1.3778028172639267,-1.1633507342749714,-0.09257503595024615,1.5375312260731762,-0.8409600715413448,0.19462763085949067,-0.1982997172915601,3
1.056743278485873,0.02276026711469817,0.07014707809052456,0.8732878959890853,0.3692021018364758,-0.7282782300699857,0.7739710914298757,-1.0358459135146978,0.560232207197635,-0.13895249202719168,1.1500299239790894,0.7830128501683632,-0.24300632255584015,0.7849591589947986,-1.2947631377458328,1.594630616669537,0.6796421742154142,-0.5984906085914752,0
1.7879561924082341,1.3197837081714383,1.3411045905320902,0.9912614508151746,0.2525647428115868,0.2853852593207868,1.5587385397673528,-1.423170847618947,1.7193333255375702,1.3778571537658142,1.1185355296000539,1.5466518949415546,1.1988665891374652,0.03278699189904596,0.9306110052548172,-0.2874167333115989,-0.1287153980444583,0.4686851015416318,2
0.6911368215246926,0.18488819724679068,1.4682003417762466,1.197715171760831,0.2525647428115868,0.4881179571989413,0.8645211816226616,-0.9067376021466146,0.9465992466442801,0.27472286591635536,0.7406027970516276,0.7773562646515247,-0.48843149901427513,-0.9701092308952909,-1.2947631377458328,2.258882622545232,0.8413136886673886,1.269066884141462,1
-1.0150266442941496,-0.9500073136778568,-0.31114017564194507,-0.5129013732174645,-0.3306220523128582,-0.1200801364355222,-0.5540968980643162,0.5134538229023001,-0.5988689111423001,-0.9663032079142857,-0.393195400593651,-0.6028506014570583,-1.2860633225041889,0.03278699189904596,-1.2947631377458328,0.37683527256409616,-0.7754014558523563,-0.3316966810581985,1
-1.6243707392294504,-0.13936766301739434,-0.8830710562406496,-0.9847955925218218,-0.3306220523128582,-0.1200801364355222,-0.5540968980643162,0.5134538229023001,-0.5988689111423001,-0.20789838501778285,-0.5821617668678641,-0.6141637724907352,-0.058937440212013914,0.9103211868440907,0.12138404416367174,-0.06599939801970053,-1.4220875136602542,-1.3988723911913055,0
0.6911368215246926,0.5091440575109757,-0.18404442439778854,0.9027812846956076,0.7191141789111427,-0.5255455321918312,0.5023208208515183,-0.7776292907785314,0.560232207197635,0.34366875890694654,0.42565885326127245,0.48887040329276354,-0.12029373432662266,0.15814901974833806,-0.28322943638190096,-0.5088340686034972,1.0029852031193631,-0.06490275352492172,0
-0.5275513683459089,-0.7878793835457644,-0.31114017564194507,-0.2769542635652858,0.3692021018364758,0.08265256144263229,-0.7351970784498878,0.6425621342703833,-0.5988689111423001,-0.48368195698014754,-0.6451505556259352,-0.6990125552433121,-0.979281851931145,-0.3432990916488304,-1.2947631377458328,-0.8409600715413448,0.19462763085949067,0.6020820653082701,3
0.08179272658939184,0.5091440575109757,0.07014707809052456,-0.1884740974457188,0.2525647428115868,0.2853852593207868,-0.3729967176787445,0.2552372001661339,-0.5988689111423001,0.34366875890694654,-0.3617010062146155,-0.45577937801925844,0.3705566185902473,0.15814901974833806,-0.48553617665468735,0.15541793727219783,-0.6137299414003817,0.06849421024171665,3
-1.9899771961906307,-1.1121352438099494,-0.43823592688610163,-0.7193550941631208,-0.3306220523128582,-0.5255455321918312,-0.644646988257102,0.6425621342703833,-0.5988689111423001,-1.104194993895468,-0.6766449500049706,-0.6933559697264736,-1.1940288813322757,0.9103211868440907,1.942144706618749,0.8196699431478929,-1.2604159992082797,-1.1320784636580288,1
-0.6494201873329691,-1.598519034206227,-2.0269328174380585,-1.3977030344131345,-0.44725941133774716,-0.7282782300699857,-1.640697980377746,2.3209701820554645,-1.3716029900355902,-1.7936539238013798,-1.7789487532712138,-1.3891159882976036,-1.1326725872176668,0.15814901974833806,2.9536784079826806,-0.9516687391872939,-1.0987444847563053,-1.1320784636580288,1
-0.04007609239766831,-0.3014955931494868,0.19724282933468112,-1.0437823699348665,-0.9138088474373032,0.2853852593207868,-0.4031800810763398,0.38434551153421703,-0.5988689111423001,0.34366875890694654,-0.456184189351722,-0.4897188911202892,-0.3043626166704489,0.2835110475976302,1.1329177455276036,0.044709269626248646,-0.7754014558523563,0.06849421024171665,3
0.203661545576452,0.34701612737888315,0.38788645620091594,-0.1884740974457188,0.2525647428115868,0.4881179571989413,-0.2824466274859587,0.2552372001661339,-0.21250187169565504,0.6194523308693112,-0.393195400593651,-0.3765871807835201,0.30920032447563855,-0.21793706379953826,1.1329177455276036,0.044709269626248646,0.03295611640751618,0.3352881377749934,3
0.8130056405117527,0.02276026711469817,1.1504609636658552,1.197715171760831,0.3692021018364758,-0.1200801364355222,0.9852546352130427,-1.1649542248827809,0.9465992466442801,-0.0700065990366005,1.3389962902533024,0.9809933432577091,0.43191291270485604,-0.09257503595024615,-0.28322943638190096,-0.8409600715413448,0.03295611640751618,-0.06490275352492172,1
1.9098250113952941,1.3197837081714383,1.7223918442645598,1.551635836239099,0.8357515379360317,0.6908506550770958,1.588921903164948,-1.294062536250864,1.7193333255375702,1.4468030467564053,1.1815243183581248,1.552308480458393,1.1375102950228566,-0.09257503595024615,1.3352244858003899,1.7053392843154862,-0.1287153980444583,0.7354790290749086,2
-1.0150266442941496,-0.3014955931494868,-1.1372625587289626,-1.1912493134674782,-0.6805341293875251,-0.1200801364355222,-0.5540968980643162,0.6425621342703833,-0.5988689111423001,-0.276844278008374,-0.6451505556259352,-0.6424467000749274,-0.058937440212013914,1.161045242542675,0.5259975247092444,0.15541793727219783,-1.4220875136602542,-1.5322693549579438,0
-0.04007609239766831,0.6712719876430682,-0.18404442439778854,0.3424068992716832,0.3692021018364758,-0.3228128343136767,0.1401204600803751,-0.5194126680423651,0.17386516775098998,0.6883982238599023,0.016231726333810724,0.1438186867656178,0.5853036479913779,-0.3432990916488304,-0.28322943638190096,-0.2874167333115989,1.326328232023312,0.8688759928415469,0
-0.5275513683459089,-1.2742631739420418,-1.7727413149497455,-1.4566898118261793,-1.0304462064621922,-0.7282782300699857,-1.0370307124258404,1.158995379742716,-0.9852359505889451,-1.448924458848424,-1.1805552600695388,-0.9705286600515579,-0.887247410759232,0.7849591589947986,1.942144706618749,0.15541793727219783,-0.7754014558523563,-1.3988723911913055,2
-0.4056825493588488,0.5091440575109757,-0.24759230001986682,-0.7783418715761655,-0.3306220523128582,0.4881179571989413,-0.2522632640883634,0.2552372001661339,-0.21250187169565504,0.8262900098410847,-0.48767858373075756,-0.38224376630035856,0.30920032447563855,0.40887307544692225,0.7283042649820308,-0.1767080656656497,-0.9370729703043308,-0.46509364482483684,3
-0.16194491138472847,-0.7878793835457644,0.0065992024684462846,-0.15898070873919645,0.1359273837866978,0.08265256144263229,-0.6748303516546972,0.5134538229023001,-0.5988689111423001,-0.5526278499707387,-0.7396337387630417,-0.6707296276591198,-1.1633507342749714,-1.095471258744583,0.5259975247092444,-1.3945034097710907,1.649671260927261,1.4024638479081004,3
-0.4056825493588488,-1.4363911040741344,-1.5820976880835107,-1.1322625360544336,-0.5638967703626362,-0.5255455321918312,-1.429414436594579,1.933645247951215,-1.3716029900355902,-1.448924458848424,-1.6214767813760362,-1.2533579358934805,-1.3167414695614932,-0.5940231473474146,3.1559851482554673,1.1517959460857403,0.19462763085949067,-0.06490275352492172,2
-1.0150266442941496,0.02276026711469817,-0.6924274293744147,-0.5423947619239868,0.1359273837866978,-0.1200801364355222,-0.765380441847483,0.6425621342703833,-0.5988689111423001,-0.0700065990366005,-0.5506673724888286,-0.7386086538611812,0.12513144213181232,-0.09257503595024615,-0.8901496572002601,-1.062377406833243,-0.2903869124964328,0.06849421024171665,3
-0.4056825493588488,0.18488819724679068,-0.12049654877571027,-0.7488484828696432,0.019290024761808806,0.4881179571989413,-0.2824466274859587,0.2552372001661339,-0.21250187169565504,0.55050643787872,-0.6136561612468996,-0.40487010836771237,0.3398784715329429,0.15814901974833806,2.1444514468915354,-0.6195427362494464,-0.6137299414003817,-0.3316966810581985,3
-0.5275513683459089,-0.46362352328157935,-0.755975304996493,-0.6013815393370315,0.019290024761808806,-0.3228128343136767,-0.644646988257102,0.5134538229023001,-0.5988689111423001,-0.3457901709989652,-0.393195400593651,-0.6481032855917659,-0.6725003813581013,0.40887307544692225,-0.8901496572002601,-0.7302514038953956,-0.4520584269484073,-0.865284536124752,0
-1.0150266442941496,-0.6257514534136719,-1.010166807484806,-0.39492781839137514,0.3692021018364758,2.7181776338586405,-0.5842802614619114,0.5134538229023001,-0.5988689111423001,-0.6215737429613298,-0.48767858373075756,-0.6085071869738967,-0.6111440872434926,0.2835110475976302,-0.08092269610911461,0.37683527256409616,-0.7754014558523563,-0.5984906085914752,0
0.4473991835505723,0.02276026711469817,0.38788645620091594,0.13595317832602688,0.6024768198862538,0.2853852593207868,-0.34281335428114923,0.2552372001661339,-0.21250187169565504,0.6194523308693112,-0.48767858373075756,-0.4105266938845508,-0.5497877931288838,-0.7193851751967066,0.3236907844364581,-0.06599939801970053,0.5179706597634397,0.6020820653082701,3
0.8130056405117527,0.5091440575109757,0.8327215855554638,1.197715171760831,0.7191141789111427,-0.3228128343136767,0.9248879084178521,-1.1649542248827809,0.9465992466442801,0.13683107993517302,0.8665803745677697,0.9470538301566784,0.7693725303352041,0.03278699189904596,0.12138404416367174,-0.1767080656656497,0.5179706597634397,-0.1982997172915601,0
0.8130056405117527,0.18488819724679068,1.4046524661541684,0.46038045409777256,-0.21398469328796918,0.08265256144263229,0.8645211816226616,-0.9067376021466146,0.9465992466442801,-0.0700065990366005,1.0555467408419827,0.7943260212020401,0.7080162362205954,0.03278699189904596,1.3352244858003899,0.044709269626248646,0.03295611640751618,0.20189117400835502,2
-0.8931578253070894,-1.4363911040741344,-0.31114017564194507,-0.0999939313261518,-0.21398469328796918,-0.3228128343136767,-0.5540968980643162,0.5134538229023001,-0.5988689111423001,-1.3799785658578327,-0.456184189351722,-0.6028506014570583,-1.3474196166187975,-0.8447472030459988,-1.2947631377458328,2.148173954899283,1.1646567175713376,1.0022729566081854,2
0.4473991835505723,-0.46362352328157935,1.2140088392879336,0.5193672315108172,-0.3306220523128582,0.08265256144263229,0.5325041842491136,-0.6485209794104483,0.560232207197635,-0.690519635951921,0.6146252195354855,0.41533479157386366,-0.21232817549853578,-0.7193851751967066,0.12138404416367174,3.1445519637128254,0.8413136886673886,1.4024638479081004,2
0.5692680025376324,-0.9500073136778568,-0.8830710562406496,-1.3977030344131345,-1.496995642561748,-0.3228128343136767,-1.0370307124258404,1.288103691110799,-0.9852359505889451,-0.41473606398955637,-0.7711281331420772,-0.9988115876357502,-1.2553851754468843,0.2835110475976302,-0.48553617665468735,-1.2837947421251414,-0.4520584269484073,-1.2654754274246671,3
1.056743278485873,1.4819116383035307,1.1504609636658552,-0.15898070873919645,-1.0304462064621922,0.2853852593207868,1.347454995984186,-1.294062536250864,1.332966286090925,1.72258661871877,0.9610635577048762,1.3090753032343396,0.8000506773925085,0.40887307544692225,1.1329177455276036,1.594630616669537,-0.2903869124964328,-0.06490275352492172,1
-0.5275513683459089,0.34701612737888315,0.07014707809052456,4.530468095597855,8.300542515528928,7.989227778690657,-0.312629990883554,0.2552372001661339,-0.21250187169565504,1.0331276888128582,1.2760075014952315,-0.41618327940138927,0.0330970009598992,3.0414756602820563,-1.2947631377458328,0.15541793727219783,-0.7754014558523563,-0.1982997172915601,3
-0.8931578253070894,0.5091440575109757,-0.43823592688610163,-0.9553022038152995,-0.44725941133774716,0.2853852593207868,-0.22207990069076816,0.2552372001661339,-0.21250187169565504,1.0331276888128582,-0.5821617668678641,-0.3765871807835201,0.30920032447563855,0.2835110475976302,-0.6878429169274737,-1.2837947421251414,-0.9370729703043308,-0.46509364482483684,3
-0.7712890063200293,-0.46362352328157935,-1.1372625587289626,-0.5423947619239868,0.2525647428115868,0.2853852593207868,-1.0672140758234356,1.158995379742716,-0.9852359505889451,-0.41473606398955637,-0.9915888937953258,-0.9818418310852348,-0.48843149901427513,-0.7193851751967066,0.12138404416367174,-1.2837947421251414,0.6796421742154142,0.7354790290749086,3
-0.6494201873329691,-1.2742631739420418,-1.200810434351041,-1.1322625360544336,-0.44725941133774716,-0.7282782300699857,-1.3086809830041979,1.6754286252150485,-0.9852359505889451,-1.2420867798766504,-1.495499203859894,-1.1741657386577422,-0.9179255578165363,0.15814901974833806,1.5375312260731762,0.8196699431478929,-0.7754014558523563,-0.9986814998913903,2
-0.28381373037178864,-0.46362352328157935,-0.12049654877571027,-0.1884740974457188,0.48583946086136476,-0.1200801364355222,-0.6144636248595067,0.38434551153421703,-0.5988689111423001,-0.20789838501778285,-0.5506673724888286,-0.6028506014570583,-0.8565692637019275,-0.3432990916488304,-0.6878429169274737,-0.8409600715413448,0.03295611640751618,0.4686851015416318,3
-0.4056825493588488,-1.2742631739420418,-0.12049654877571027,0.07696640091298222,-0.44725941133774716,0.08265256144263229,-0.34281335428114923,0.1261288887980507,-0.21250187169565504,-1.104194993895468,-0.519172978109793,-0.3652740097498432,-1.8382699695356675,-1.5969193701417514,-0.6878429169274737,0.5982526078559945,1.97301428983121,1.8026547392080157,2
-1.5025019202423902,-0.46362352328157935,-1.200810434351041,-1.2797294795870453,-0.7971714884124141,-0.1200801364355222,-0.5842802614619114,0.6425621342703833,-0.5988689111423001,-0.20789838501778285,-0.7081393443840062,-0.6650730421422812,-0.08961558726931829,1.6624933539398432,0.12138404416367174,-0.6195427362494464,-1.5837590281122287,-1.7990632824912207,0
1.5442185544341136,0.6712719876430682,1.5952960930204032,0.7553143411629959,-0.5638967703626362,0.4881179571989413,1.3776383593817811,-1.294062536250864,1.332966286090925,0.8952359028316759,1.1185355296000539,1.314731888751178,-0.08961558726931829,-0.7193851751967066,-1.2947631377458328,2.923134628420927,0.5179706597634397,1.4024638479081004,1
-1.6243707392294504,-0.3014955931494868,-0.8830710562406496,-1.427196423119657,-0.9138088474373032,-0.1200801364355222,-0.5540968980643162,0.5134538229023001,-0.5988689111423001,-0.20789838501778285,-0.5506673724888286,-0.6141637724907352,0.0330970009598992,1.5371313260905513,-0.48553617665468735,-0.5088340686034972,-1.5837590281122287,-1.6656663187245822,0
0.203661545576452,0.02276026711469817,-0.12049654877571027,0.5193672315108172,0.019290024761808806,-0.3228128343136767,-0.13152981049798235,-0.1320877339381156,-0.21250187169565504,-0.20789838501778285,-0.015262668045224794,-0.17860668769417415,0.09445329507450795,-0.9701092308952909,0.9306110052548172,0.5982526078559945,1.649671260927261,1.1356699203748237,1
1.1786120974729333,1.4819116383035307,1.5952960930204032,1.463155670119532,0.2525647428115868,0.6908506550770958,1.6191052665625434,-1.423170847618947,1.7193333255375702,1.7915325117093612,1.0240523464629472,1.6428138487278083,0.7386943832778997,-0.7193851751967066,-1.2947631377458328,0.5982526078559945,0.03295611640751618,0.6020820653082701,1
0.8130056405117527,0.18488819724679068,0.19724282933468112,-0.12948732003267413,0.2525647428115868,0.4881179571989413,-0.16171317389557763,0.1261288887980507,-0.21250187169565504,1.0331276888128582,-0.393195400593651,-0.2860818125141048,-0.15097188138392703,-0.21793706379953826,2.3467581871643217,-1.3945034097710907,0.03295611640751618,0.06849421024171665,3
-0.28381373037178864,-0.7878793835457644,-0.3746880512640234,0.07696640091298222,0.6024768198862538,-0.3228128343136767,-0.5842802614619114,0.38434551153421703,-0.5988689111423001,-0.8973573149236945,-0.6136561612468996,-0.5971940159402198,-0.9486037048738407,-0.5940231473474146,-0.48553617665468735,0.4875439402100453,0.5179706597634397,0.6020820653082701,0
-0.4056825493588488,-0.3014955931494868,-0.6288795537523365,0.10645978961950456,-0.3306220523128582,-0.1200801364355222,-0.43336344447393504,0.1261288887980507,-0.5988689111423001,-0.276844278008374,-0.456184189351722,-0.4388096214687431,-0.5191096460715795,-1.4715573422924593,1.7398379663459627,-0.39812540095754806,2.296357318735159,1.8026547392080157,2
-0.04007609239766831,-1.4363911040741344,-1.1372625587289626,-0.0999939313261518,0.8357515379360317,-0.1200801364355222,-0.9766639856306499,1.0298870683746328,-0.9852359505889451,-0.8284114219331034,-0.8656113162791838,-0.8969930483326579,-1.470132204848015,-0.7193851751967066,-0.8901496572002601,1.8160479519614354,0.6796421742154142,1.1356699203748237,3
1.3004809164599933,0.8333999177751606,0.8962694611775421,1.2567019491738756,0.3692021018364758,0.2853852593207868,0.5626875476467089,-0.7776292907785314,0.560232207197635,0.55050643787872,0.58313082515645,0.5058401598432789,0.6159817950486822,-0.9701092308952909,-0.6878429169274737,-0.6195427362494464,1.0029852031193631,1.4024638479081004,2
0.08179272658939184,-0.13936766301739434,0.13369495371260284,1.4041688927064873,1.4189383330604768,-0.5255455321918312,0.47213745745392305,-0.7776292907785314,0.560232207197635,-0.20789838501778285,0.6146252195354855,0.494526988809602,-0.641822234300797,0.03278699189904596,-0.48553617665468735,1.0410872784397913,1.1646567175713376,0.20189117400835502,0
-0.04007609239766831,-1.598519034206227,-0.6288795537523365,0.10645978961950456,0.019290024761808806,-0.3228128343136767,-0.5842802614619114,0.38434551153421703,-0.5988689111423001,-1.6557621378201974,-0.6136561612468996,-0.5858808449065429,-1.5314884989626238,-1.346195314443167,-0.28322943638190096,1.9267566196073846,2.296357318735159,1.936051702974654,1
1.5442185544341136,0.6712719876430682,1.531748217398325,1.2567019491738756,0.2525647428115868,0.08265256144263229,1.1965381789962095,-1.1649542248827809,1.332966286090925,0.6883982238599023,1.1185355296000539,1.1733172508302165,0.2785221774183342,-0.5940231473474146,-1.0924563974730463,1.2625046137316895,0.19462763085949067,0.8688759928415469,2
-0.5275513683459089,-0.7878793835457644,-0.18404442439778854,-0.4244212070978975,0.2525647428115868,0.08265256144263229,-0.7351970784498878,0.6425621342703833,-0.5988689111423001,-0.6215737429613298,-0.6451505556259352,-0.7159823117938274,-0.7952129695873188,-0.21793706379953826,0.3236907844364581,-0.6195427362494464,-0.1287153980444583,0.20189117400835502,3
2.031693830382354,1.8061674985677156,1.3411045905320902,1.6106226136521438,0.2525647428115868,-0.7282782300699857,2.4642394416952107,-1.93960409309128,2.4920674044308604,1.4468030467564053,2.882221614826043,2.7741309520954993,1.9658202655700747,1.5371313260905513,-0.48553617665468735,-0.7302514038953956,-0.7754014558523563,-1.6656663187245822,0
-1.0150266442941496,-1.4363911040741344,-0.24759230001986682,-0.5718881506305091,-0.7971714884124141,-0.3228128343136767,-0.644646988257102,0.5134538229023001,-0.5988689111423001,-1.3799785658578327,-0.6451505556259352,-0.6594164566254428,-1.2553851754468843,-1.095471258744583,0.7283042649820308,1.2625046137316895,1.326328232023312,1.0022729566081854,1
-0.04007609239766831,-0.46362352328157935,-0.755975304996493,-1.102769147347911,-0.6805341293875251,-0.3228128343136767,-1.2483142562090073,1.5463203138469654,-0.9852359505889451,-0.20789838501778285,-1.0230832881743612,-1.1175998834893577,-0.7031785284154057,0.15814901974833806,-0.28322943638190096,-0.9516687391872939,0.03295611640751618,-0.7318875723581136,3
-0.7712890063200293,-0.9500073136778568,-0.5017838025081799,-0.48340798451094213,-0.44725941133774716,-0.5255455321918312,-0.5239135346667209,0.38434551153421703,-0.5988689111423001,-0.8284114219331034,-0.456184189351722,-0.5689110883560276,-1.0713162931030582,-0.3432990916488304,-1.0924563974730463,2.258882622545232,-0.2903869124964328,0.06849421024171665,2
-0.28381373037178864,0.02276026711469817,-0.43823592688610163,-0.4244212070978975,-0.5638967703626362,-0.5255455321918312,-0.5540968980643162,0.38434551153421703,-0.5988689111423001,-0.13895249202719168,-0.5821617668678641,-0.5802242593897045,0.1558095891891167,-0.8447472030459988,1.942144706618749,-1.1730860744791922,0.6796421742154142,0.3352881377749934,1
-1.3806331012553301,-1.1121352438099494,-1.8362891905718237,-1.2797294795870453,-0.3306220523128582,-0.7282782300699857,-1.0672140758234356,1.288103691110799,-0.9852359505889451,-1.3799785658578327,-1.1490608656905035,-1.010124758669427,-0.887247410759232,1.7878553817891354,-1.2947631377458328,-1.3945034097710907,-1.9071020570161776,-1.6656663187245822,1
1.6660873734211739,1.1576557780393457,1.2140088392879336,1.463155670119532,0.2525647428115868,0.4881179571989413,1.0154379986106379,-1.0358459135146978,0.9465992466442801,1.1020735818034495,0.9610635577048762,0.9753367577408707,0.5239473538767692,-0.9701092308952909,2.1444514468915354,-1.1730860744791922,1.326328232023312,1.4024638479081004,1
0.5692680025376324,-0.9500073136778568,-0.056948673153631994,0.6668341750434289,0.2525647428115868,0.08265256144263229,-0.07116308370279181,-0.1320877339381156,-0.21250187169565504,-0.690519635951921,-0.14124024556136686,-0.12769741804262805,-1.3474196166187975,-1.346195314443167,0.3236907844364581,0.7089612755019437,1.326328232023312,1.269066884141462,2
-1.0150266442941496,-0.7878793835457644,-0.6288795537523365,-0.8668220376957325,-0.3306220523128582,-0.7282782300699857,-1.097397439221031,1.158995379742716,-0.9852359505889451,-0.8973573149236945,-0.9286001050372548,-1.0044681731525886,-0.7645348225300145,-0.5940231473474146,-0.6878429169274737,-0.39812540095754806,0.35629914531146517,-0.06490275352492172,2
0.5692680025376324,1.4819116383035307,1.4046524661541684,0.5193672315108172,-0.3306220523128582,0.2853852593207868,1.347454995984186,-1.1649542248827809,1.332966286090925,1.6536407257281789,1.0870411352210183,1.2864489611669858,1.2909010303093784,0.03278699189904596,-1.0924563974730463,1.483921949023588,-0.4520584269484073,-0.06490275352492172,1
1.1786120974729333,1.4819116383035307,0.5785300830671508,0.3129135105651609,-0.5638967703626362,0.4881179571989413,1.5587385397673528,-1.294062536250864,1.7193333255375702,1.5157489397469965,0.9925579520839117,1.5240255528742008,0.7080162362205954,-0.09257503595024615,-1.0924563974730463,2.148173954899283,-0.4520584269484073,0.3352881377749934,1
-0.16194491138472847,-1.4363911040741344,-0.24759230001986682,-0.0999939313261518,-0.5638967703626362,-0.1200801364355222,-0.4635468078715303,0.2552372001661339,-0.5988689111423001,-1.3799785658578327,-0.6136561612468996,-0.5010320621539661,-1.5621666460199282,-1.5969193701417514,-0.48553617665468735,0.7089612755019437,2.296357318735159,2.0694486667412924,2
2.031693830382354,0.9955278479072532,1.4046524661541684,0.6668341750434289,-0.5638967703626362,0.6908506550770958,1.347454995984186,-1.294062536250864,1.332966286090925,0.964181795822267,1.1815243183581248,1.337358230818532,0.4625910597621604,-0.5940231473474146,2.3467581871643217,-1.1730860744791922,0.35629914531146517,0.4686851015416318,2
-1.3806331012553301,0.02276026711469817,-0.8830710562406496,-0.8668220376957325,0.2525647428115868,-0.5255455321918312,-0.644646988257102,0.6425621342703833,-0.5988689111423001,-0.3457901709989652,-0.6136561612468996,-0.6650730421422812,0.2785221774183342,0.9103211868440907,-1.2947631377458328,-1.2837947421251414,-1.2604159992082797,-1.5322693549579438,0
0.5692680025376324,-1.1121352438099494,-0.755975304996493,-1.2797294795870453,-1.147083565487081,-0.1200801364355222,-1.1577641660162215,1.5463203138469654,-0.9852359505889451,-0.6215737429613298,-0.9915888937953258,-1.1006301269388423,-1.3167414695614932,0.15814901974833806,-1.2947631377458328,0.044709269626248646,-0.4520584269484073,-1.3988723911913055,3
1.7879561924082341,0.9955278479072532,1.3411045905320902,0.843794507282563,-0.21398469328796918,0.4881179571989413,1.2870882691889953,-1.294062536250864,1.332966286090925,0.8262900098410847,1.0555467408419827,1.263822619099632,0.3705566185902473,-0.7193851751967066,0.12138404416367174,-1.062377406833243,0.19462763085949067,0.6020820653082701,1
1.5442185544341136,1.4819116383035307,1.3411045905320902,-0.21796748615224112,-1.730270360611526,-0.9310109279481402,2.373689351502425,-1.8104957817231966,2.4920674044308604,1.2399653677846318,2.4413000935195455,2.570493873489315,2.057854706741988,1.5371313260905513,-0.48553617665468735,-0.1767080656656497,-1.2604159992082797,-1.6656663187245822,0
0.08179272658939184,0.02276026711469817,-0.056948673153631994,-0.07050054261962946,0.6024768198862538,0.08265256144263229,-0.7050137150522925,0.6425621342703833,-0.5988689111423001,-0.0700065990366005,-0.7711281331420772,-0.7046691407601505,0.12513144213181232,-0.8447472030459988,0.9306110052548172,0.15541793727219783,0.8413136886673886,0.8688759928415469,3
0.32553036456351214,0.6712719876430682,1.0233652124216988,0.5488606202173396,-0.3306220523128582,-0.5255455321918312,1.347454995984186,-1.294062536250864,1.332966286090925,0.27472286591635536,1.244513107116196,1.3712977439195626,1.0761540009082478,0.5342351032962144,0.3236907844364581,1.7053392843154862,-0.1287153980444583,-0.865284536124752,0
-0.04007609239766831,0.5091440575109757,0.13369495371260284,-0.5423947619239868,0.1359273837866978,0.4881179571989413,-0.3729967176787445,0.38434551153421703,-0.21250187169565504,1.1710194747940406,-0.5506673724888286,-0.4727491345697738,0.40123476564755167,0.03278699189904596,0.3236907844364581,0.266126604918147,-0.6137299414003817,-0.06490275352492172,3
-0.6494201873329691,-0.7878793835457644,-0.24759230001986682,0.5193672315108172,1.3023009740355878,-0.5255455321918312,-0.312629990883554,-0.002979422570032448,-0.21250187169565504,-0.9663032079142857,-0.10974585118233135,-0.3313344966488124,-0.8258911166446232,0.03278699189904596,-1.0924563974730463,-0.1767080656656497,0.6796421742154142,0.20189117400835502,0
-1.1368954632812096,-0.9500073136778568,0.5149822074450725,0.3424068992716832,-0.21398469328796918,-0.3228128343136767,0.26085391367075617,-0.5194126680423651,0.17386516775098998,-1.1731408868860593,0.6461196139145211,0.1777581998666485,-0.9179255578165363,-0.21793706379953826,-0.48553617665468735,2.812425960774978,0.19462763085949067,0.3352881377749934,1
-0.5275513683459089,-0.13936766301739434,-0.6288795537523365,-0.24746087485876347,0.48583946086136476,-0.3228128343136767,-0.7351970784498878,0.6425621342703833,-0.5988689111423001,-0.0700065990366005,-0.7081393443840062,-0.710325726276989,-0.1816500284412314,-0.46866111949812245,0.9306110052548172,-1.2837947421251414,0.35629914531146517,0.3352881377749934,0
-0.04007609239766831,-1.2742631739420418,-0.5653316781302582,0.16544656703254923,0.7191141789111427,-0.3228128343136767,-0.5239135346667209,0.2552372001661339,-0.5988689111423001,-1.1731408868860593,-0.4246897949726865,-0.512345233187643,-1.22470702838958,-0.5940231473474146,-1.0924563974730463,1.0410872784397913,1.1646567175713376,1.269066884141462,0
-0.5275513683459089,-0.13936766301739434,-0.755975304996493,-0.9258088151087772,-0.44725941133774716,-0.5255455321918312,-0.9766639856306499,1.0298870683746328,-0.9852359505889451,-0.13895249202719168,-0.6451505556259352,-0.9309325614336887,-0.2736844696131445,0.6595971311455064,0.7283042649820308,-1.062377406833243,-0.4520584269484073,-1.1320784636580288,3
1.056743278485873,1.4819116383035307,1.531748217398325,1.551635836239099,0.7191141789111427,0.4881179571989413,1.1663548155986143,-1.1649542248827809,1.332966286090925,1.1020735818034495,1.244513107116196,1.1337211522123474,1.9351421185127702,-0.21793706379953826,-1.2947631377458328,1.483921949023588,0.03295611640751618,0.6020820653082701,2
-1.8681083772035707,-1.4363911040741344,-1.3914540612172759,-1.5451699779457462,-0.6805341293875251,-0.5255455321918312,-1.3690477097993885,1.8045369365831319,-1.3716029900355902,-1.6557621378201974,-1.495499203859894,-1.2250750083092883,-1.6542010871918413,0.6595971311455064,-0.6878429169274737,0.37683527256409616,-1.7454305425642032,-1.3988723911913055,1
-0.28381373037178864,-0.46362352328157935,-1.010166807484806,0.01797962349993755,0.48583946086136476,-0.3228128343136767,-0.7050137150522925,0.38434551153421703,-0.5988689111423001,-0.5526278499707387,-0.6136561612468996,-0.636790114558089,-0.48843149901427513,-0.7193851751967066,-0.48553617665468735,-1.3945034097710907,1.97301428983121,1.5358608116747388,0
-1.1368954632812096,-1.598519034206227,-1.8362891905718237,-1.3682096457066122,-0.5638967703626362,-0.9310109279481402,-1.5803312535825553,2.3209701820554645,-1.3716029900355902,-1.7247080308107887,-1.6844655701341071,-1.3664896462302498,-1.4394540577907107,0.40887307544692225,0.7283042649820308,1.594630616669537,-0.9370729703043308,-0.7318875723581136,2
1.1786120974729333,0.18488819724679068,1.531748217398325,1.197715171760831,0.48583946086136476,0.2853852593207868,1.045621362008233,-1.0358459135146978,0.9465992466442801,0.06788518694458183,0.8980747689468052,0.9866499287745476,1.0761540009082478,-0.3432990916488304,0.5259975247092444,-0.2874167333115989,0.35629914531146517,0.4686851015416318,2
0.8130056405117527,-0.6257514534136719,-0.43823592688610163,1.0797416169347416,1.0690262559858097,-0.7282782300699857,0.23067055027316088,-0.6485209794104483,0.17386516775098998,-0.690519635951921,0.48864764201934346,0.23432405503503306,-0.73385667547271,-0.09257503595024615,0.12138404416367174,0.7089612755019437,1.326328232023312,0.20189117400835502,0
-0.28381373037178864,-0.46362352328157935,-0.056948673153631994,0.7258209524564736,0.8357515379360317,-0.7282782300699857,0.019387006489994005,-0.3903043566742819,-0.21250187169565504,-0.7594655289425122,-0.14124024556136686,-0.02022229322269741,-0.5804659401861882,-0.5940231473474146,-0.6878429169274737,1.1517959460857403,1.4879997464752865,1.1356699203748237,0
0.5692680025376324,0.02276026711469817,-0.3746880512640234,-0.07050054261962946,-0.21398469328796918,-0.3228128343136767,-0.34281335428114923,0.1261288887980507,-0.21250187169565504,-0.0010607060460093361,-0.14124024556136686,-0.3765871807835201,0.3398784715329429,-0.46866111949812245,1.3352244858003899,-0.2874167333115989,0.19462763085949067,0.06849421024171665,1
0.934874459498813,0.9955278479072532,1.4682003417762466,1.286195337880398,0.7191141789111427,0.2853852593207868,1.2267215423938047,-1.1649542248827809,1.332966286090925,0.964181795822267,1.0555467408419827,1.2185699349649242,1.505648059710509,0.03278699189904596,-0.28322943638190096,1.1517959460857403,-0.4520584269484073,-0.06490275352492172,1
-0.4056825493588488,-1.4363911040741344,-0.24759230001986682,0.3129135105651609,0.2525647428115868,-0.1200801364355222,-0.34281335428114923,0.1261288887980507,-0.5988689111423001,-1.517870351839015,-0.2042290343194379,-0.3992135228508739,-1.0099599989884493,-0.8447472030459988,-1.0924563974730463,0.8196699431478929,0.5179706597634397,0.3352881377749934,1
0.4473991835505723,0.5091440575109757,0.7691737099333856,0.8732878959890853,0.1359273837866978,0.08265256144263229,0.38158736726113723,-0.6485209794104483,0.17386516775098998,0.4815605448881289,0.3626700645032014,0.3191728377876099,0.43191291270485604,-1.095471258744583,2.7513716677098943,-0.1767080656656497,1.649671260927261,1.0022729566081854,1
-0.7712890063200293,-0.7878793835457644,-0.056948673153631994,-0.1884740974457188,0.7191141789111427,0.2853852593207868,-0.6748303516546972,0.6425621342703833,-0.5988689111423001,-0.6215737429613298,-0.6766449500049706,-0.6820427986927967,-0.5497877931288838,-0.3432990916488304,-1.2947631377458328,0.044709269626248646,0.03295611640751618,0.4686851015416318,3
-0.04007609239766831,-0.3014955931494868,-0.3746880512640234,-0.5718881506305091,-0.5638967703626362,-0.3228128343136767,-0.5842802614619114,0.38434551153421703,-0.5988689111423001,-0.3457901709989652,-0.519172978109793,-0.5802242593897045,0.0330970009598992,-0.46866111949812245,1.5375312260731762,-1.3945034097710907,0.03295611640751618,-0.1982997172915601,2
1.6660873734211739,1.6440395684356233,1.0233652124216988,0.9027812846956076,-0.3306220523128582,-0.3228128343136767,2.1624058077192583,-1.8104957817231966,2.105700364984215,1.3778571537658142,2.1893449384872614,2.4234226500515152,2.149889147913901,0.9103211868440907,-0.6878429169274737,-1.2837947421251414,-0.4520584269484073,-1.5322693549579438,0
-0.16194491138472847,-1.2742631739420418,0.2607907049567594,-0.04100715391310712,-0.21398469328796918,-0.3228128343136767,-0.312629990883554,0.1261288887980507,-0.21250187169565504,-1.1731408868860593,-0.2357234286984734,-0.3652740097498432,-0.9486037048738407,-0.5940231473474146,0.5259975247092444,0.9303786107938421,0.19462763085949067,0.06849421024171665,2
-0.8931578253070894,-0.3014955931494868,-1.010166807484806,-1.1322625360544336,-0.6805341293875251,-0.3228128343136767,-0.4937301712691256,0.38434551153421703,-0.5988689111423001,-0.41473606398955637,-0.3617010062146155,-0.5519413318055122,-0.058937440212013914,1.0356832146933828,-0.08092269610911461,0.15541793727219783,-1.2604159992082797,-1.3988723911913055,0
1.6660873734211739,1.8061674985677156,1.4046524661541684,1.8465697233043223,1.0690262559858097,0.4881179571989413,1.5285551763697576,-1.294062536250864,1.7193333255375702,1.6536407257281789,1.1815243183581248,1.512712381840524,1.2909010303093784,-0.21793706379953826,2.549064927437108,-0.1767080656656497,0.03295611640751618,0.06849421024171665,2
-1.3806331012553301,-0.13936766301739434,-0.6288795537523365,-0.5423947619239868,0.2525647428115868,-0.3228128343136767,-0.43336344447393504,0.38434551153421703,-0.5988689111423001,-0.276844278008374,-0.2357234286984734,-0.49537547663712767,0.06377514801720358,0.9103211868440907,-1.2947631377458328,0.37683527256409616,-0.9370729703043308,-1.1320784636580288,0
-1.5025019202423902,0.18488819724679068,-0.6924274293744147,-1.1322625360544336,-0.6805341293875251,-0.3228128343136767,-0.4635468078715303,0.38434551153421703,-0.5988689111423001,0.06788518694458183,-0.519172978109793,-0.5406281607718353,0.4932692068194648,1.0356832146933828,-0.6878429169274737,0.15541793727219783,-1.4220875136602542,-1.2654754274246671,0
-1.3806331012553301,-0.13936766301739434,-0.6288795537523365,-0.9553022038152995,-0.09734733426308019,-0.3228128343136767,-0.644646988257102,0.6425621342703833,-0.5988689111423001,-0.3457901709989652,-0.48767858373075756,-0.6820427986927967,0.2478440303610298,1.0356832146933828,-0.08092269610911461,0.4875439402100453,-1.2604159992082797,-1.3988723911913055,0
-0.04007609239766831,0.34701612737888315,0.19724282933468112,-0.15898070873919645,0.48583946086136476,0.4881179571989413,-0.3729967176787445,0.38434551153421703,-0.21250187169565504,0.6883982238599023,-0.519172978109793,-0.46709254905293535,0.09445329507450795,0.15814901974833806,0.12138404416367174,0.266126604918147,-0.9370729703043308,-0.06490275352492172,3
-0.4056825493588488,-1.4363911040741344,-0.5017838025081799,0.07696640091298222,-0.21398469328796918,-0.1200801364355222,-0.34281335428114923,0.1261288887980507,-0.5988689111423001,-1.3799785658578327,-0.3617010062146155,-0.3992135228508739,-1.5928447930772325,-1.4715573422924593,-0.08092269610911461,0.9303786107938421,1.326328232023312,1.1356699203748237,2
2.1535626493694147,1.4819116383035307,1.3411045905320902,0.07696640091298222,-1.380358283536859,0.4881179571989413,1.588921903164948,-1.423170847618947,1.7193333255375702,1.6536407257281789,1.2130187127371603,1.6371572632109699,0.8000506773925085,-0.46866111949812245,1.7398379663459627,-0.7302514038953956,0.19462763085949067,0.3352881377749934,1
1.1786120974729333,1.6440395684356233,1.1504609636658552,0.7553143411629959,0.019290024761808806,0.4881179571989413,1.3172716325865905,-1.294062536250864,1.332966286090925,1.8604784046999523,0.8980747689468052,1.2921055466838243,1.3522573244239873,0.03278699189904596,0.7283042649820308,0.15541793727219783,-0.2903869124964328,-0.1982997172915601,1
-0.5275513683459089,-0.7878793835457644,-1.5185498124614323,-0.9258088151087772,-0.44725941133774716,-0.3228128343136767,-1.3992310731969837,1.6754286252150485,-1.3716029900355902,-0.5526278499707387,-1.3380272319647164,-1.2024486662419345,-0.7645348225300145,-1.2208332865938751,0.12138404416367174,-0.9516687391872939,1.649671260927261,1.4024638479081004,3
-0.7712890063200293,0.34701612737888315,-0.056948673153631994,-0.5718881506305091,0.019290024761808806,0.08265256144263229,-0.644646988257102,0.5134538229023001,-0.5988689111423001,0.27472286591635536,-0.5506673724888286,-0.636790114558089,0.18648773624642107,-0.09257503595024615,-1.2947631377458328,-0.7302514038953956,-0.1287153980444583,0.3352881377749934,3
-0.16194491138472847,0.18488819724679068,-0.18404442439778854,0.2244333444455939,0.2525647428115868,-0.1200801364355222,-0.19189653729317288,-0.002979422570032448,-0.21250187169565504,0.06788518694458183,-0.1727346399404024,-0.2351725428625587,0.09445329507450795,-0.7193851751967066,-0.8901496572002601,-0.2874167333115989,0.35629914531146517,0.3352881377749934,1
-1.0150266442941496,-0.46362352328157935,-1.1372625587289626,-1.3977030344131345,-0.7971714884124141,-0.3228128343136767,-0.5842802614619114,0.6425621342703833,-0.5988689111423001,-0.13895249202719168,-0.6766449500049706,-0.6481032855917659,-0.08961558726931829,1.5371313260905513,-1.0924563974730463,-0.7302514038953956,-1.5837590281122287,-1.7990632824912207,0
-0.8931578253070894,0.18488819724679068,-0.755975304996493,-0.5718881506305091,0.3692021018364758,-0.1200801364355222,-0.5842802614619114,0.5134538229023001,-0.5988689111423001,-0.13895249202719168,-0.5821617668678641,-0.6028506014570583,0.30920032447563855,0.5342351032962144,-0.08092269610911461,-0.7302514038953956,-0.9370729703043308,-0.9986814998913903,0
0.934874459498813,1.8061674985677156,1.1504609636658552,-0.011513765206584784,-0.7971714884124141,0.4881179571989413,1.3776383593817811,-1.294062536250864,1.332966286090925,1.8604784046999523,0.9610635577048762,1.376954329436401,1.505648059710509,0.15814901974833806,-0.8901496572002601,-1.062377406833243,-0.6137299414003817,-0.46509364482483684,1
0.08179272658939184,-0.9500073136778568,0.4514343318229942,0.7553143411629959,0.019290024761808806,0.08265256144263229,0.10993709668277982,-0.3903043566742819,0.17386516775098998,-0.8973573149236945,0.07922051509188176,0.036343561945687136,-1.6542010871918413,-1.2208332865938751,-0.48553617665468735,1.1517959460857403,1.97301428983121,1.8026547392080157,1
-0.8931578253070894,-1.2742631739420418,-0.8195231806185713,-0.5423947619239868,0.1359273837866978,-0.1200801364355222,-0.9162972588354593,0.9007787570065496,-0.9852359505889451,-0.9663032079142857,-0.8026225275211127,-0.8687101207484657,-1.5621666460199282,-0.21793706379953826,-1.0924563974730463,-0.7302514038953956,0.03295611640751618,-0.06490275352492172,3
-0.4056825493588488,-0.6257514534136719,-0.6924274293744147,0.01797962349993755,0.7191141789111427,-0.3228128343136767,-0.5540968980643162,0.38434551153421703,-0.5988689111423001,-0.690519635951921,-0.4246897949726865,-0.574567673872866,-0.5497877931288838,-0.21793706379953826,-0.6878429169274737,0.5982526078559945,0.5179706597634397,0.20189117400835502,0
1.3004809164599933,0.6712719876430682,0.4514343318229942,-0.011513765206584784,-0.9138088474373032,-0.9310109279481402,1.3172716325865905,-1.294062536250864,1.332966286090925,0.34366875890694654,1.559457050906551,1.3826109149532395,0.7080162362205954,0.6595971311455064,-1.0924563974730463,1.1517959460857403,0.19462763085949067,-0.865284536124752,0
-0.5275513683459089,-1.4363911040741344,-0.6288795537523365,-0.8078352602826878,-0.6805341293875251,-0.3228128343136767,-0.9162972588354593,0.9007787570065496,-0.9852359505889451,-1.517870351839015,-0.8026225275211127,-0.8573969497147887,-1.3780977636761018,-0.09257503595024615,-1.0924563974730463,-1.2837947421251414,-0.2903869124964328,-0.46509364482483684,1
-0.4056825493588488,-0.9500073136778568,0.2607907049567594,0.01797962349993755,0.019290024761808806,-0.3228128343136767,-0.19189653729317288,-0.002979422570032448,-0.21250187169565504,-1.1731408868860593,0.17370369822898832,-0.28042522699726635,-0.8565692637019275,0.15814901974833806,-1.0924563974730463,1.0410872784397913,-0.6137299414003817,-0.5984906085914752,1
-1.1368954632812096,-0.13936766301739434,-0.31114017564194507,-0.5423947619239868,-0.3306220523128582,-0.7282782300699857,-0.4937301712691256,0.38434551153421703,-0.5988689111423001,-0.3457901709989652,-0.4246897949726865,-0.5293149897381584,0.06377514801720358,0.5342351032962144,0.3236907844364581,-1.1730860744791922,-0.9370729703043308,-1.1320784636580288,2
1.3004809164599933,1.9682954286998082,1.3411045905320902,1.4041688927064873,0.8357515379360317,0.4881179571989413,1.5285551763697576,-1.423170847618947,1.7193333255375702,1.9294242976905436,1.244513107116196,1.5296821383910393,1.3522573244239873,0.03278699189904596,-0.48553617665468735,-1.062377406833243,-0.4520584269484073,0.06849421024171665,1
-1.2587642822682699,-0.13936766301739434,-0.8830710562406496,-0.7193550941631208,-0.09734733426308019,-0.1200801364355222,-0.644646988257102,0.5134538229023001,-0.5988689111423001,-0.3457901709989652,-0.5821617668678641,-0.636790114558089,0.1558095891891167,0.15814901974833806,-1.0924563974730463,-1.2837947421251414,-0.6137299414003817,-0.5984906085914752,0
-1.0150266442941496,-0.9500073136778568,-1.5820976880835107,-1.2502360908805228,-0.6805341293875251,-0.5255455321918312,-1.640697980377746,2.191861870687381,-1.3716029900355902,-0.8973573149236945,-1.7159599645131427,-1.3721462317470883,-0.9179255578165363,-1.095471258744583,2.1444514468915354,-0.6195427362494464,1.326328232023312,0.8688759928415469,3
0.6911368215246926,1.6440395684356233,1.2140088392879336,1.1092350056412639,0.019290024761808806,0.8935833529552503,1.6191052665625434,-1.423170847618947,1.7193333255375702,2.205207869652908,1.1500299239790894,1.6088743356267776,1.168188442080161,-0.21793706379953826,-0.8901496572002601,-1.062377406833243,-0.4520584269484073,0.06849421024171665,1
-0.6494201873329691,-0.13936766301739434,0.19724282933468112,-0.8668220376957325,-0.6805341293875251,0.4881179571989413,-0.34281335428114923,0.2552372001661339,-0.21250187169565504,0.4815605448881289,-0.393195400593651,-0.4218398649182277,0.0024188539025948304,0.40887307544692225,-0.28322943638190096,0.37683527256409616,-0.7754014558523563,-0.06490275352492172,3
0.8130056405117527,0.8333999177751606,-0.056948673153631994,0.843794507282563,0.6024768198862538,-0.5255455321918312,0.5325041842491136,-0.9067376021466146,0.560232207197635,0.6883982238599023,0.5516364307774145,0.5284665019106327,0.7080162362205954,0.15814901974833806,-0.08092269610911461,-1.2837947421251414,1.326328232023312,0.3352881377749934,0
-1.5025019202423902,-0.13936766301739434,-0.6288795537523365,-0.8668220376957325,-0.21398469328796918,-0.5255455321918312,-0.4635468078715303,0.38434551153421703,-0.5988689111423001,-0.13895249202719168,-0.2672178230775089,-0.512345233187643,0.09445329507450795,1.0356832146933828,-1.0924563974730463,0.266126604918147,-1.0987444847563053,-1.2654754274246671,0
-0.8931578253070894,-0.6257514534136719,-1.010166807484806,-1.0437823699348665,-0.6805341293875251,-0.5255455321918312,-0.9766639856306499,1.0298870683746328,-0.9852359505889451,-0.8284114219331034,-1.0545776825533968,-0.9252759759168503,-0.396397057842362,0.15814901974833806,-0.28322943638190096,0.15541793727219783,-0.9370729703043308,-0.865284536124752,2
-0.04007609239766831,-0.6257514534136719,-0.18404442439778854,-0.2769542635652858,0.1359273837866978,-0.1200801364355222,-0.7351970784498878,0.6425621342703833,-0.5988689111423001,0.13683107993517302,-0.7396337387630417,-0.7272954828275043,-1.2553851754468843,-0.7193851751967066,-0.48553617665468735,-0.39812540095754806,1.0029852031193631,1.0022729566081854,3
1.6660873734211739,1.4819116383035307,1.0233652124216988,1.2272085604673533,0.48583946086136476,0.4881179571989413,1.4983718129721622,-1.294062536250864,1.332966286090925,1.4468030467564053,1.0240523464629472,1.5070557963236855,1.260222883252074,-0.21793706379953826,1.5375312260731762,-1.3945034097710907,-0.1287153980444583,0.20189117400835502,2
0.08179272658939184,-1.598519034206227,-1.010166807484806,-0.6308749280435538,0.019290024761808806,0.08265256144263229,-1.1275808026186263,1.158995379742716,-0.9852359505889451,-1.448924458848424,-0.9286001050372548,-1.0157813441862655,-1.8382699695356675,-0.8447472030459988,0.3236907844364581,-0.6195427362494464,1.1646567175713376,0.7354790290749086,3
1.4223497354470536,1.4819116383035307,1.531748217398325,1.374675503999965,0.7191141789111427,0.2853852593207868,1.1965381789962095,-1.1649542248827809,1.332966286090925,1.2399653677846318,0.8980747689468052,1.1450343232460243,1.3215791773666827,-0.46866111949812245,1.5375312260731762,1.1517959460857403,0.03295611640751618,0.4686851015416318,2
-0.8931578253070894,-0.6257514534136719,-1.1372625587289626,-0.6013815393370315,-0.09734733426308019,-0.7282782300699857,-0.5540968980643162,0.5134538229023001,-0.5988689111423001,-0.690519635951921,-0.7396337387630417,-0.5915374304233814,-0.058937440212013914,0.9103211868440907,-0.28322943638190096,-0.5088340686034972,-1.0987444847563053,-1.3988723911913055,2
-1.0150266442941496,-1.598519034206227,-2.2175764443042936,-1.7221303101848802,-0.7971714884124141,-1.1337436258262947,-1.5501478901849601,2.0627535593192983,-1.3716029900355902,-1.7936539238013798,-1.6529711757550716,-1.3268935476123807,-1.1019944401603625,2.0385794374877197,-0.28322943638190096,-0.39812540095754806,-1.4220875136602542,-1.5322693549579438,3
-1.0150266442941496,-1.922774894470412,-2.6624115736588414,-1.5746633666522685,-0.5638967703626362,-1.1337436258262947,-1.7010647071729363,2.5791868047916306,-1.3716029900355902,-2.0004916027731534,-1.8419375420292847,-1.4343686724323113,-1.470132204848015,1.6624933539398432,1.1329177455276036,0.9303786107938421,-1.2604159992082797,-1.6656663187245822,2
-1.5025019202423902,-0.13936766301739434,-0.8830710562406496,-1.427196423119657,-1.0304462064621922,-0.5255455321918312,-0.5239135346667209,0.5134538229023001,-0.5988689111423001,-0.0700065990366005,-0.5821617668678641,-0.5915374304233814,0.09445329507450795,1.6624933539398432,-0.48553617665468735,-0.8409600715413448,-1.5837590281122287,-1.6656663187245822,0
0.8130056405117527,1.1576557780393457,1.4046524661541684,0.6078473976303843,-0.3306220523128582,0.2853852593207868,1.1965381789962095,-1.1649542248827809,1.332966286090925,1.0331276888128582,0.9925579520839117,1.1563474942797012,0.677338089163291,-0.3432990916488304,-1.0924563974730463,1.0410872784397913,-0.2903869124964328,0.3352881377749934,2
-0.04007609239766831,-0.46362352328157935,-1.1372625587289626,-0.30644765227180815,0.7191141789111427,0.08265256144263229,-1.0370307124258404,1.0298870683746328,-0.9852359505889451,-0.41473606398955637,-0.8026225275211127,-0.959215489017881,-0.15097188138392703,-0.21793706379953826,0.12138404416367174,0.044709269626248646,0.5179706597634397,0.7354790290749086,3
-0.4056825493588488,0.5091440575109757,-0.24759230001986682,-1.0142889812283442,-0.6805341293875251,0.4881179571989413,-0.2522632640883634,0.2552372001661339,-0.21250187169565504,1.308911260775223,-0.6136561612468996,-0.40487010836771237,0.30920032447563855,0.40887307544692225,-1.0924563974730463,0.15541793727219783,-1.0987444847563053,-0.46509364482483684,3
0.32553036456351214,-1.2742631739420418,-0.5017838025081799,0.9027812846956076,1.4189383330604768,-0.7282782300699857,-0.10134644710038708,-0.2611960453061988,-0.21250187169565504,-1.3799785658578327,-0.015262668045224794,-0.10507107597527424,-1.1940288813322757,-0.09257503595024615,-1.0924563974730463,-1.062377406833243,1.1646567175713376,0.6020820653082701,0
-1.0150266442941496,0.02276026711469817,-1.0737146831068844,-1.1912493134674782,-0.6805341293875251,-0.1200801364355222,-0.5239135346667209,0.5134538229023001,-0.5988689111423001,-0.20789838501778285,-0.5821617668678641,-0.5971940159402198,0.3398784715329429,1.0356832146933828,-1.0924563974730463,-0.2874167333115989,-1.5837590281122287,-1.5322693549579438,0
0.8130056405117527,1.6440395684356233,1.2140088392879336,0.6078473976303843,-0.5638967703626362,0.2853852593207868,1.6191052665625434,-1.423170847618947,1.7193333255375702,1.9983701906811346,1.1500299239790894,1.6597836052783237,1.1068321479655523,-0.21793706379953826,0.12138404416367174,0.4875439402100453,-0.1287153980444583,0.20189117400835502,1
-1.7462395582165104,0.34701612737888315,-0.5017838025081799,-0.8078352602826878,-0.09734733426308019,-0.3228128343136767,-0.4635468078715303,0.2552372001661339,-0.5988689111423001,0.06788518694458183,-0.4246897949726865,-0.5010320621539661,0.7386943832778997,0.5342351032962144,-0.08092269610911461,-0.2874167333115989,-0.9370729703043308,-0.865284536124752,0
-0.5275513683459089,-1.4363911040741344,-0.31114017564194507,0.10645978961950456,0.019290024761808806,-0.1200801364355222,-0.34281335428114923,0.1261288887980507,-0.5988689111423001,-1.5868162448296064,-0.456184189351722,-0.3992135228508739,-1.5008103519053193,-1.2208332865938751,-0.28322943638190096,1.0410872784397913,1.4879997464752865,1.269066884141462,1
-0.04007609239766831,0.02276026711469817,-0.5653316781302582,-0.12948732003267413,-0.3306220523128582,-0.3228128343136767,-0.2824466274859587,0.1261288887980507,-0.21250187169565504,-0.13895249202719168,-0.2042290343194379,-0.3313344966488124,0.40123476564755167,-0.9701092308952909,0.9306110052548172,0.266126604918147,1.0029852031193631,0.7354790290749086,1
-1.0150266442941496,-0.46362352328157935,-1.455001936839354,-1.0732757586413888,-0.44725941133774716,-0.3228128343136767,-0.5842802614619114,0.6425621342703833,-0.5988689111423001,-0.276844278008374,-0.7081393443840062,-0.6650730421422812,-0.08961558726931829,1.286407270391967,0.3236907844364581,-0.9516687391872939,-1.5837590281122287,-1.7990632824912207,0
0.934874459498813,1.6440395684356233,1.6588439686424814,1.7580895571847555,0.8357515379360317,0.6908506550770958,1.4078217227793763,-1.294062536250864,1.332966286090925,1.3778571537658142,1.2760075014952315,1.3939240859869164,1.1988665891374652,-0.21793706379953826,-0.8901496572002601,0.37683527256409616,-0.1287153980444583,0.4686851015416318,2
-1.0150266442941496,0.34701612737888315,-0.43823592688610163,-1.3977030344131345,-1.0304462064621922,0.08265256144263229,-0.34281335428114923,0.38434551153421703,-0.21250187169565504,1.1710194747940406,-0.6451505556259352,-0.45012279250242,0.0330970009598992,0.5342351032962144,-1.0924563974730463,-0.6195427362494464,-1.0987444847563053,-0.5984906085914752,3
-0.04007609239766831,-0.6257514534136719,-0.43823592688610163,-1.3092228682935676,-1.26372092451197,-0.3228128343136767,-0.8559305320402688,1.0298870683746328,-0.9852359505889451,-0.48368195698014754,-0.7711281331420772,-0.8687101207484657,-0.7952129695873188,0.5342351032962144,-0.28322943638190096,0.266126604918147,-0.7754014558523563,-1.3988723911913055,3
0.203661545576452,-1.4363911040741344,-0.5653316781302582,0.6668341750434289,1.3023009740355878,-0.5255455321918312,-0.3729967176787445,-0.002979422570032448,-0.5988689111423001,-1.517870351839015,-0.14124024556136686,-0.35961742423300475,-1.5621666460199282,-0.21793706379953826,-0.8901496572002601,0.7089612755019437,1.649671260927261,1.1356699203748237,0
-0.28381373037178864,-0.9500073136778568,0.07014707809052456,0.2244333444455939,-0.3306220523128582,-0.3228128343136767,0.019387006489994005,-0.2611960453061988,-0.21250187169565504,-1.104194993895468,0.04772612071284624,-0.06547497735740505,-1.0099599989884493,-0.7193851751967066,-1.2947631377458328,1.2625046137316895,0.5179706597634397,0.4686851015416318,2
1.1786120974729333,1.6440395684356233,1.3411045905320902,1.2567019491738756,0.3692021018364758,0.4881179571989413,1.3172716325865905,-1.294062536250864,1.332966286090925,1.1710194747940406,1.2760075014952315,1.3317016453016934,2.2726017361431183,-0.09257503595024615,-0.28322943638190096,0.37683527256409616,-0.1287153980444583,0.06849421024171665,1
-1.0150266442941496,-1.7606469643383194,-1.8362891905718237,-1.2207427021740005,-0.44725941133774716,-0.5255455321918312,-1.5803312535825553,2.191861870687381,-1.3716029900355902,-1.862599816791971,-1.6214767813760362,-1.3608330607134114,-1.470132204848015,-0.3432990916488304,-0.6878429169274737,0.8196699431478929,-0.6137299414003817,-0.865284536124752,2
0.203661545576452,-1.1121352438099494,-1.010166807484806,-1.2502360908805228,-1.147083565487081,-0.1200801364355222,-1.0672140758234356,1.4172120024788823,-0.9852359505889451,-0.5526278499707387,-0.9600944994162903,-1.0440642717704578,-1.0713162931030582,0.6595971311455064,0.9306110052548172,-0.5088340686034972,-0.7754014558523563,-1.6656663187245822,3
1.3004809164599933,2.1304233588319006,1.3411045905320902,1.8170763345978,0.8357515379360317,0.4881179571989413,1.5285551763697576,-1.423170847618947,1.7193333255375702,1.9294242976905436,1.3389962902533024,1.574934822525747,2.180567294971205,-0.21793706379953826,0.12138404416367174,-0.9516687391872939,-0.2903869124964328,0.06849421024171665,1
-1.1368954632812096,-0.13936766301739434,-0.12049654877571027,-0.8373286489892102,-0.44725941133774716,0.4881179571989413,-0.3729967176787445,0.38434551153421703,-0.21250187169565504,0.6194523308693112,-0.7081393443840062,-0.5010320621539661,0.0330970009598992,0.15814901974833806,-0.28322943638190096,0.4875439402100453,-0.9370729703043308,-0.3316966810581985,3
0.08179272658939184,-0.3014955931494868,-0.8830710562406496,0.047473012206459886,0.6024768198862538,-0.5255455321918312,-0.7955638052450783,0.6425621342703833,-0.9852359505889451,-0.41473606398955637,-0.7711281331420772,-0.7216388973106659,0.06377514801720358,-0.9701092308952909,0.7283042649820308,-0.5088340686034972,1.4879997464752865,1.0022729566081854,0
-0.04007609239766831,0.34701612737888315,0.19724282933468112,-0.21796748615224112,0.3692021018364758,0.6908506550770958,-0.4031800810763398,0.2552372001661339,-0.5988689111423001,0.6194523308693112,-0.29871221745654447,-0.4727491345697738,0.09445329507450795,0.40887307544692225,-0.8901496572002601,-0.39812540095754806,-0.7754014558523563,0.06849421024171665,3
2.2754314683564747,0.8333999177751606,1.785939719886638,0.5193672315108172,-0.6805341293875251,0.4881179571989413,1.3776383593817811,-1.294062536250864,1.332966286090925,0.7573441168504935,1.370490684632338,1.3486714018522088,0.8614069715071172,-0.21793706379953826,2.3467581871643217,1.594630616669537,0.35629914531146517,0.8688759928415469,2
-0.28381373037178864,-1.4363911040741344,-0.31114017564194507,-0.3359410409783305,-0.6805341293875251,-0.3228128343136767,-0.4031800810763398,0.1261288887980507,-0.5988689111423001,-1.517870351839015,-0.3617010062146155,-0.43315303595190463,-1.5928447930772325,-0.9701092308952909,0.3236907844364581,0.266126604918147,1.0029852031193631,0.7354790290749086,2
-0.16194491138472847,-0.3014955931494868,-0.8195231806185713,-0.30644765227180815,-0.6805341293875251,-0.3228128343136767,-0.5842802614619114,0.38434551153421703,-0.5988689111423001,-0.3457901709989652,-0.5821617668678641,-0.5915374304233814,-0.21232817549853578,-1.2208332865938751,1.5375312260731762,0.5982526078559945,1.4879997464752865,1.0022729566081854,1
0.6911368215246926,0.5091440575109757,1.4046524661541684,0.8143011185760406,0.1359273837866978,0.2853852593207868,0.9852546352130427,-1.0358459135146978,0.9465992466442801,0.27472286591635536,1.0240523464629472,0.94139724463984,0.7386943832778997,0.03278699189904596,0.3236907844364581,-0.9516687391872939,-0.1287153980444583,0.20189117400835502,2
0.5692680025376324,2.1304233588319006,1.2140088392879336,1.1682217830543087,0.3692021018364758,0.6908506550770958,1.7398387201529244,-1.423170847618947,1.7193333255375702,2.3430996556340906,1.1500299239790894,1.7559455590645776,1.260222883252074,-0.21793706379953826,-0.08092269610911461,-1.2837947421251414,-0.6137299414003817,0.06849421024171665,1
-1.2587642822682699,-1.2742631739420418,-1.7727413149497455,-1.4861832005327016,-0.7971714884124141,-0.9310109279481402,-1.1879475294138169,1.4172120024788823,-0.9852359505889451,-1.448924458848424,-1.3380272319647164,-1.0893169559051654,-1.0713162931030582,1.0356832146933828,-0.48553617665468735,0.044709269626248646,-1.4220875136602542,-1.5322693549579438,2
-0.28381373037178864,-0.9500073136778568,0.38788645620091594,0.6078473976303843,0.1359273837866978,0.08265256144263229,0.20048718687556563,-0.3903043566742819,0.17386516775098998,-1.104194993895468,0.26818688136609486,0.10987917366458705,-0.5804659401861882,-0.46866111949812245,-1.2947631377458328,1.1517959460857403,0.35629914531146517,0.3352881377749934,2
-0.5275513683459089,-0.7878793835457644,-1.3914540612172759,-1.102769147347911,-0.6805341293875251,-0.5255455321918312,-1.5199645267873647,1.933645247951215,-1.3716029900355902,-0.7594655289425122,-1.432510415101823,-1.2929540345113497,-0.6725003813581013,-0.9701092308952909,0.7283042649820308,-0.5088340686034972,0.6796421742154142,0.4686851015416318,3
-0.5275513683459089,-1.598519034206227,-0.755975304996493,-0.8963154264022548,-0.44725941133774716,-0.3228128343136767,-1.2784976196066027,1.5463203138469654,-1.3716029900355902,-1.3799785658578327,-1.306532837585681,-1.134569640039873,-1.9303044107075806,-1.095471258744583,-0.48553617665468735,0.7089612755019437,1.649671260927261,1.5358608116747388,3
1.1786120974729333,0.6712719876430682,1.1504609636658552,0.7553143411629959,-0.21398469328796918,0.2853852593207868,0.5023208208515183,-0.7776292907785314,0.560232207197635,0.8262900098410847,0.42565885326127245,0.45493089019173283,0.09445329507450795,-1.346195314443167,1.3352244858003899,-0.5088340686034972,1.4879997464752865,1.669257775441377,2
-1.6243707392294504,0.02276026711469817,-0.6924274293744147,-1.1912493134674782,-0.6805341293875251,-0.3228128343136767,-0.5239135346667209,0.5134538229023001,-0.5988689111423001,-0.0700065990366005,-0.5506673724888286,-0.5689110883560276,0.0330970009598992,0.7849591589947986,-0.6878429169274737,0.37683527256409616,-1.2604159992082797,-1.1320784636580288,0
-0.8931578253070894,-0.46362352328157935,-1.0737146831068844,-1.5451699779457462,-1.0304462064621922,-0.5255455321918312,-0.4937301712691256,0.5134538229023001,-0.5988689111423001,-0.48368195698014754,-0.4246897949726865,-0.5802242593897045,-0.08961558726931829,1.5371313260905513,-0.28322943638190096,-0.9516687391872939,-1.5837590281122287,-1.6656663187245822,0
0.8130056405117527,0.18488819724679068,-0.056948673153631994,0.5488606202173396,-0.09734733426308019,0.08265256144263229,-0.07116308370279181,-0.1320877339381156,-0.21250187169565504,0.4126146518975377,0.016231726333810724,-0.12769741804262805,0.0024188539025948304,-1.2208332865938751,1.3352244858003899,-0.39812540095754806,1.4879997464752865,1.5358608116747388,2
-0.8931578253070894,-0.9500073136778568,-1.3914540612172759,-0.8373286489892102,-0.21398469328796918,-0.3228128343136767,-1.4897811633897695,1.8045369365831319,-1.3716029900355902,-0.9663032079142857,-1.5269935982389296,-1.2759842779608344,-1.0406381460457539,-1.4715573422924593,0.12138404416367174,-0.5088340686034972,1.8113427753792355,1.5358608116747388,3
-1.2587642822682699,-1.2742631739420418,-1.2643583099731193,-1.6336501440653133,-1.0304462064621922,-0.5255455321918312,-1.3992310731969837,1.8045369365831319,-1.3716029900355902,-1.3110326728672417,-1.432510415101823,-1.2420447648598036,-1.22470702838958,0.7849591589947986,-1.2947631377458328,-0.6195427362494464,-1.2604159992082797,-1.3988723911913055,3
-1.3806331012553301,0.02276026711469817,-0.8830710562406496,-0.5423947619239868,0.8357515379360317,-0.7282782300699857,-0.6144636248595067,0.5134538229023001,-0.5988689111423001,-0.276844278008374,-0.6136561612468996,-0.6537598711086043,0.2785221774183342,0.9103211868440907,-0.28322943638190096,-1.3945034097710907,-1.2604159992082797,-1.5322693549579438,0
-0.04007609239766831,0.34701612737888315,0.38788645620091594,0.93227467340213,0.48583946086136476,-0.3228128343136767,0.1401204600803751,-0.3903043566742819,0.17386516775098998,0.2057769729257642,0.26818688136609486,0.08159624608039479,0.922763265621726,-0.8447472030459988,-1.2947631377458328,-1.062377406833243,1.0029852031193631,0.8688759928415469,2
-0.28381373037178864,-0.3014955931494868,0.38788645620091594,-0.3359410409783305,-0.09734733426308019,0.08265256144263229,-0.5842802614619114,0.5134538229023001,-0.5988689111423001,0.6194523308693112,-0.7396337387630417,-0.6311335290412505,-1.0713162931030582,-1.095471258744583,-1.0924563974730463,1.483921949023588,1.326328232023312,1.5358608116747388,3
0.32553036456351214,0.02276026711469817,-0.12049654877571027,-0.1884740974457188,0.1359273837866978,0.08265256144263229,-0.6748303516546972,0.6425621342703833,-0.5988689111423001,-0.0010607060460093361,-0.8656113162791838,-0.6876993842096352,-0.4270752048996664,-1.095471258744583,-0.28322943638190096,-0.2874167333115989,1.649671260927261,1.5358608116747388,3
1.6660873734211739,1.9682954286998082,1.531748217398325,0.3129135105651609,-1.26372092451197,-0.1200801364355222,2.675522985478378,-1.93960409309128,2.8784344438775054,1.6536407257281789,2.724749642930865,2.921202175533299,1.751073236168944,1.286407270391967,-0.8901496572002601,0.8196699431478929,-1.2604159992082797,-1.5322693549579438,0
-0.7712890063200293,-0.13936766301739434,-0.755975304996493,0.3129135105651609,1.5355756920853656,-0.5255455321918312,-0.6748303516546972,0.5134538229023001,-0.5988689111423001,-0.48368195698014754,-0.6766449500049706,-0.6311335290412505,0.09445329507450795,-0.46866111949812245,-0.08092269610911461,-1.2837947421251414,0.8413136886673886,0.7354790290749086,0
-1.2587642822682699,0.18488819724679068,-0.5653316781302582,-0.9258088151087772,-0.3306220523128582,-0.5255455321918312,-0.6144636248595067,0.5134538229023001,-0.5988689111423001,-0.13895249202719168,-0.6766449500049706,-0.6254769435244121,0.2478440303610298,0.2835110475976302,0.3236907844364581,-1.3945034097710907,-0.6137299414003817,-0.5984906085914752,0
-0.8931578253070894,-0.6257514534136719,-1.010166807484806,-1.161755924760956,-0.7971714884124141,-0.3228128343136767,-1.0068473490282452,1.158995379742716,-0.9852359505889451,-0.8284114219331034,-1.0860720769324324,-0.9705286600515579,-0.3043626166704489,0.15814901974833806,-0.6878429169274737,-0.9516687391872939,-1.4220875136602542,-1.1320784636580288,1
1.9098250113952941,1.4819116383035307,1.7223918442645598,1.6696093910651884,0.7191141789111427,0.4881179571989413,1.3776383593817811,-1.294062536250864,1.332966286090925,1.4468030467564053,1.1815243183581248,1.3430148163353703,1.1375102950228566,-0.5940231473474146,0.9306110052548172,2.148173954899283,0.03295611640751618,0.8688759928415469,2
0.08179272658939184,-1.2742631739420418,-0.5653316781302582,0.5193672315108172,1.0690262559858097,-0.3228128343136767,-0.43336344447393504,0.1261288887980507,-0.5988689111423001,-1.448924458848424,-0.5506673724888286,-0.4274964504350662,-1.3167414695614932,-0.7193851751967066,-0.8901496572002601,-0.5088340686034972,1.326328232023312,1.4024638479081004,0
0.8130056405117527,-0.13936766301739434,0.7056258343113073,0.7258209524564736,0.019290024761808806,-0.1200801364355222,0.5325041842491136,-0.7776292907785314,0.560232207197635,-0.0700065990366005,0.42565885326127245,0.4719006467422482,-0.73385667547271,-0.8447472030459988,-1.2947631377458328,-1.1730860744791922,0.6796421742154142,0.3352881377749934,1
-1.3806331012553301,-0.3014955931494868,-0.5653316781302582,-0.4244212070978975,0.3692021018364758,-0.3228128343136767,-0.5239135346667209,0.38434551153421703,-0.5988689111423001,-0.3457901709989652,-0.33020661183558,-0.5462847462886737,-0.45775335195697076,0.40887307544692225,-0.28322943638190096,-0.1767080656656497,-0.6137299414003817,-0.865284536124752,0
-0.8931578253070894,0.18488819724679068,-0.5653316781302582,-1.2797294795870453,-0.5638967703626362,-0.5255455321918312,-0.5239135346667209,0.5134538229023001,-0.5988689111423001,-0.0700065990366005,-0.5821617668678641,-0.5858808449065429,0.40123476564755167,1.161045242542675,0.5259975247092444,-0.1767080656656497,-1.4220875136602542,-1.5322693549579438,0
2.7629067443047153,1.3197837081714383,1.785939719886638,1.8465697233043223,0.6024768198862538,0.6908506550770958,1.468188449574567,-1.294062536250864,1.332966286090925,1.1710194747940406,1.3389962902533024,1.439176770121624,1.4442917655959002,-0.7193851751967066,1.942144706618749,1.7053392843154862,0.5179706597634397,1.4024638479081004,2
-0.5275513683459089,0.18488819724679068,-0.31114017564194507,-1.2797294795870453,-1.147083565487081,0.2853852593207868,-0.3729967176787445,0.38434551153421703,-0.21250187169565504,0.8262900098410847,-0.5506673724888286,-0.4897188911202892,0.06377514801720358,0.6595971311455064,0.12138404416367174,0.4875439402100453,-0.9370729703043308,-0.5984906085914752,3
-0.5275513683459089,0.5091440575109757,0.19724282933468112,0.6078473976303843,0.2525647428115868,-0.1200801364355222,0.019387006489994005,-0.2611960453061988,-0.21250187169565504,0.34366875890694654,-0.015262668045224794,-0.0598183918405666,0.4625910597621604,-1.095471258744583,1.942144706618749,-0.8409600715413448,1.0029852031193631,0.7354790290749086,2
-1.2587642822682699,-0.6257514534136719,-0.755975304996493,-0.39492781839137514,0.3692021018364758,-0.3228128343136767,-0.7351970784498878,0.6425621342703833,-0.5988689111423001,-0.48368195698014754,-0.6451505556259352,-0.7272954828275043,-0.8565692637019275,-0.21793706379953826,-0.48553617665468735,-0.06599939801970053,-0.1287153980444583,-0.06490275352492172,0
-0.6494201873329691,-0.3014955931494868,0.13369495371260284,-0.9553022038152995,-0.7971714884124141,0.4881179571989413,-0.43336344447393504,0.38434551153421703,-0.5988689111423001,0.13683107993517302,-0.456184189351722,-0.49537547663712767,-0.33504076372775327,0.03278699189904596,-0.08092269610911461,-1.1730860744791922,-0.6137299414003817,0.06849421024171665,3
0.32553036456351214,0.34701612737888315,1.3411045905320902,1.374675503999965,0.8357515379360317,0.2853852593207868,0.9550712718154474,-1.0358459135146978,0.9465992466442801,-0.0700065990366005,0.9925579520839117,0.9074577315388093,0.7693725303352041,0.03278699189904596,-0.08092269610911461,-0.7302514038953956,-0.2903869124964328,-0.1982997172915601,1
-0.6494201873329691,-1.2742631739420418,-1.5820976880835107,-1.0732757586413888,0.019290024761808806,-0.5255455321918312,-1.0068473490282452,1.158995379742716,-0.9852359505889451,-1.5868162448296064,-1.1805552600695388,-0.9761852455683964,-0.9486037048738407,1.286407270391967,1.942144706618749,0.37683527256409616,-1.4220875136602542,-1.5322693549579438,2
0.5692680025376324,-1.1121352438099494,-1.010166807484806,-1.1322625360544336,-0.7971714884124141,-0.3228128343136767,-1.1577641660162215,1.288103691110799,-0.9852359505889451,-0.690519635951921,-0.8971057106582193,-1.0553774428041347,-1.5928447930772325,-0.46866111949812245,-0.6878429169274737,-0.06599939801970053,0.35629914531146517,-0.1982997172915601,3
-0.5275513683459089,0.02276026711469817,-0.056948673153631994,2.2889705539021574,4.684784385757369,6.975564289299885,-0.4031800810763398,0.38434551153421703,-0.21250187169565504,0.8262900098410847,0.3626700645032014,-0.512345233187643,0.06377514801720358,2.163941465337012,0.5259975247092444,0.4875439402100453,-0.9370729703043308,-0.46509364482483684,3
-0.7712890063200293,-0.46362352328157935,-0.3746880512640234,-0.2769542635652858,0.3692021018364758,-0.7282782300699857,-0.4031800810763398,0.1261288887980507,-0.5988689111423001,-0.690519635951921,-0.14124024556136686,-0.4274964504350662,-0.5497877931288838,0.40887307544692225,-0.08092269610911461,-0.06599939801970053,0.03295611640751618,-0.3316966810581985,0
-0.04007609239766831,-1.4363911040741344,-1.200810434351041,-0.8668220376957325,-0.5638967703626362,-0.1200801364355222,-1.097397439221031,1.158995379742716,-0.9852359505889451,-0.8284114219331034,-0.9600944994162903,-1.0044681731525886,-1.6542010871918413,-0.7193851751967066,-0.6878429169274737,1.594630616669537,0.6796421742154142,0.7354790290749086,3
1.9098250113952941,1.6440395684356233,1.2775567149100118,0.01797962349993755,-1.26372092451197,-0.5255455321918312,2.1925891711168535,-1.8104957817231966,2.105700364984215,1.1710194747940406,2.40980569914051,2.446048992118869,2.2112454420285097,1.411769298241259,0.7283042649820308,-0.1767080656656497,-0.7754014558523563,-1.6656663187245822,0
-0.4056825493588488,-1.1121352438099494,-0.43823592688610163,-0.12948732003267413,0.2525647428115868,-0.3228128343136767,-0.5239135346667209,0.2552372001661339,-0.5988689111423001,-1.1731408868860593,-0.6451505556259352,-0.5236584042213199,-1.1019944401603625,-0.8447472030459988,-1.2947631377458328,-1.3945034097710907,1.0029852031193631,1.1356699203748237,0
0.5692680025376324,1.1576557780393457,0.2607907049567594,1.1387283943477864,0.8357515379360317,-0.7282782300699857,0.7136043646346852,-1.0358459135146978,0.560232207197635,0.8952359028316759,0.7406027970516276,0.7490733370673325,1.413613618538596,0.2835110475976302,-0.48553617665468735,-0.7302514038953956,0.8413136886673886,-0.06490275352492172,0
-1.3806331012553301,-1.2742631739420418,-1.010166807484806,-1.2502360908805228,-0.9138088474373032,-0.3228128343136767,-1.097397439221031,1.4172120024788823,-0.9852359505889451,-1.448924458848424,-1.2750384432066455,-1.0497208572872962,-1.0099599989884493,-0.09257503595024615,2.1444514468915354,-0.6195427362494464,-0.9370729703043308,-1.1320784636580288,2
-0.28381373037178864,-0.7878793835457644,1.0233652124216988,0.6963275637499513,0.2525647428115868,0.08265256144263229,0.26085391367075617,-0.3903043566742819,0.17386516775098998,-0.8973573149236945,0.17370369822898832,0.1551318577992947,-0.3043626166704489,-0.8447472030459988,0.5259975247092444,2.4802999578371305,1.0029852031193631,1.269066884141462,2
0.5692680025376324,-0.7878793835457644,-0.31114017564194507,0.07696640091298222,-0.09734733426308019,-0.5255455321918312,0.10993709668277982,-0.5194126680423651,0.17386516775098998,-0.6215737429613298,0.26818688136609486,0.10987917366458705,-1.0406381460457539,-0.09257503595024615,-0.48553617665468735,0.4875439402100453,1.649671260927261,0.7354790290749086,0
1.5442185544341136,1.3197837081714383,1.0233652124216988,0.7258209524564736,-0.21398469328796918,0.2853852593207868,1.4078217227793763,-1.294062536250864,1.332966286090925,1.4468030467564053,1.1185355296000539,1.376954329436401,1.3215791773666827,0.03278699189904596,0.3236907844364581,0.9303786107938421,-0.1287153980444583,0.20189117400835502,2
-0.04007609239766831,-0.3014955931494868,-0.24759230001986682,-0.07050054261962946,-0.3306220523128582,-0.3228128343136767,-0.5239135346667209,0.38434551153421703,-0.5988689111423001,-0.48368195698014754,-0.2042290343194379,-0.5406281607718353,-0.02825929315470954,-0.5940231473474146,1.7398379663459627,-1.1730860744791922,0.6796421742154142,0.20189117400835502,1
0.08179272658939184,-1.2742631739420418,-0.6288795537523365,0.7258209524564736,1.1856636150106987,-0.5255455321918312,-0.312629990883554,-0.002979422570032448,-0.5988689111423001,-1.035249100904877,-0.14124024556136686,-0.2973949835477817,-1.470132204848015,-0.3432990916488304,-1.2947631377458328,0.15541793727219783,1.8113427753792355,1.1356699203748237,0
-0.5275513683459089,-1.4363911040741344,-0.8830710562406496,-0.5718881506305091,-0.21398469328796918,-0.1200801364355222,-1.0672140758234356,1.158995379742716,-0.9852359505889451,-0.9663032079142857,-1.117566471311468,-0.9761852455683964,-1.71555738130645,-1.346195314443167,-0.08092269610911461,0.5982526078559945,1.97301428983121,1.8026547392080157,3
-1.0150266442941496,0.02276026711469817,-0.755975304996493,-1.1322625360544336,-0.44725941133774716,-0.1200801364355222,-0.5239135346667209,0.5134538229023001,-0.5988689111423001,-0.13895249202719168,-0.5506673724888286,-0.5858808449065429,0.3705566185902473,0.7849591589947986,-0.8901496572002601,-0.8409600715413448,-1.2604159992082797,-1.2654754274246671,0
-0.8931578253070894,0.02276026711469817,-0.5653316781302582,-0.48340798451094213,0.1359273837866978,-0.5255455321918312,-0.5842802614619114,0.38434551153421703,-0.5988689111423001,-0.20789838501778285,-0.5821617668678641,-0.5802242593897045,0.0330970009598992,-0.21793706379953826,-0.08092269610911461,-1.2837947421251414,0.03295611640751618,0.06849421024171665,0
1.5442185544341136,0.5091440575109757,1.5952960930204032,0.9912614508151746,-0.09734733426308019,0.2853852593207868,1.1663548155986143,-1.1649542248827809,1.332966286090925,0.34366875890694654,1.2130187127371603,1.116751395661832,0.7693725303352041,-0.3432990916488304,-0.28322943638190096,1.7053392843154862,0.19462763085949067,1.0022729566081854,2
1.6660873734211739,1.1576557780393457,1.3411045905320902,0.5193672315108172,-0.5638967703626362,0.4881179571989413,1.3776383593817811,-1.294062536250864,1.332966286090925,0.964181795822267,0.8980747689468052,1.3486714018522088,0.43191291270485604,-0.8447472030459988,-0.08092269610911461,-0.8409600715413448,0.03295611640751618,0.3352881377749934,1
1.9098250113952941,0.9955278479072532,1.1504609636658552,0.843794507282563,-0.3306220523128582,0.2853852593207868,0.7136043646346852,-0.9067376021466146,0.560232207197635,0.8952359028316759,0.6776140082935566,0.6529113832810788,0.6159817950486822,-1.095471258744583,1.5375312260731762,-1.062377406833243,1.1646567175713376,0.8688759928415469,1
1.9098250113952941,0.5091440575109757,1.5952960930204032,1.374675503999965,0.019290024761808806,0.2853852593207868,1.1059880888034237,-1.1649542248827809,0.9465992466442801,0.6883982238599023,1.0555467408419827,1.054528954976609,-0.21232817549853578,-0.9701092308952909,0.5259975247092444,2.148173954899283,1.0029852031193631,1.4024638479081004,1
-0.4056825493588488,0.8333999177751606,0.5149822074450725,0.5783540089238619,-0.09734733426308019,0.2853852593207868,0.38158736726113723,-0.6485209794104483,0.17386516775098998,0.6883982238599023,0.7091084026725921,0.307859666753933,1.3829354714812916,-0.46866111949812245,-0.08092269610911461,0.7089612755019437,0.35629914531146517,0.4686851015416318,2
-0.04007609239766831,0.02276026711469817,0.07014707809052456,-0.7783418715761655,-0.6805341293875251,0.2853852593207868,-0.34281335428114923,0.2552372001661339,-0.21250187169565504,0.4815605448881289,-0.2672178230775089,-0.41618327940138927,0.40123476564755167,0.2835110475976302,-1.0924563974730463,0.9303786107938421,-0.7754014558523563,0.20189117400835502,3
-1.3806331012553301,-0.6257514534136719,-0.755975304996493,-0.39492781839137514,0.2525647428115868,-0.3228128343136767,-0.6144636248595067,0.5134538229023001,-0.5988689111423001,-0.690519635951921,-0.519172978109793,-0.6198203580075736,-0.7031785284154057,-0.09257503595024615,-0.28322943638190096,0.4875439402100453,-0.2903869124964328,-0.06490275352492172,0
0.32553036456351214,1.1576557780393457,1.4046524661541684,1.5811292249456212,0.6024768198862538,0.08265256144263229,0.8947045450202569,-1.0358459135146978,0.9465992466442801,1.0331276888128582,0.8980747689468052,0.8565484618872631,1.5670043538251177,-0.7193851751967066,1.1329177455276036,0.8196699431478929,0.5179706597634397,0.7354790290749086,1
-0.4056825493588488,-0.46362352328157935,-1.200810434351041,-1.2502360908805228,-0.7971714884124141,-0.3228128343136767,-0.4937301712691256,0.5134538229023001,-0.5988689111423001,-0.41473606398955637,-0.48767858373075756,-0.574567673872866,-0.058937440212013914,1.0356832146933828,-1.2947631377458328,0.266126604918147,-1.4220875136602542,-1.5322693549579438,0
-0.04007609239766831,-0.7878793835457644,-1.2643583099731193,-1.5156765892392239,-1.496995642561748,-0.3228128343136767,-1.1275808026186263,1.4172120024788823,-0.9852359505889451,-0.20789838501778285,-0.8971057106582193,-1.0666906138378116,-0.5804659401861882,0.6595971311455064,0.3236907844364581,-0.7302514038953956,-0.7754014558523563,-1.5322693549579438,3
-0.28381373037178864,-0.6257514534136719,-1.010166807484806,-1.102769147347911,-0.6805341293875251,0.08265256144263229,-1.2784976196066027,1.5463203138469654,-0.9852359505889451,-0.276844278008374,-0.9286001050372548,-1.134569640039873,-0.6111440872434926,-0.09257503595024615,-0.6878429169274737,-0.2874167333115989,0.35629914531146517,-0.1982997172915601,3
0.203661545576452,0.02276026711469817,1.4682003417762466,1.1682217830543087,0.2525647428115868,0.2853852593207868,0.5626875476467089,-0.6485209794104483,0.560232207197635,0.13683107993517302,0.42565885326127245,0.46624406122540973,-0.5191096460715795,-1.095471258744583,0.12138404416367174,2.148173954899283,1.4879997464752865,2.0694486667412924,2
-0.5275513683459089,-1.2742631739420418,-1.9633849418159803,-1.6926369214783579,-0.9138088474373032,-0.7282782300699857,-1.4595977999921743,1.933645247951215,-1.3716029900355902,-1.448924458848424,-1.5899823869970007,-1.270327692443996,-0.8565692637019275,1.161045242542675,0.12138404416367174,-0.9516687391872939,-1.2604159992082797,-1.6656663187245822,3
1.056743278485873,0.9955278479072532,0.642077958689229,0.7553143411629959,-0.21398469328796918,-0.5255455321918312,1.5587385397673528,-1.423170847618947,1.7193333255375702,0.964181795822267,1.8429066003178707,1.6597836052783237,1.0454758538509434,0.9103211868440907,0.12138404416367174,-0.6195427362494464,-0.1287153980444583,-1.2654754274246671,0
1.4223497354470536,1.4819116383035307,1.1504609636658552,1.5221424475325767,0.8357515379360317,0.2853852593207868,1.588921903164948,-1.423170847618947,1.7193333255375702,1.5157489397469965,1.370490684632338,1.5862479935594238,0.8307288244498129,0.03278699189904596,-1.2947631377458328,0.044709269626248646,-0.2903869124964328,0.4686851015416318,2
2.3973002873435347,1.9682954286998082,1.7223918442645598,0.7553143411629959,-0.6805341293875251,-0.5255455321918312,2.7660730756711636,-1.93960409309128,2.8784344438775054,1.8604784046999523,3.134176769858327,3.0795865700047758,2.640739500830771,1.5371313260905513,0.9306110052548172,0.9303786107938421,-1.0987444847563053,-1.6656663187245822,0
-0.7712890063200293,-0.3014955931494868,-1.0737146831068844,-1.2207427021740005,-0.6805341293875251,-0.1200801364355222,-0.5842802614619114,0.6425621342703833,-0.5988689111423001,-0.3457901709989652,-0.6136561612468996,-0.6537598711086043,-0.12029373432662266,1.5371313260905513,-0.08092269610911461,-1.062377406833243,-1.4220875136602542,-1.7990632824912207,0
0.5692680025376324,0.9955278479072532,0.8962694611775421,1.020754839521697,0.48583946086136476,0.2853852593207868,0.5928709110443041,-0.7776292907785314,0.560232207197635,0.6194523308693112,0.58313082515645,0.5397796729443096,1.7203950891116397,-0.5940231473474146,0.7283042649820308,-1.2837947421251414,0.35629914531146517,0.4686851015416318,2
0.08179272658939184,-1.1121352438099494,0.38788645620091594,0.3129135105651609,-0.21398469328796918,-0.3228128343136767,0.049570369887589276,-0.2611960453061988,0.17386516775098998,-1.1731408868860593,-0.015262668045224794,-0.014565707705858957,-0.9486037048738407,-0.8447472030459988,-0.8901496572002601,1.7053392843154862,1.0029852031193631,1.1356699203748237,2
-1.3806331012553301,-0.13936766301739434,-1.200810434351041,-1.33871625700009,-0.9138088474373032,-0.3228128343136767,-0.5239135346667209,0.5134538229023001,-0.5988689111423001,-0.0700065990366005,-0.7081393443840062,-0.6141637724907352,0.30920032447563855,1.0356832146933828,-0.6878429169274737,-0.9516687391872939,-1.5837590281122287,-1.7990632824912207,0
1.5442185544341136,0.6712719876430682,0.8962694611775421,0.9617680621086523,-0.09734733426308019,0.2853852593207868,0.38158736726113723,-0.6485209794104483,0.17386516775098998,0.6883982238599023,0.26818688136609486,0.3191728377876099,0.1558095891891167,-1.346195314443167,2.549064927437108,0.266126604918147,2.1346858042831847,1.8026547392080157,1
-0.5275513683459089,-0.13936766301739434,0.0065992024684462846,-0.9553022038152995,-0.9138088474373032,-0.5255455321918312,-0.5842802614619114,0.5134538229023001,-0.5988689111423001,-0.276844278008374,-0.5821617668678641,-0.5971940159402198,-0.21232817549853578,-0.5940231473474146,0.7283042649820308,0.15541793727219783,-0.1287153980444583,-0.3316966810581985,1
-0.04007609239766831,-0.3014955931494868,0.38788645620091594,0.047473012206459886,0.48583946086136476,0.08265256144263229,-0.5540968980643162,0.5134538229023001,-0.5988689111423001,-0.0700065990366005,-0.7711281331420772,-0.5858808449065429,-0.979281851931145,-0.9701092308952909,-0.8901496572002601,0.4875439402100453,1.1646567175713376,1.4024638479081004,3
-0.5275513683459089,-1.1121352438099494,-0.12049654877571027,0.01797962349993755,-0.3306220523128582,-0.3228128343136767,-0.22207990069076816,-0.002979422570032448,-0.21250187169565504,-1.1731408868860593,-0.07825145680329583,-0.2747686414804279,-1.1633507342749714,-0.5940231473474146,-0.28322943638190096,0.266126604918147,0.5179706597634397,0.20189117400835502,2
0.5692680025376324,-0.13936766301739434,-0.24759230001986682,-0.24746087485876347,0.1359273837866978,-0.1200801364355222,-0.7955638052450783,0.7716704456384665,-0.9852359505889451,-0.0010607060460093361,-0.8971057106582193,-0.7782047524790504,-0.12029373432662266,-1.2208332865938751,2.549064927437108,-1.1730860744791922,1.97301428983121,1.5358608116747388,3
1.3004809164599933,1.1576557780393457,0.8962694611775421,0.5783540089238619,-0.3306220523128582,0.08265256144263229,0.5928709110443041,-0.7776292907785314,0.560232207197635,0.8952359028316759,0.5516364307774145,0.5228099163937943,0.922763265621726,-0.7193851751967066,0.9306110052548172,-0.5088340686034972,0.6796421742154142,0.6020820653082701,1
0.6911368215246926,1.9682954286998082,1.7223918442645598,1.5221424475325767,0.48583946086136476,0.4881179571989413,1.588921903164948,-1.423170847618947,1.7193333255375702,1.9294242976905436,1.433479473390409,1.625844092177293,1.8737858243981615,-0.3432990916488304,0.7283042649820308,1.3732132813776388,-0.1287153980444583,0.6020820653082701,1
-0.8931578253070894,-0.46362352328157935,-1.0737146831068844,-1.2797294795870453,-0.9138088474373032,-0.3228128343136767,-0.5540968980643162,0.5134538229023001,-0.5988689111423001,-0.5526278499707387,-0.5506673724888286,-0.6254769435244121,-0.08961558726931829,1.5371313260905513,-0.8901496572002601,-0.5088340686034972,-1.4220875136602542,-1.7990632824912207,0
1.6660873734211739,1.9682954286998082,1.2775567149100118,0.46038045409777256,-0.7971714884124141,-0.3228128343136767,1.9813056273336866,-1.6813874703551135,2.105700364984215,1.5846948327375876,1.7169290228017287,2.1745328873106233,1.6590387949970309,0.5342351032962144,0.12138404416367174,-0.1767080656656497,-0.2903869124964328,-1.1320784636580288,0
1.9098250113952941,1.4819116383035307,1.3411045905320902,1.0797416169347416,0.1359273837866978,0.4881179571989413,1.6191052665625434,-1.423170847618947,1.7193333255375702,1.8604784046999523,1.2760075014952315,1.5975611645931007,1.168188442080161,-0.21793706379953826,-0.08092269610911461,0.15541793727219783,-0.2903869124964328,0.6020820653082701,2
-0.5275513683459089,-0.13936766301739434,-0.3746880512640234,-1.2797294795870453,-0.9138088474373032,0.2853852593207868,-0.3729967176787445,0.38434551153421703,-0.21250187169565504,0.2057769729257642,-0.8026225275211127,-0.48406230560345076,0.0330970009598992,0.40887307544692225,1.1329177455276036,-0.06599939801970053,-0.7754014558523563,-0.3316966810581985,3
0.6911368215246926,0.9955278479072532,0.38788645620091594,0.5783540089238619,0.019290024761808806,-0.7282782300699857,1.045621362008233,-1.1649542248827809,0.9465992466442801,0.6883982238599023,1.0555467408419827,1.0601855404934475,1.3522573244239873,0.5342351032962144,0.3236907844364581,1.483921949023588,0.35629914531146517,-0.7318875723581136,0
0.4473991835505723,0.02276026711469817,0.5785300830671508,-0.21796748615224112,0.1359273837866978,0.2853852593207868,-0.5239135346667209,0.5134538229023001,-0.5988689111423001,-0.0010607060460093361,-0.7081393443840062,-0.5858808449065429,-0.12029373432662266,-0.9701092308952909,2.3467581871643217,0.8196699431478929,1.326328232023312,1.269066884141462,3
-0.7712890063200293,-0.6257514534136719,-0.5653316781302582,-0.30644765227180815,0.2525647428115868,-0.3228128343136767,-0.5239135346667209,0.38434551153421703,-0.5988689111423001,-0.690519635951921,-0.4246897949726865,-0.5462847462886737,-0.7031785284154057,0.03278699189904596,-0.6878429169274737,-0.5088340686034972,0.19462763085949067,-0.1982997172915601,0
-0.5275513683459089,-0.7878793835457644,-0.6288795537523365,-0.39492781839137514,0.1359273837866978,-0.3228128343136767,-0.6748303516546972,0.5134538229023001,-0.5988689111423001,-0.8973573149236945,-0.4246897949726865,-0.6594164566254428,-0.9179255578165363,-0.09257503595024615,-0.48553617665468735,-0.2874167333115989,0.5179706597634397,0.06849421024171665,0
-0.8931578253070894,-0.7878793835457644,-0.43823592688610163,-0.6603683167500761,0.019290024761808806,-0.5255455321918312,-0.8559305320402688,0.9007787570065496,-0.9852359505889451,-0.8973573149236945,-0.9600944994162903,-0.8347706076474349,-0.396397057842362,-0.09257503595024615,-0.6878429169274737,0.9303786107938421,-0.9370729703043308,-0.7318875723581136,1
-1.2587642822682699,-1.2742631739420418,-1.7727413149497455,-1.102769147347911,-0.09734733426308019,-0.9310109279481402,-1.0068473490282452,1.158995379742716,-0.9852359505889451,-1.448924458848424,-1.1490608656905035,-0.9422457324673656,-1.0406381460457539,1.5371313260905513,-0.6878429169274737,-0.7302514038953956,-1.4220875136602542,-1.6656663187245822,2
1.056743278485873,1.4819116383035307,1.2140088392879336,0.6373407863369066,-0.44725941133774716,0.2853852593207868,1.6191052665625434,-1.423170847618947,1.7193333255375702,1.5846948327375876,1.1185355296000539,1.6428138487278083,0.8614069715071172,-0.21793706379953826,1.3352244858003899,-0.7302514038953956,0.03295611640751618,0.3352881377749934,1
0.6911368215246926,1.6440395684356233,1.2140088392879336,1.4926490588260544,0.7191141789111427,0.2853852593207868,1.6794719933577338,-1.423170847618947,1.7193333255375702,2.067316083671726,1.244513107116196,1.6937231183793544,1.168188442080161,0.15814901974833806,0.9306110052548172,0.8196699431478929,-0.2903869124964328,0.06849421024171665,1
0.934874459498813,1.4819116383035307,1.531748217398325,0.5783540089238619,-0.5638967703626362,-0.3228128343136767,2.041672354128877,-1.6813874703551135,2.105700364984215,1.1020735818034495,2.1263561497291903,2.236755327995846,2.395314324372336,1.0356832146933828,-0.08092269610911461,0.15541793727219783,-0.6137299414003817,-1.3988723911913055,0
2.8847755632917753,1.1576557780393457,1.785939719886638,1.7580895571847555,0.3692021018364758,0.6908506550770958,1.3172716325865905,-1.294062536250864,1.332966286090925,1.0331276888128582,1.244513107116196,1.3034187177175012,1.3829354714812916,-0.8447472030459988,2.9536784079826806,1.3732132813776388,0.8413136886673886,1.269066884141462,2
-0.6494201873329691,-0.13936766301739434,-0.31114017564194507,-0.04100715391310712,-0.3306220523128582,-0.5255455321918312,-0.5239135346667209,0.38434551153421703,-0.5988689111423001,-0.20789838501778285,-0.4246897949726865,-0.5349715752549968,0.06377514801720358,-1.095471258744583,0.5259975247092444,-0.06599939801970053,2.1346858042831847,1.669257775441377,1
0.203661545576452,-0.13936766301739434,0.13369495371260284,-0.30644765227180815,0.019290024761808806,0.2853852593207868,-0.7050137150522925,0.6425621342703833,-0.5988689111423001,-0.0010607060460093361,-0.8026225275211127,-0.710325726276989,-0.2736844696131445,-1.095471258744583,0.7283042649820308,-0.7302514038953956,1.649671260927261,1.4024638479081004,3
-0.5275513683459089,-0.7878793835457644,-0.8195231806185713,-0.6308749280435538,-0.44725941133774716,-0.5255455321918312,-1.097397439221031,1.158995379742716,-0.9852359505889451,-0.7594655289425122,-1.0545776825533968,-1.0044681731525886,-0.73385667547271,-1.4715573422924593,1.942144706618749,-0.7302514038953956,2.296357318735159,1.8026547392080157,1
0.4473991835505723,0.18488819724679068,1.2140088392879336,1.2272085604673533,0.48583946086136476,-0.1200801364355222,0.7136043646346852,-0.7776292907785314,0.560232207197635,0.2057769729257642,0.6146252195354855,0.6133152846632096,-0.1816500284412314,-0.8447472030459988,-1.0924563974730463,2.148173954899283,0.35629914531146517,0.6020820653082701,1
-0.6494201873329691,-1.1121352438099494,-1.5185498124614323,-0.9258088151087772,-0.21398469328796918,-0.7282782300699857,-0.6144636248595067,0.6425621342703833,-0.5988689111423001,-1.1731408868860593,-0.8026225275211127,-0.6707296276591198,-0.5497877931288838,1.6624933539398432,1.1329177455276036,-1.3945034097710907,-1.4220875136602542,-1.6656663187245822,2
-0.28381373037178864,0.18488819724679068,-0.24759230001986682,-0.6013815393370315,-0.09734733426308019,0.08265256144263229,-0.644646988257102,0.5134538229023001,-0.5988689111423001,0.27472286591635536,-0.6451505556259352,-0.6481032855917659,0.7386943832778997,-0.3432990916488304,1.3352244858003899,-0.1767080656656497,0.03295611640751618,0.6020820653082701,3
-1.5025019202423902,0.34701612737888315,-0.8195231806185713,-0.6603683167500761,0.2525647428115868,-0.5255455321918312,-0.5239135346667209,0.38434551153421703,-0.5988689111423001,-0.0700065990366005,-0.5506673724888286,-0.5519413318055122,0.6159817950486822,0.2835110475976302,-0.28322943638190096,-1.3945034097710907,-0.9370729703043308,-0.9986814998913903,0
0.5692680025376324,0.8333999177751606,0.5149822074450725,0.6963275637499513,0.1359273837866978,0.08265256144263229,0.26085391367075617,-0.5194126680423651,0.17386516775098998,0.4815605448881289,0.20519809260802382,0.1947279564171639,0.677338089163291,-0.9701092308952909,0.7283042649820308,-1.2837947421251414,0.6796421742154142,0.7354790290749086,2
-0.04007609239766831,-0.46362352328157935,0.38788645620091594,0.5783540089238619,0.019290024761808806,0.2853852593207868,0.4419540940563278,-0.6485209794104483,0.17386516775098998,-0.48368195698014754,0.6146252195354855,0.37573869295599444,-0.21232817549853578,-0.3432990916488304,-0.6878429169274737,-0.06599939801970053,0.03295611640751618,0.20189117400835502,1
-0.28381373037178864,0.02276026711469817,-0.3746880512640234,0.07696640091298222,0.8357515379360317,-0.3228128343136767,-0.5540968980643162,0.38434551153421703,-0.5988689111423001,-0.276844278008374,-0.5821617668678641,-0.5519413318055122,0.12513144213181232,-0.46866111949812245,1.1329177455276036,-1.2837947421251414,1.0029852031193631,0.7354790290749086,0
1.9098250113952941,0.6712719876430682,1.7223918442645598,0.7258209524564736,-0.3306220523128582,0.2853852593207868,1.1663548155986143,-1.1649542248827809,1.332966286090925,0.55050643787872,1.1500299239790894,1.116751395661832,1.168188442080161,-0.3432990916488304,1.3352244858003899,2.0374652872533336,0.35629914531146517,0.8688759928415469,2
-0.7712890063200293,0.02276026711469817,0.0065992024684462846,-0.12948732003267413,-0.21398469328796918,-0.1200801364355222,-0.3729967176787445,0.1261288887980507,-0.5988689111423001,-0.276844278008374,-0.2357234286984734,-0.40487010836771237,-0.02825929315470954,-0.3432990916488304,-0.8901496572002601,-1.1730860744791922,0.19462763085949067,0.06849421024171665,1
0.8130056405117527,0.6712719876430682,0.8962694611775421,1.1092350056412639,0.1359273837866978,0.08265256144263229,0.5325041842491136,-0.7776292907785314,0.560232207197635,0.55050643787872,0.42565885326127245,0.4605874757085713,0.0330970009598992,-1.346195314443167,-0.6878429169274737,-0.8409600715413448,1.326328232023312,1.269066884141462,1
1.7879561924082341,1.1576557780393457,1.7223918442645598,0.4013936766847279,-0.7971714884124141,0.6908506550770958,1.4380050861769718,-1.294062536250864,1.332966286090925,1.5846948327375876,1.2760075014952315,1.4108938425374318,1.1988665891374652,-0.09257503595024615,0.7283042649820308,1.7053392843154862,0.03295611640751618,0.7354790290749086,2
0.934874459498813,0.18488819724679068,1.4682003417762466,0.7848077298695183,-0.09734733426308019,0.2853852593207868,0.8947045450202569,-0.9067376021466146,0.9465992466442801,0.13683107993517302,0.7720971914306631,0.7943260212020401,0.6159817950486822,-0.8447472030459988,0.12138404416367174,2.812425960774978,0.5179706597634397,1.269066884141462,2
0.203661545576452,0.34701612737888315,-0.056948673153631994,0.2244333444455939,-0.3306220523128582,-0.3228128343136767,-0.010796356907601267,-0.2611960453061988,-0.21250187169565504,0.27472286591635536,0.23669248698705933,-0.0711315628742435,0.30920032447563855,-0.7193851751967066,-0.48553617665468735,-0.9516687391872939,0.35629914531146517,0.3352881377749934,2
-0.5275513683459089,0.34701612737888315,0.19724282933468112,-0.6308749280435538,-0.44725941133774716,0.2853852593207868,-0.4635468078715303,0.38434551153421703,-0.5988689111423001,0.2057769729257642,-0.4246897949726865,-0.5010320621539661,0.3398784715329429,0.15814901974833806,1.3352244858003899,-0.6195427362494464,-0.4520584269484073,0.20189117400835502,3
-0.7712890063200293,0.02276026711469817,-0.31114017564194507,-0.45391459580441984,-0.3306220523128582,-0.3228128343136767,-0.43336344447393504,0.38434551153421703,-0.5988689111423001,-0.20789838501778285,-0.2357234286984734,-0.49537547663712767,-0.08961558726931829,0.2835110475976302,1.7398379663459627,0.15541793727219783,-0.7754014558523563,-0.865284536124752,1
1.7879561924082341,1.4819116383035307,1.4682003417762466,1.020754839521697,0.019290024761808806,0.4881179571989413,1.0154379986106379,-1.0358459135146978,0.9465992466442801,1.1020735818034495,0.8665803745677697,0.9640235867071938,1.8431076773408572,-0.5940231473474146,1.1329177455276036,-1.062377406833243,0.19462763085949067,0.6020820653082701,2
-0.4056825493588488,0.34701612737888315,0.19724282933468112,-0.5718881506305091,-0.21398469328796918,0.2853852593207868,-0.4031800810763398,0.2552372001661339,-0.5988689111423001,0.4815605448881289,-0.29871221745654447,-0.46709254905293535,0.3398784715329429,0.2835110475976302,-1.0924563974730463,-0.8409600715413448,-0.6137299414003817,0.06849421024171665,3
-1.3806331012553301,-1.2742631739420418,-1.455001936839354,-1.0142889812283442,0.1359273837866978,-0.3228128343136767,-1.0068473490282452,1.288103691110799,-0.9852359505889451,-1.3799785658578327,-1.1805552600695388,-0.9818418310852348,-0.979281851931145,1.161045242542675,0.9306110052548172,1.2625046137316895,-1.5837590281122287,-1.3988723911913055,2
-1.1368954632812096,0.02276026711469817,-0.8830710562406496,-0.6013815393370315,0.2525647428115868,-0.5255455321918312,-0.6748303516546972,0.6425621342703833,-0.5988689111423001,-0.41473606398955637,-0.6451505556259352,-0.6820427986927967,0.1558095891891167,0.2835110475976302,-0.28322943638190096,-1.2837947421251414,-0.9370729703043308,-1.1320784636580288,0
-0.5275513683459089,0.34701612737888315,-0.056948673153631994,-0.3654344296848528,-0.5638967703626362,-0.1200801364355222,-0.22207990069076816,-0.002979422570032448,-0.21250187169565504,0.06788518694458183,-0.04675706242426031,-0.28042522699726635,0.677338089163291,-0.09257503595024615,0.5259975247092444,0.266126604918147,-0.2903869124964328,-0.3316966810581985,1
0.32553036456351214,-0.6257514534136719,-0.31114017564194507,0.2539267331521162,0.2525647428115868,-0.7282782300699857,0.26085391367075617,-0.6485209794104483,0.17386516775098998,-0.9663032079142857,0.520142036398379,0.2682635681360638,-0.8258911166446232,0.15814901974833806,-1.2947631377458328,-0.9516687391872939,1.1646567175713376,0.3352881377749934,0
0.4473991835505723,0.02276026711469817,-0.6288795537523365,0.5488606202173396,1.0690262559858097,-0.7282782300699857,-0.22207990069076816,-0.1320877339381156,-0.21250187169565504,-0.276844278008374,-0.33020661183558,-0.21820278631204335,0.3398784715329429,-0.3432990916488304,0.12138404416367174,-0.6195427362494464,1.1646567175713376,1.0022729566081854,0
0.4473991835505723,0.34701612737888315,0.3243385805788377,-0.12948732003267413,0.2525647428115868,0.08265256144263229,-0.3729967176787445,0.2552372001661339,-0.21250187169565504,0.06788518694458183,-0.48767858373075756,-0.44446620698558154,0.21716588330372544,-0.5940231473474146,-1.0924563974730463,0.044709269626248646,0.5179706597634397,0.8688759928415469,3
0.32553036456351214,0.34701612737888315,-0.31114017564194507,1.0502482282282193,1.1856636150106987,-0.5255455321918312,-0.04097972030519654,-0.3903043566742819,-0.21250187169565504,0.13683107993517302,-0.015262668045224794,-0.04850522080688969,0.21716588330372544,-0.46866111949812245,-0.08092269610911461,0.37683527256409616,1.649671260927261,1.0022729566081854,0
-0.7712890063200293,-1.4363911040741344,-1.8362891905718237,-1.5156765892392239,-0.44725941133774716,-0.9310109279481402,-1.5199645267873647,2.0627535593192983,-1.3716029900355902,-1.5868162448296064,-1.5899823869970007,-1.3155803765787037,-1.1326725872176668,1.5371313260905513,0.5259975247092444,0.266126604918147,-1.4220875136602542,-1.6656663187245822,3
1.9098250113952941,1.1576557780393457,0.8327215855554638,0.6078473976303843,-0.44725941133774716,-0.9310109279481402,1.7700220835505196,-1.5522791589870304,1.7193333255375702,0.6883982238599023,2.315322516003403,1.9143299535360543,1.2909010303093784,1.161045242542675,-1.2947631377458328,0.7089612755019437,-0.2903869124964328,-1.2654754274246671,0
1.3004809164599933,0.9955278479072532,1.6588439686424814,0.7258209524564736,-0.3306220523128582,0.4881179571989413,1.468188449574567,-1.294062536250864,1.332966286090925,1.0331276888128582,1.370490684632338,1.450489941155301,0.8614069715071172,-0.09257503595024615,1.7398379663459627,1.0410872784397913,0.19462763085949067,0.7354790290749086,2
-0.7712890063200293,-1.2742631739420418,-1.3914540612172759,-1.0732757586413888,-0.5638967703626362,-0.5255455321918312,-1.218130892811412,1.4172120024788823,-0.9852359505889451,-1.3110326728672417,-1.0860720769324324,-1.1006301269388423,-1.3167414695614932,-0.21793706379953826,-1.0924563974730463,0.15541793727219783,-0.4520584269484073,-0.46509364482483684,2
-1.3806331012553301,-1.4363911040741344,-1.7727413149497455,-1.5156765892392239,-1.0304462064621922,-0.3228128343136767,-1.3086809830041979,1.6754286252150485,-0.9852359505889451,-1.517870351839015,-1.3380272319647164,-1.1798223241745807,-1.4394540577907107,0.6595971311455064,-1.0924563974730463,-0.8409600715413448,-1.4220875136602542,-1.5322693549579438,2
1.4223497354470536,1.8061674985677156,1.0233652124216988,1.197715171760831,0.2525647428115868,0.4881179571989413,1.468188449574567,-1.294062536250864,1.332966286090925,1.72258661871877,1.1500299239790894,1.4618031121889778,1.260222883252074,-0.09257503595024615,-0.8901496572002601,0.7089612755019437,-0.1287153980444583,0.4686851015416318,1
-1.6243707392294504,-0.9500073136778568,-1.3914540612172759,-1.3682096457066122,-0.6805341293875251,-0.5255455321918312,-0.8861138954378641,1.0298870683746328,-0.9852359505889451,-1.1731408868860593,-1.1805552600695388,-0.885679877298981,-1.0099599989884493,0.9103211868440907,-1.2947631377458328,-0.8409600715413448,-1.5837590281122287,-1.2654754274246671,1
1.5442185544341136,1.4819116383035307,1.1504609636658552,1.728596168478233,0.6024768198862538,-0.9310109279481402,2.4642394416952107,-1.8104957817231966,2.4920674044308604,0.964181795822267,2.882221614826043,2.7458480245113073,2.671417647888075,1.9132174096384276,-0.28322943638190096,-0.1767080656656497,-1.0987444847563053,-1.7990632824912207,0
-1.5025019202423902,0.18488819724679068,-0.6924274293744147,-0.8078352602826878,-0.09734733426308019,-0.3228128343136767,-0.4635468078715303,0.38434551153421703,-0.5988689111423001,-0.0010607060460093361,-0.3617010062146155,-0.512345233187643,0.4625910597621604,0.9103211868440907,-1.0924563974730463,0.15541793727219783,-1.0987444847563053,-1.1320784636580288,0
0.8130056405117527,0.9955278479072532,1.7223918442645598,1.640116002358666,0.6024768198862538,0.08265256144263229,1.468188449574567,-1.423170847618947,1.332966286090925,0.964181795822267,1.559457050906551,1.5070557963236855,0.9534414126790304,-0.09257503595024615,-0.08092269610911461,0.5982526078559945,0.03295611640751618,0.4686851015416318,1
-0.6494201873329691,-0.13936766301739434,-0.6924274293744147,-0.6898617054565985,-0.6805341293875251,-0.1200801364355222,-0.7955638052450783,0.9007787570065496,-0.5988689111423001,-0.3457901709989652,-0.9286001050372548,-0.8008310945464042,-0.02825929315470954,-0.5940231473474146,0.12138404416367174,0.5982526078559945,-0.1287153980444583,0.20189117400835502,1
0.08179272658939184,0.6712719876430682,0.3243385805788377,-0.2769542635652858,0.2525647428115868,0.2853852593207868,-0.34281335428114923,0.2552372001661339,-0.21250187169565504,0.6883982238599023,-0.29871221745654447,-0.4218398649182277,0.8614069715071172,0.2835110475976302,-0.48553617665468735,-1.3945034097710907,-0.9370729703043308,-0.1982997172915601,3
0.6911368215246926,-0.3014955931494868,0.4514343318229942,0.7848077298695183,0.1359273837866978,-0.1200801364355222,0.5325041842491136,-0.7776292907785314,0.560232207197635,-0.276844278008374,0.6776140082935566,0.4719006467422482,-0.2736844696131445,-0.5940231473474146,-0.08092269610911461,0.044709269626248646,0.35629914531146517,0.4686851015416318,2
-0.4056825493588488,0.34701612737888315,0.19724282933468112,-0.6898617054565985,-0.44725941133774716,0.08265256144263229,-0.4937301712691256,0.38434551153421703,-0.5988689111423001,0.4815605448881289,-0.4246897949726865,-0.5236584042213199,0.2785221774183342,0.03278699189904596,-0.48553617665468735,-1.1730860744791922,-0.4520584269484073,0.20189117400835502,3
0.08179272658939184,0.34701612737888315,0.19724282933468112,4.854895371369601,8.883729310653372,8.191960476568813,-0.4031800810763398,0.2552372001661339,-0.5988689111423001,0.4815605448881289,4.141997389987464,-0.4727491345697738,0.3705566185902473,7.805232718555156,1.1329177455276036,-0.39812540095754806,-0.1287153980444583,0.06849421024171665,3
0.8130056405117527,1.9682954286998082,1.5952960930204032,1.1387283943477864,0.1359273837866978,0.4881179571989413,1.7700220835505196,-1.423170847618947,1.7193333255375702,2.205207869652908,1.433479473390409,1.8011982431992852,0.922763265621726,-0.09257503595024615,-0.08092269610911461,0.7089612755019437,-0.4520584269484073,0.3352881377749934,1
-0.8931578253070894,-0.46362352328157935,-1.0737146831068844,-1.6336501440653133,-1.380358283536859,-0.1200801364355222,-0.4937301712691256,0.5134538229023001,-0.5988689111423001,-0.48368195698014754,-0.6136561612468996,-0.5971940159402198,-0.12029373432662266,1.5371313260905513,-0.48553617665468735,0.37683527256409616,-1.5837590281122287,-1.6656663187245822,0
-0.28381373037178864,-1.1121352438099494,-0.755975304996493,-0.24746087485876347,0.48583946086136476,3.326375727493104,-0.8559305320402688,0.7716704456384665,-0.9852359505889451,-0.6215737429613298,-0.8341169219001482,-0.8008310945464042,-1.3780977636761018,-0.7193851751967066,-0.48553617665468735,-0.1767080656656497,0.5179706597634397,0.8688759928415469,3
-0.04007609239766831,-0.13936766301739434,0.5149822074450725,-0.07050054261962946,0.3692021018364758,0.2853852593207868,-0.4635468078715303,0.38434551153421703,-0.5988689111423001,0.55050643787872,-0.5821617668678641,-0.5066886476708046,-0.979281851931145,-0.8447472030459988,0.5259975247092444,0.4875439402100453,0.8413136886673886,1.0022729566081854,3
-0.8931578253070894,0.34701612737888315,-0.43823592688610163,-0.0999939313261518,0.7191141789111427,-0.5255455321918312,-0.43336344447393504,0.2552372001661339,-0.5988689111423001,-0.13895249202719168,-0.393195400593651,-0.4614359635360969,0.4625910597621604,0.15814901974833806,0.12138404416367174,-1.062377406833243,-0.1287153980444583,-0.1982997172915601,0
-0.4056825493588488,0.6712719876430682,0.07014707809052456,0.5488606202173396,0.1359273837866978,-0.3228128343136767,0.23067055027316088,-0.5194126680423651,0.17386516775098998,0.4126146518975377,0.520142036398379,0.1664450288329716,1.4442917655959002,-0.3432990916488304,-1.0924563974730463,-1.1730860744791922,0.03295611640751618,-0.06490275352492172,2
0.4473991835505723,-1.2742631739420418,-0.3746880512640234,0.01797962349993755,-0.21398469328796918,-0.1200801364355222,-0.22207990069076816,-0.002979422570032448,-0.21250187169565504,-1.1731408868860593,0.016231726333810724,-0.263455470446751,-1.1940288813322757,-0.09257503595024615,-1.2947631377458328,-1.3945034097710907,-0.1287153980444583,-0.46509364482483684,1
1.7879561924082341,1.9682954286998082,1.531748217398325,0.2539267331521162,-1.26372092451197,-0.7282782300699857,2.6453396220807823,-1.93960409309128,2.8784344438775054,1.5157489397469965,3.0396935867212203,2.9890812017353605,2.640739500830771,1.7878553817891354,0.9306110052548172,-1.1730860744791922,-1.0987444847563053,-1.932460246257859,0
-0.5275513683459089,-0.6257514534136719,-0.43823592688610163,-0.1884740974457188,0.48583946086136476,-0.7282782300699857,-0.4635468078715303,0.2552372001661339,-0.5988689111423001,-0.8284114219331034,-0.4246897949726865,-0.48406230560345076,-0.641822234300797,-0.09257503595024615,-0.8901496572002601,-1.3945034097710907,-0.1287153980444583,-0.06490275352492172,0
0.5692680025376324,-1.1121352438099494,-0.755975304996493,0.5193672315108172,0.7191141789111427,-0.5255455321918312,-0.13152981049798235,-0.2611960453061988,-0.21250187169565504,-0.8284114219331034,0.016231726333810724,-0.13901058907630498,-1.4087759107334064,-0.21793706379953826,-0.6878429169274737,0.4875439402100453,1.8113427753792355,1.0022729566081854,0
-0.7712890063200293,-0.46362352328157935,-1.1372625587289626,-0.5423947619239868,0.2525647428115868,0.2853852593207868,-1.0672140758234356,1.158995379742716,-0.9852359505889451,-0.48368195698014754,-0.9915888937953258,-0.9761852455683964,-0.48843149901427513,-0.7193851751967066,0.12138404416367174,-1.3945034097710907,0.6796421742154142,0.7354790290749086,3
1.6660873734211739,1.3197837081714383,1.6588439686424814,1.3156887265869204,0.2525647428115868,0.6908506550770958,1.136171452201019,-1.1649542248827809,0.9465992466442801,1.0331276888128582,0.8665803745677697,1.0714987115271244,0.8307288244498129,-0.9701092308952909,2.9536784079826806,1.0410872784397913,0.8413136886673886,1.269066884141462,2
-1.0150266442941496,-1.2742631739420418,-0.12049654877571027,-0.30644765227180815,-0.3306220523128582,-0.1200801364355222,-0.4635468078715303,0.38434551153421703,-0.5988689111423001,-1.517870351839015,-0.29871221745654447,-0.5066886476708046,-1.1940288813322757,-0.46866111949812245,-0.08092269610911461,0.9303786107938421,0.35629914531146517,0.20189117400835502,1
0.934874459498813,1.1576557780393457,1.4682003417762466,-0.1884740974457188,-1.0304462064621922,0.2853852593207868,1.3172716325865905,-1.294062536250864,1.332966286090925,1.0331276888128582,1.1815243183581248,1.3090753032343396,0.8920851185644216,0.15814901974833806,1.1329177455276036,-0.1767080656656497,-0.4520584269484073,-0.1982997172915601,1
0.32553036456351214,-0.9500073136778568,-0.31114017564194507,-0.24746087485876347,0.019290024761808806,-0.1200801364355222,-0.8559305320402688,0.7716704456384665,-0.9852359505889451,0.13683107993517302,-0.8656113162791838,-0.8121442655800811,-1.5621666460199282,-1.346195314443167,1.7398379663459627,-1.062377406833243,1.97301428983121,1.669257775441377,3
1.1786120974729333,0.5091440575109757,1.2140088392879336,1.0502482282282193,0.019290024761808806,0.6908506550770958,0.9550712718154474,-1.0358459135146978,0.9465992466442801,0.6883982238599023,0.8350859801887341,0.8904879749882939,-0.33504076372775327,-0.8447472030459988,0.3236907844364581,1.0410872784397913,0.5179706597634397,0.8688759928415469,1
-0.6494201873329691,-0.7878793835457644,-0.5653316781302582,0.13595317832602688,0.7191141789111427,-0.3228128343136767,-0.5540968980643162,0.38434551153421703,-0.5988689111423001,-0.7594655289425122,-0.456184189351722,-0.5462847462886737,-0.73385667547271,-0.46866111949812245,-0.8901496572002601,0.8196699431478929,1.1646567175713376,0.6020820653082701,0
-1.6243707392294504,-1.1121352438099494,-1.1372625587289626,-1.1322625360544336,-0.3306220523128582,-0.1200801364355222,-1.0370307124258404,1.288103691110799,-0.9852359505889451,-1.517870351839015,-1.1490608656905035,-1.010124758669427,-1.22470702838958,0.40887307544692225,-1.0924563974730463,1.1517959460857403,-1.5837590281122287,-0.9986814998913903,1
-0.28381373037178864,-1.1121352438099494,-0.43823592688610163,-0.9553022038152995,-1.0304462064621922,-0.5255455321918312,-0.7351970784498878,0.7716704456384665,-0.5988689111423001,-1.1731408868860593,-0.7396337387630417,-0.7499218248948581,-0.7952129695873188,-0.46866111949812245,-1.0924563974730463,-0.6195427362494464,-0.4520584269484073,-0.5984906085914752,2
-0.8931578253070894,0.02276026711469817,-0.6924274293744147,-0.39492781839137514,0.48583946086136476,-0.3228128343136767,-0.6748303516546972,0.5134538229023001,-0.5988689111423001,-0.276844278008374,-0.6766449500049706,-0.6537598711086043,0.0330970009598992,-0.09257503595024615,-0.28322943638190096,-0.7302514038953956,0.03295611640751618,0.06849421024171665,0
-0.8931578253070894,-1.1121352438099494,0.2607907049567594,0.19493995573907155,-0.21398469328796918,0.08265256144263229,0.049570369887589276,-0.2611960453061988,0.17386516775098998,-0.9663032079142857,0.07922051509188176,-0.025878878739535868,-1.1326725872176668,-0.5940231473474146,-1.0924563974730463,1.7053392843154862,0.35629914531146517,0.4686851015416318,2
-0.5275513683459089,0.02276026711469817,-0.31114017564194507,0.5783540089238619,0.2525647428115868,0.08265256144263229,-0.22207990069076816,-0.002979422570032448,-0.21250187169565504,0.2057769729257642,0.04772612071284624,-0.26911205596358945,-0.02825929315470954,-0.8447472030459988,-0.48553617665468735,-1.1730860744791922,0.8413136886673886,0.7354790290749086,2
-1.8681083772035707,-1.4363911040741344,-1.9633849418159803,-1.5451699779457462,-0.6805341293875251,-0.9310109279481402,-1.4595977999921743,2.0627535593192983,-1.3716029900355902,-1.6557621378201974,-1.6844655701341071,-1.2929540345113497,-1.22470702838958,1.411769298241259,-1.0924563974730463,-0.06599939801970053,-1.9071020570161776,-1.5322693549579438,1
-1.6243707392294504,-0.3014955931494868,-0.6924274293744147,-1.0437823699348665,-0.21398469328796918,-0.3228128343136767,-0.5540968980643162,0.5134538229023001,-0.5988689111423001,-0.13895249202719168,-0.5821617668678641,-0.6085071869738967,0.0330970009598992,1.0356832146933828,-0.08092269610911461,0.266126604918147,-1.4220875136602542,-1.5322693549579438,0
-0.6494201873329691,-1.4363911040741344,-0.24759230001986682,-0.24746087485876347,0.019290024761808806,-0.5255455321918312,-0.8559305320402688,0.9007787570065496,-0.9852359505889451,-1.7247080308107887,-0.8656113162791838,-0.8517403641979503,-1.4087759107334064,-0.8447472030459988,-0.48553617665468735,2.4802999578371305,0.8413136886673886,0.8688759928415469,1
-1.0150266442941496,0.02276026711469817,0.0065992024684462846,-1.0437823699348665,-0.6805341293875251,0.4881179571989413,-0.2824466274859587,0.2552372001661339,-0.21250187169565504,0.55050643787872,-0.5821617668678641,-0.4274964504350662,-0.058937440212013914,0.40887307544692225,0.7283042649820308,0.9303786107938421,-0.9370729703043308,-0.3316966810581985,3
0.934874459498813,1.3197837081714383,1.6588439686424814,0.46038045409777256,-0.9138088474373032,0.6908506550770958,1.4380050861769718,-1.294062536250864,1.332966286090925,1.6536407257281789,0.9925579520839117,1.3995806715037549,0.3705566185902473,-0.5940231473474146,-0.48553617665468735,1.2625046137316895,0.19462763085949067,0.7354790290749086,1
-0.5275513683459089,-0.13936766301739434,-0.755975304996493,-0.30644765227180815,0.2525647428115868,-0.5255455321918312,-0.8257471686426736,0.7716704456384665,-0.9852359505889451,-0.3457901709989652,-0.7711281331420772,-0.7838613379958889,-0.058937440212013914,-0.8447472030459988,0.5259975247092444,-0.1767080656656497,0.6796421742154142,0.4686851015416318,0
0.32553036456351214,-1.4363911040741344,-0.5017838025081799,0.43088706539125027,0.9523888969609208,-0.5255455321918312,-0.5842802614619114,0.2552372001661339,-0.5988689111423001,-1.448924458848424,-0.33020661183558,-0.5462847462886737,-1.470132204848015,-0.46866111949812245,-1.2947631377458328,0.4875439402100453,1.97301428983121,1.269066884141462,0
-0.7712890063200293,-0.3014955931494868,-0.755975304996493,0.01797962349993755,1.1856636150106987,-0.3228128343136767,-0.4937301712691256,0.38434551153421703,-0.5988689111423001,-0.20789838501778285,-0.3617010062146155,-0.5462847462886737,-0.12029373432662266,0.40887307544692225,-0.08092269610911461,-0.06599939801970053,-0.7754014558523563,-1.1320784636580288,0
-0.04007609239766831,-1.7606469643383194,-0.6288795537523365,-0.7193550941631208,-0.6805341293875251,-0.5255455321918312,-1.0672140758234356,1.158995379742716,-0.9852359505889451,-1.7247080308107887,-0.9600944994162903,-0.9874984166020733,-1.5314884989626238,-1.2208332865938751,-0.28322943638190096,0.8196699431478929,1.8113427753792355,1.4024638479081004,2
0.32553036456351214,-0.9500073136778568,-1.5185498124614323,-1.5156765892392239,-1.26372092451197,-0.5255455321918312,-1.0672140758234356,1.4172120024788823,-0.9852359505889451,-0.6215737429613298,-1.0860720769324324,-1.032751100736781,-0.7645348225300145,1.6624933539398432,-0.08092269610911461,-1.3945034097710907,-1.2604159992082797,-1.7990632824912207,3
0.5692680025376324,0.5091440575109757,1.2140088392879336,0.7848077298695183,-0.09734733426308019,0.4881179571989413,1.1663548155986143,-1.294062536250864,0.9465992466442801,0.27472286591635536,1.2130187127371603,1.2016001784144088,0.5546255009340735,-0.21793706379953826,-0.28322943638190096,-0.6195427362494464,0.03295611640751618,0.06849421024171665,1
-0.4056825493588488,-1.7606469643383194,-1.010166807484806,-0.30644765227180815,-0.3306220523128582,-0.3228128343136767,-0.8559305320402688,0.7716704456384665,-0.9852359505889451,-1.6557621378201974,-0.7396337387630417,-0.7895179235127273,-1.7769136754210588,-1.4715573422924593,-1.0924563974730463,-1.062377406833243,1.97301428983121,1.5358608116747388,2
-1.0150266442941496,0.02276026711469817,-0.755975304996493,-1.427196423119657,-0.9138088474373032,-0.3228128343136767,-0.5842802614619114,0.5134538229023001,-0.5988689111423001,-0.20789838501778285,-0.6136561612468996,-0.6311335290412505,0.3398784715329429,1.0356832146933828,0.3236907844364581,-0.9516687391872939,-1.2604159992082797,-1.5322693549579438,0
-0.28381373037178864,-0.6257514534136719,0.7056258343113073,0.843794507282563,0.3692021018364758,0.08265256144263229,0.4419540940563278,-0.6485209794104483,0.17386516775098998,-0.7594655289425122,0.42565885326127245,0.37573869295599444,-0.6725003813581013,-0.8447472030459988,0.9306110052548172,1.2625046137316895,0.6796421742154142,0.6020820653082701,1
-0.5275513683459089,-1.4363911040741344,-0.8195231806185713,-0.7783418715761655,-0.5638967703626362,-0.3228128343136767,-1.0068473490282452,1.158995379742716,-0.9852359505889451,-1.517870351839015,-1.0860720769324324,-0.9705286600515579,-1.4394540577907107,-0.8447472030459988,-0.6878429169274737,2.5910086254830795,0.6796421742154142,1.0022729566081854,1
1.5442185544341136,1.3197837081714383,1.0233652124216988,1.020754839521697,0.1359273837866978,0.4881179571989413,1.5587385397673528,-1.423170847618947,1.7193333255375702,1.308911260775223,1.244513107116196,1.5409953094247162,1.1988665891374652,-0.21793706379953826,0.7283042649820308,1.2625046137316895,-0.1287153980444583,0.20189117400835502,1
-0.8931578253070894,-1.1121352438099494,0.4514343318229942,0.2244333444455939,-0.3306220523128582,0.08265256144263229,0.019387006489994005,-0.2611960453061988,-0.21250187169565504,-1.104194993895468,0.04772612071284624,-0.05416180632372814,-0.8258911166446232,-0.7193851751967066,0.12138404416367174,2.258882622545232,0.6796421742154142,0.8688759928415469,1
2.2754314683564747,0.8333999177751606,1.4046524661541684,0.843794507282563,-0.44725941133774716,0.4881179571989413,1.1965381789962095,-1.1649542248827809,1.332966286090925,0.7573441168504935,1.0870411352210183,1.1393777377291858,0.3398784715329429,-0.7193851751967066,1.7398379663459627,1.0410872784397913,0.35629914531146517,0.8688759928415469,2
-1.1368954632812096,-1.2742631739420418,-0.755975304996493,-0.6898617054565985,0.019290024761808806,0.08265256144263229,-0.9766639856306499,0.9007787570065496,-0.9852359505889451,-0.9663032079142857,-0.9286001050372548,-0.8913364628158195,-1.0713162931030582,-0.5940231473474146,0.9306110052548172,-0.39812540095754806,0.8413136886673886,0.8688759928415469,3
1.3004809164599933,1.3197837081714383,1.6588439686424814,1.1092350056412639,-0.09734733426308019,0.4881179571989413,1.468188449574567,-1.294062536250864,1.332966286090925,1.3778571537658142,1.1815243183581248,1.450489941155301,1.0454758538509434,-0.7193851751967066,-1.2947631377458328,-0.39812540095754806,-0.1287153980444583,0.7354790290749086,2
0.6911368215246926,0.34701612737888315,0.5785300830671508,1.6991027797717106,1.4189383330604768,-0.7282782300699857,1.0154379986106379,-1.1649542248827809,0.9465992466442801,-0.0010607060460093361,1.433479473390409,1.0828118825608013,0.3398784715329429,0.7849591589947986,-0.48553617665468735,-0.1767080656656497,0.5179706597634397,-0.5984906085914752,0
-1.1368954632812096,-1.1121352438099494,0.07014707809052456,-0.8078352602826878,-0.9138088474373032,-0.3228128343136767,-0.5842802614619114,0.5134538229023001,-0.5988689111423001,-1.104194993895468,-0.3617010062146155,-0.6254769435244121,-0.7952129695873188,0.15814901974833806,-0.08092269610911461,1.8160479519614354,-0.6137299414003817,-0.5984906085914752,2
-1.0150266442941496,-0.46362352328157935,-0.755975304996493,-1.1322625360544336,-0.6805341293875251,-0.3228128343136767,-0.5540968980643162,0.5134538229023001,-0.5988689111423001,-0.20789838501778285,-0.3617010062146155,-0.6198203580075736,-0.08961558726931829,1.161045242542675,0.7283042649820308,0.15541793727219783,-1.2604159992082797,-1.3988723911913055,0
1.3004809164599933,0.9955278479072532,1.4682003417762466,-0.011513765206584784,-0.9138088474373032,0.2853852593207868,1.1965381789962095,-1.1649542248827809,1.332966286090925,0.964181795822267,0.9925579520839117,1.1506909087628627,1.413613618538596,-0.09257503595024615,0.5259975247092444,0.8196699431478929,-0.2903869124964328,0.20189117400835502,2
-1.0150266442941496,-1.2742631739420418,-0.8830710562406496,-0.6898617054565985,-0.21398469328796918,-0.5255455321918312,-1.1577641660162215,1.288103691110799,-0.9852359505889451,-1.2420867798766504,-1.2120496544485744,-1.0440642717704578,-1.6542010871918413,-0.9701092308952909,-0.6878429169274737,0.15541793727219783,1.0029852031193631,1.0022729566081854,3
-0.04007609239766831,-0.46362352328157935,-1.1372625587289626,-1.33871625700009,-1.26372092451197,-0.3228128343136767,-1.0068473490282452,1.288103691110799,-0.9852359505889451,-0.276844278008374,-0.7711281331420772,-0.9931550021189117,-0.6111440872434926,0.6595971311455064,1.942144706618749,-0.06599939801970053,-0.6137299414003817,-1.3988723911913055,3
-1.1368954632812096,-0.7878793835457644,-0.6924274293744147,-1.102769147347911,-0.7971714884124141,-0.3228128343136767,-0.5540968980643162,0.5134538229023001,-0.5988689111423001,-0.9663032079142857,-0.6766449500049706,-0.6085071869738967,-0.3043626166704489,0.9103211868440907,1.1329177455276036,-1.2837947421251414,-1.4220875136602542,-1.2654754274246671,1
-0.28381373037178864,0.6712719876430682,0.2607907049567594,0.7848077298695183,0.1359273837866978,-0.1200801364355222,0.26085391367075617,-0.5194126680423651,0.17386516775098998,0.55050643787872,0.45715324764030796,0.20038454193400235,0.8000506773925085,-0.7193851751967066,0.12138404416367174,-0.8409600715413448,0.5179706597634397,0.3352881377749934,1
0.5692680025376324,0.34701612737888315,1.7223918442645598,0.9912614508151746,-0.3306220523128582,0.4881179571989413,0.9248879084178521,-0.9067376021466146,0.9465992466442801,0.4126146518975377,0.58313082515645,0.8395787053367477,-0.3043626166704489,-1.4715573422924593,-1.0924563974730463,2.258882622545232,0.8413136886673886,1.669257775441377,2
0.934874459498813,0.9955278479072532,1.0233652124216988,0.7553143411629959,-0.21398469328796918,0.2853852593207868,0.804154454827471,-0.9067376021466146,0.560232207197635,0.8952359028316759,0.9610635577048762,0.7603865081010094,1.3522573244239873,-0.7193851751967066,-1.2947631377458328,-0.2874167333115989,0.5179706597634397,0.7354790290749086,2
-0.4056825493588488,0.34701612737888315,-0.5653316781302582,-0.9553022038152995,-0.44725941133774716,0.4881179571989413,-0.22207990069076816,0.1261288887980507,-0.21250187169565504,0.34366875890694654,-0.519172978109793,-0.3483042531993278,0.30920032447563855,0.5342351032962144,0.9306110052548172,-0.5088340686034972,-0.9370729703043308,-0.5984906085914752,3
-0.28381373037178864,-1.4363911040741344,-1.3914540612172759,-1.2502360908805228,-0.6805341293875251,-0.5255455321918312,-1.4897811633897695,1.933645247951215,-1.3716029900355902,-1.2420867798766504,-1.5584879926179651,-1.2816408634776728,-1.7462355283637543,-0.7193851751967066,-0.08092269610911461,0.15541793727219783,0.5179706597634397,0.3352881377749934,3
0.6911368215246926,0.8333999177751606,0.38788645620091594,1.0502482282282193,0.2525647428115868,0.2853852593207868,0.5023208208515183,-0.7776292907785314,0.560232207197635,0.7573441168504935,0.6461196139145211,0.4492743046748944,0.5546255009340735,-0.8447472030459988,1.1329177455276036,-0.1767080656656497,0.8413136886673886,0.7354790290749086,1
1.056743278485873,1.3197837081714383,1.2140088392879336,2.0530234442499786,1.1856636150106987,-0.9310109279481402,2.1020390809240674,-1.6813874703551135,2.105700364984215,1.0331276888128582,2.472794487898581,2.2989777686810693,2.057854706741988,1.5371313260905513,0.12138404416367174,1.0410872784397913,-0.7754014558523563,-1.5322693549579438,0
-0.5275513683459089,0.18488819724679068,-0.5017838025081799,-0.9847955925218218,-0.3306220523128582,0.08265256144263229,-0.34281335428114923,0.38434551153421703,-0.21250187169565504,0.6883982238599023,-0.5821617668678641,-0.4614359635360969,0.06377514801720358,0.7849591589947986,1.1329177455276036,-1.062377406833243,-0.7754014558523563,-0.5984906085914752,3
0.934874459498813,1.1576557780393457,1.2140088392879336,0.843794507282563,0.019290024761808806,0.08265256144263229,0.5928709110443041,-0.7776292907785314,0.560232207197635,0.964181795822267,0.6146252195354855,0.5058401598432789,0.8614069715071172,-0.7193851751967066,1.5375312260731762,0.266126604918147,0.6796421742154142,0.8688759928415469,2
0.203661545576452,1.9682954286998082,1.4046524661541684,1.7580895571847555,1.4189383330604768,0.2853852593207868,1.3172716325865905,-1.294062536250864,1.332966286090925,1.8604784046999523,1.1185355296000539,1.314731888751178,1.4749699126532048,0.15814901974833806,-1.2947631377458328,-0.9516687391872939,-0.4520584269484073,-0.3316966810581985,1
0.934874459498813,1.3197837081714383,0.5785300830671508,0.7553143411629959,0.3692021018364758,-0.5255455321918312,1.0758047254058285,-1.1649542248827809,0.9465992466442801,0.8952359028316759,1.3389962902533024,1.1224079811786705,1.1988665891374652,0.6595971311455064,-0.28322943638190096,0.15541793727219783,0.5179706597634397,-0.46509364482483684,0
-0.28381373037178864,-0.9500073136778568,0.0065992024684462846,-0.12948732003267413,0.7191141789111427,0.2853852593207868,-0.765380441847483,0.6425621342703833,-0.5988689111423001,-0.7594655289425122,-0.7711281331420772,-0.7329520683443428,-0.5191096460715795,-0.5940231473474146,1.3352244858003899,-0.39812540095754806,0.35629914531146517,0.7354790290749086,3
-0.28381373037178864,0.18488819724679068,-0.43823592688610163,0.4898738428042949,1.5355756920853656,-0.3228128343136767,-0.43336344447393504,0.1261288887980507,-0.5988689111423001,-0.0700065990366005,-0.33020661183558,-0.4274964504350662,0.5239473538767692,-0.09257503595024615,0.3236907844364581,-0.5088340686034972,0.5179706597634397,0.4686851015416318,0
0.08179272658939184,-1.2742631739420418,-0.5017838025081799,0.01797962349993755,-0.3306220523128582,-0.3228128343136767,-0.19189653729317288,-0.002979422570032448,-0.21250187169565504,-1.035249100904877,-0.33020661183558,-0.2464857138962356,-1.3780977636761018,-1.2208332865938751,-0.08092269610911461,-0.7302514038953956,1.4879997464752865,1.1356699203748237,1
-0.16194491138472847,-1.1121352438099494,-0.5017838025081799,0.2834201218586386,0.019290024761808806,0.08265256144263229,-0.22207990069076816,-0.002979422570032448,-0.21250187169565504,-0.8973573149236945,-0.2357234286984734,-0.28042522699726635,-1.3167414695614932,-1.2208332865938751,0.12138404416367174,1.8160479519614354,1.326328232023312,1.4024638479081004,1
0.203661545576452,-0.3014955931494868,-0.6924274293744147,-0.2769542635652858,0.2525647428115868,-0.5255455321918312,-0.7050137150522925,0.5134538229023001,-0.5988689111423001,-0.48368195698014754,-0.6136561612468996,-0.6537598711086043,-0.12029373432662266,-0.7193851751967066,0.3236907844364581,-0.9516687391872939,1.0029852031193631,0.6020820653082701,0
1.5442185544341136,1.1576557780393457,1.2140088392879336,1.3156887265869204,0.2525647428115868,0.4881179571989413,0.9852546352130427,-1.0358459135146978,0.9465992466442801,0.6883982238599023,0.8035915858096987,0.9583670011903553,0.8920851185644216,-0.9701092308952909,-0.8901496572002601,-0.9516687391872939,0.5179706597634397,1.1356699203748237,2
-1.5025019202423902,-0.3014955931494868,-0.8830710562406496,-0.8668220376957325,0.019290024761808806,-0.3228128343136767,-0.5842802614619114,0.6425621342703833,-0.5988689111423001,-0.20789838501778285,-0.519172978109793,-0.6481032855917659,-0.12029373432662266,1.286407270391967,-1.0924563974730463,0.15541793727219783,-1.4220875136602542,-1.5322693549579438,0
-0.16194491138472847,-0.3014955931494868,-0.755975304996493,-1.3092228682935676,-1.147083565487081,-0.5255455321918312,-0.8861138954378641,1.0298870683746328,-0.9852359505889451,-0.276844278008374,-0.7711281331420772,-0.8800232917821426,-0.08961558726931829,0.7849591589947986,-0.48553617665468735,0.37683527256409616,-0.9370729703043308,-1.3988723911913055,3
-1.2587642822682699,0.02276026711469817,-0.5653316781302582,-0.21796748615224112,0.7191141789111427,-0.1200801364355222,-0.7955638052450783,0.6425621342703833,-0.9852359505889451,-0.276844278008374,-0.6136561612468996,-0.7499218248948581,0.12513144213181232,-0.21793706379953826,0.7283042649820308,-1.062377406833243,0.35629914531146517,0.4686851015416318,3
1.1786120974729333,1.9682954286998082,1.4682003417762466,1.551635836239099,0.8357515379360317,0.4881179571989413,1.4983718129721622,-1.423170847618947,1.332966286090925,1.72258661871877,1.1815243183581248,1.5183689673573624,2.303279883200423,0.03278699189904596,0.7283042649820308,-1.1730860744791922,-0.2903869124964328,-0.06490275352492172,1
0.5692680025376324,-0.46362352328157935,0.5149822074450725,0.6963275637499513,-0.09734733426308019,0.08265256144263229,0.2910372770683514,-0.5194126680423651,0.17386516775098998,-0.276844278008374,0.016231726333810724,0.23998064055187152,-1.1326725872176668,-1.4715573422924593,-0.6878429169274737,-0.5088340686034972,1.649671260927261,1.669257775441377,2
-0.4056825493588488,-0.6257514534136719,-1.2643583099731193,-0.6308749280435538,-0.21398469328796918,-0.5255455321918312,-1.218130892811412,1.4172120024788823,-0.9852359505889451,-0.48368195698014754,-1.24354404882761,-1.083660370388327,-0.5497877931288838,-1.4715573422924593,1.3352244858003899,-0.9516687391872939,1.97301428983121,1.669257775441377,3
1.5442185544341136,1.1576557780393457,1.5952960930204032,1.2567019491738756,0.019290024761808806,-0.1200801364355222,0.9550712718154474,-1.0358459135146978,0.9465992466442801,0.8952359028316759,0.9295691633258407,0.9300840736061631,0.7693725303352041,-0.7193851751967066,0.5259975247092444,0.4875439402100453,0.8413136886673886,0.7354790290749086,1
0.4473991835505723,0.34701612737888315,-0.056948673153631994,0.43088706539125027,0.2525647428115868,-0.1200801364355222,-0.010796356907601267,-0.2611960453061988,-0.21250187169565504,0.13683107993517302,0.14220930384995278,-0.06547497735740505,0.21716588330372544,-0.3432990916488304,0.9306110052548172,-1.1730860744791922,0.5179706597634397,0.3352881377749934,1
-1.0150266442941496,-0.7878793835457644,-1.010166807484806,-1.3977030344131345,-1.147083565487081,-0.9310109279481402,-0.4937301712691256,0.38434551153421703,-0.5988689111423001,-1.035249100904877,-0.5821617668678641,-0.5519413318055122,-0.36571891078505764,1.7878553817891354,1.3352244858003899,-1.062377406833243,-1.4220875136602542,-1.6656663187245822,1
0.8130056405117527,0.6712719876430682,-0.12049654877571027,1.1092350056412639,0.9523888969609208,-0.5255455321918312,0.4419540940563278,-0.7776292907785314,0.17386516775098998,0.55050643787872,0.5516364307774145,0.4492743046748944,0.7080162362205954,0.03278699189904596,-0.6878429169274737,0.044709269626248646,1.4879997464752865,0.4686851015416318,0
-1.3806331012553301,-0.3014955931494868,-0.6924274293744147,-0.4244212070978975,0.7191141789111427,-0.3228128343136767,-0.5540968980643162,0.5134538229023001,-0.5988689111423001,-0.3457901709989652,-0.5506673724888286,-0.6085071869738967,-0.058937440212013914,0.6595971311455064,0.12138404416367174,-0.1767080656656497,-1.2604159992082797,-1.2654754274246671,0
-1.8681083772035707,-0.3014955931494868,-0.755975304996493,-0.6308749280435538,0.3692021018364758,-0.1200801364355222,-0.644646988257102,0.6425621342703833,-0.5988689111423001,-0.20789838501778285,-0.6136561612468996,-0.6707296276591198,-0.21232817549853578,0.5342351032962144,-1.0924563974730463,-0.06599939801970053,-1.2604159992082797,-1.2654754274246671,0
0.32553036456351214,1.4819116383035307,1.4046524661541684,0.19493995573907155,-0.44725941133774716,0.2853852593207868,1.4078217227793763,-1.294062536250864,1.332966286090925,1.8604784046999523,1.0240523464629472,1.3826109149532395,1.4442917655959002,0.2835110475976302,1.3352244858003899,1.1517959460857403,-0.4520584269484073,-0.1982997172915601,1
1.4223497354470536,0.9955278479072532,1.6588439686424814,0.9617680621086523,0.019290024761808806,0.4881179571989413,1.5587385397673528,-1.423170847618947,1.7193333255375702,1.0331276888128582,1.370490684632338,1.5466518949415546,0.8307288244498129,-0.09257503595024615,1.1329177455276036,0.37683527256409616,0.03295611640751618,0.6020820653082701,2
-0.16194491138472847,-0.7878793835457644,-1.2643583099731193,-0.7193550941631208,-0.3306220523128582,-0.1200801364355222,-1.2483142562090073,1.4172120024788823,-1.3716029900355902,-0.6215737429613298,-1.24354404882761,-1.1119432979725192,-0.7645348225300145,-1.346195314443167,1.3352244858003899,-1.2837947421251414,2.4580288331871336,1.936051702974654,3
-0.28381373037178864,-0.13936766301739434,-1.010166807484806,-0.5129013732174645,0.1359273837866978,-0.3228128343136767,-0.9464806222330546,0.9007787570065496,-0.9852359505889451,-0.13895249202719168,-0.7081393443840062,-0.8913364628158195,-0.24300632255584015,-0.09257503595024615,-1.0924563974730463,-0.39812540095754806,-0.1287153980444583,-0.1982997172915601,3
1.3004809164599933,1.6440395684356233,1.7223918442645598,1.8170763345978,0.6024768198862538,0.6908506550770958,1.4983718129721622,-1.423170847618947,1.332966286090925,1.7915325117093612,1.3075018958742668,1.5183689673573624,1.5670043538251177,-0.7193851751967066,0.3236907844364581,1.0410872784397913,0.35629914531146517,0.8688759928415469,1
1.4223497354470536,0.8333999177751606,0.7056258343113073,0.13595317832602688,-0.9138088474373032,-0.9310109279481402,1.6191052665625434,-1.423170847618947,1.7193333255375702,0.7573441168504935,2.063367360971119,1.6824099473456775,0.9534414126790304,1.286407270391967,-0.48553617665468735,-0.06599939801970053,-0.4520584269484073,-1.5322693549579438,0
1.6660873734211739,1.8061674985677156,1.4682003417762466,0.9912614508151746,-0.09734733426308019,0.4881179571989413,1.588921903164948,-1.423170847618947,1.7193333255375702,2.136261976662317,1.433479473390409,1.625844092177293,1.1375102950228566,-0.09257503595024615,1.7398379663459627,-1.2837947421251414,0.03295611640751618,0.06849421024171665,1
-1.3806331012553301,-0.7878793835457644,-0.5653316781302582,-0.8078352602826878,-0.5638967703626362,-0.1200801364355222,-0.4635468078715303,0.38434551153421703,-0.5988689111423001,-1.035249100904877,-0.48767858373075756,-0.5406281607718353,-0.6725003813581013,0.2835110475976302,0.9306110052548172,-0.39812540095754806,-1.2604159992082797,-1.1320784636580288,1
0.4473991835505723,1.6440395684356233,1.4046524661541684,1.4926490588260544,1.0690262559858097,0.08265256144263229,1.2870882691889953,-1.1649542248827809,1.332966286090925,1.5846948327375876,1.0555467408419827,1.2468528625491166,1.4749699126532048,0.15814901974833806,-1.0924563974730463,1.2625046137316895,-0.4520584269484073,0.06849421024171665,2
0.934874459498813,1.6440395684356233,1.2140088392879336,0.43088706539125027,-0.5638967703626362,0.8935833529552503,1.7096553567553292,-1.423170847618947,1.7193333255375702,1.9983701906811346,1.1500299239790894,1.7163494604467082,0.8920851185644216,-0.21793706379953826,-0.28322943638190096,-0.2874167333115989,-0.4520584269484073,0.3352881377749934,1
-0.5275513683459089,0.18488819724679068,-0.24759230001986682,-0.5423947619239868,0.1359273837866978,0.4881179571989413,-0.2522632640883634,0.2552372001661339,-0.21250187169565504,0.8262900098410847,-0.5821617668678641,-0.3992135228508739,0.0330970009598992,0.03278699189904596,-0.28322943638190096,-0.39812540095754806,-0.6137299414003817,-0.1982997172915601,3
0.08179272658939184,0.02276026711469817,0.4514343318229942,1.3156887265869204,1.0690262559858097,-0.7282782300699857,0.5325041842491136,-0.7776292907785314,0.560232207197635,-0.20789838501778285,0.48864764201934346,0.5397796729443096,0.21716588330372544,-0.21793706379953826,-0.48553617665468735,0.044709269626248646,1.0029852031193631,0.3352881377749934,0
-0.8931578253070894,-0.46362352328157935,-1.1372625587289626,-1.3682096457066122,-0.9138088474373032,-0.5255455321918312,-0.6144636248595067,0.6425621342703833,-0.5988689111423001,-0.3457901709989652,-0.5821617668678641,-0.6707296276591198,-0.12029373432662266,1.7878553817891354,-1.0924563974730463,-1.062377406833243,-1.5837590281122287,-1.7990632824912207,0
1.3004809164599933,1.6440395684356233,1.1504609636658552,0.9617680621086523,0.48583946086136476,0.2853852593207868,1.3776383593817811,-1.294062536250864,1.332966286090925,1.72258661871877,1.1185355296000539,1.3712977439195626,1.413613618538596,0.15814901974833806,-1.0924563974730463,-1.2837947421251414,-0.6137299414003817,-0.1982997172915601,2
1.3004809164599933,1.4819116383035307,0.5785300830671508,1.197715171760831,0.6024768198862538,0.4881179571989413,1.4983718129721622,-1.294062536250864,1.332966286090925,1.5157489397469965,1.0870411352210183,1.4674596977058163,0.6466599421059867,0.15814901974833806,-0.48553617665468735,0.9303786107938421,-0.2903869124964328,0.06849421024171665,1
0.08179272658939184,0.18488819724679068,-0.18404442439778854,0.37190028797820557,0.019290024761808806,-0.1200801364355222,-0.04097972030519654,-0.1320877339381156,-0.21250187169565504,-0.0010607060460093361,0.04772612071284624,-0.11072766149211269,0.5546255009340735,-0.7193851751967066,1.1329177455276036,0.266126604918147,0.35629914531146517,0.3352881377749934,1
-0.8931578253070894,-1.1121352438099494,-0.3746880512640234,-0.7488484828696432,-0.3306220523128582,-0.1200801364355222,-0.7955638052450783,0.7716704456384665,-0.9852359505889451,-1.1731408868860593,-0.6766449500049706,-0.772548166962212,-1.1326725872176668,-0.21793706379953826,-0.28322943638190096,-0.2874167333115989,0.03295611640751618,0.06849421024171665,3
-0.4056825493588488,0.5091440575109757,-0.24759230001986682,-0.7488484828696432,-0.21398469328796918,0.4881179571989413,-0.22207990069076816,0.2552372001661339,-0.21250187169565504,0.7573441168504935,-0.519172978109793,-0.35961742423300475,0.3398784715329429,0.2835110475976302,-0.8901496572002601,-1.1730860744791922,-0.7754014558523563,-0.3316966810581985,3
-1.2587642822682699,0.18488819724679068,-0.6924274293744147,-0.3654344296848528,0.9523888969609208,-0.5255455321918312,-0.5239135346667209,0.38434551153421703,-0.5988689111423001,-0.0700065990366005,-0.456184189351722,-0.5632545028391891,0.7080162362205954,0.9103211868440907,-0.6878429169274737,-0.1767080656656497,-1.2604159992082797,-1.2654754274246671,0
1.3004809164599933,1.9682954286998082,1.3411045905320902,1.5811292249456212,1.1856636150106987,0.6908506550770958,1.588921903164948,-1.423170847618947,1.7193333255375702,1.9983701906811346,1.0870411352210183,1.5862479935594238,1.3215791773666827,-0.09257503595024615,0.9306110052548172,-0.06599939801970053,-0.4520584269484073,-0.06490275352492172,1
-0.04007609239766831,0.02276026711469817,-0.056948673153631994,0.2539267331521162,0.2525647428115868,-0.3228128343136767,-0.2522632640883634,-0.002979422570032448,-0.21250187169565504,-0.0700065990366005,-0.2672178230775089,-0.3087081545814586,0.40123476564755167,-0.3432990916488304,0.9306110052548172,-0.1767080656656497,0.5179706597634397,0.4686851015416318,2
-1.3806331012553301,-0.9500073136778568,0.2607907049567594,-0.8373286489892102,-0.9138088474373032,-0.3228128343136767,-0.4635468078715303,0.5134538229023001,-0.5988689111423001,-0.9663032079142857,-0.456184189351722,-0.5632545028391891,-1.1019944401603625,-0.21793706379953826,0.9306110052548172,0.5982526078559945,-0.9370729703043308,-0.865284536124752,1
1.056743278485873,0.9955278479072532,1.6588439686424814,0.7258209524564736,-0.5638967703626362,0.2853852593207868,1.3172716325865905,-1.294062536250864,1.332966286090925,0.964181795822267,0.9610635577048762,1.275135790133309,0.2785221774183342,-0.8447472030459988,0.12138404416367174,0.9303786107938421,0.35629914531146517,0.7354790290749086,1
1.7879561924082341,1.4819116383035307,1.7223918442645598,0.6078473976303843,-0.5638967703626362,0.4881179571989413,1.5587385397673528,-1.294062536250864,1.7193333255375702,1.7915325117093612,1.2760075014952315,1.5353387239078777,1.1988665891374652,-0.3432990916488304,1.1329177455276036,1.1517959460857403,0.03295611640751618,0.7354790290749086,2
0.4473991835505723,0.02276026711469817,-0.3746880512640234,0.19493995573907155,-0.21398469328796918,0.08265256144263229,-0.34281335428114923,0.1261288887980507,-0.21250187169565504,0.06788518694458183,-0.2672178230775089,-0.38224376630035856,-0.1816500284412314,-1.2208332865938751,1.942144706618749,-0.06599939801970053,1.4879997464752865,1.4024638479081004,2
-1.0150266442941496,-0.3014955931494868,-1.010166807484806,-1.1322625360544336,-0.5638967703626362,-0.5255455321918312,-0.5239135346667209,0.5134538229023001,-0.5988689111423001,-0.3457901709989652,-0.48767858373075756,-0.5915374304233814,-0.21232817549853578,1.6624933539398432,-0.48553617665468735,-0.39812540095754806,-1.4220875136602542,-1.6656663187245822,0
1.056743278485873,1.4819116383035307,1.0233652124216988,0.2539267331521162,-0.6805341293875251,0.2853852593207868,1.5285551763697576,-1.294062536250864,1.7193333255375702,1.5846948327375876,0.9610635577048762,1.5183689673573624,1.4749699126532048,-0.09257503595024615,-0.28322943638190096,0.4875439402100453,-0.4520584269484073,0.06849421024171665,1
1.5442185544341136,1.4819116383035307,1.4682003417762466,-0.12948732003267413,-1.6136330015866371,-0.7282782300699857,2.373689351502425,-1.8104957817231966,2.4920674044308604,1.1710194747940406,2.535783276656652,2.564837287972477,2.088532853799292,1.411769298241259,1.1329177455276036,-1.2837947421251414,-1.2604159992082797,-1.7990632824912207,0
0.08179272658939184,0.02276026711469817,-0.6288795537523365,0.3129135105651609,0.8357515379360317,-0.5255455321918312,-0.3729967176787445,-0.002979422570032448,-0.5988689111423001,-0.276844278008374,-0.2357234286984734,-0.3652740097498432,0.4932692068194648,-0.46866111949812245,-0.28322943638190096,-0.8409600715413448,0.6796421742154142,0.3352881377749934,0
1.5442185544341136,1.6440395684356233,1.0233652124216988,1.640116002358666,0.7191141789111427,0.4881179571989413,1.4078217227793763,-1.294062536250864,1.332966286090925,1.5157489397469965,1.0555467408419827,1.3656411584027242,1.1988665891374652,-0.5940231473474146,-0.8901496572002601,1.8160479519614354,0.03295611640751618,0.7354790290749086,1
0.08179272658939184,-0.3014955931494868,0.0065992024684462846,-0.9553022038152995,-0.9138088474373032,0.2853852593207868,-0.4031800810763398,0.2552372001661339,-0.5988689111423001,0.06788518694458183,-0.393195400593651,-0.44446620698558154,-0.4270752048996664,0.15814901974833806,-1.0924563974730463,-0.7302514038953956,-0.4520584269484073,0.20189117400835502,3
-0.6494201873329691,-1.4363911040741344,-1.8362891905718237,-1.6336501440653133,-0.5638967703626362,-1.1337436258262947,-1.5199645267873647,2.0627535593192983,-1.3716029900355902,-1.3799785658578327,-1.6214767813760362,-1.3212369620955422,-1.1940288813322757,1.9132174096384276,0.12138404416367174,0.15541793727219783,-1.4220875136602542,-1.6656663187245822,3
1.056743278485873,1.4819116383035307,1.0233652124216988,-0.04100715391310712,-1.0304462064621922,0.2853852593207868,1.468188449574567,-1.294062536250864,1.332966286090925,1.7915325117093612,1.244513107116196,1.439176770121624,1.4749699126532048,-0.09257503595024615,-1.2947631377458328,2.0374652872533336,-0.2903869124964328,0.3352881377749934,1
0.934874459498813,1.8061674985677156,1.1504609636658552,1.0502482282282193,0.019290024761808806,0.6908506550770958,1.7700220835505196,-1.423170847618947,1.7193333255375702,2.067316083671726,1.3389962902533024,1.8068548287161237,0.8920851185644216,0.03278699189904596,-1.2947631377458328,-0.1767080656656497,-0.4520584269484073,0.20189117400835502,1
1.4223497354470536,1.4819116383035307,0.8962694611775421,0.4898738428042949,-0.5638967703626362,0.2853852593207868,1.5285551763697576,-1.423170847618947,1.7193333255375702,1.5157489397469965,1.3389962902533024,1.5183689673573624,1.2909010303093784,0.2835110475976302,-0.28322943638190096,-0.06599939801970053,-0.2903869124964328,-0.06490275352492172,1
-0.8931578253070894,-1.4363911040741344,-1.010166807484806,-1.1912493134674782,-0.5638967703626362,-0.1200801364355222,-1.1275808026186263,1.4172120024788823,-0.9852359505889451,-1.448924458848424,-1.2750384432066455,-1.0497208572872962,-1.1019944401603625,0.40887307544692225,-0.28322943638190096,1.594630616669537,-0.9370729703043308,-1.1320784636580288,1
-0.28381373037178864,-0.9500073136778568,-0.6288795537523365,-1.0437823699348665,-0.7971714884124141,-0.3228128343136767,-0.6748303516546972,0.6425621342703833,-0.5988689111423001,-1.104194993895468,-0.5821617668678641,-0.6990125552433121,-0.7952129695873188,0.5342351032962144,0.5259975247092444,0.5982526078559945,-0.7754014558523563,-0.865284536124752,2
0.4473991835505723,0.18488819724679068,0.7691737099333856,1.197715171760831,0.6024768198862538,0.2853852593207868,0.804154454827471,-0.9067376021466146,0.560232207197635,-0.0700065990366005,1.1185355296000539,0.7660430936178478,0.5853036479913779,-0.3432990916488304,-1.2947631377458328,0.15541793727219783,-0.1287153980444583,0.20189117400835502,1
2.6410379253176552,1.3197837081714383,1.1504609636658552,1.0797416169347416,0.2525647428115868,0.4881179571989413,1.5587385397673528,-1.423170847618947,1.7193333255375702,1.2399653677846318,1.2760075014952315,1.5409953094247162,1.1988665891374652,-0.21793706379953826,2.9536784079826806,-0.1767080656656497,0.03295611640751618,0.4686851015416318,2
0.934874459498813,0.9955278479072532,1.9130354711307946,0.9617680621086523,-0.3306220523128582,0.4881179571989413,1.3776383593817811,-1.1649542248827809,1.332966286090925,0.964181795822267,1.0870411352210183,1.2977621322006627,0.5853036479913779,-0.9701092308952909,-1.2947631377458328,2.5910086254830795,0.19462763085949067,1.4024638479081004,2
-0.04007609239766831,-1.598519034206227,-0.24759230001986682,-0.1884740974457188,-0.21398469328796918,-0.1200801364355222,-0.5540968980643162,0.5134538229023001,-0.5988689111423001,-1.5868162448296064,-0.519172978109793,-0.6028506014570583,-1.1633507342749714,-0.7193851751967066,-0.8901496572002601,2.258882622545232,0.35629914531146517,0.3352881377749934,1
0.203661545576452,0.18488819724679068,0.642077958689229,-0.2769542635652858,0.1359273837866978,0.4881179571989413,-0.2522632640883634,0.1261288887980507,-0.21250187169565504,0.6194523308693112,-0.393195400593651,-0.37093059526668165,-0.12029373432662266,-0.3432990916488304,0.12138404416367174,0.9303786107938421,0.03295611640751618,0.6020820653082701,3
0.934874459498813,1.6440395684356233,1.4682003417762466,0.4013936766847279,-0.3306220523128582,0.2853852593207868,1.4078217227793763,-1.294062536250864,1.332966286090925,1.9983701906811346,1.0240523464629472,1.3599845728858857,1.4749699126532048,0.15814901974833806,1.1329177455276036,1.483921949023588,-0.4520584269484073,-0.06490275352492172,1
-0.8931578253070894,-0.3014955931494868,-0.755975304996493,-1.2502360908805228,-0.6805341293875251,-0.5255455321918312,-0.6144636248595067,0.6425621342703833,-0.5988689111423001,-0.20789838501778285,-0.7081393443840062,-0.6820427986927967,-0.12029373432662266,1.6624933539398432,-0.08092269610911461,-0.39812540095754806,-1.5837590281122287,-1.7990632824912207,0
-0.6494201873329691,-1.1121352438099494,-0.31114017564194507,-0.3654344296848528,-0.6805341293875251,-0.3228128343136767,-0.16171317389557763,-0.002979422570032448,-0.21250187169565504,-1.3110326728672417,-0.14124024556136686,-0.24082912837939716,-1.0713162931030582,-0.7193851751967066,-1.0924563974730463,-0.39812540095754806,0.5179706597634397,0.3352881377749934,1
1.1786120974729333,1.4819116383035307,1.5952960930204032,0.6078473976303843,-0.6805341293875251,0.4881179571989413,1.6492886299601386,-1.423170847618947,1.7193333255375702,1.7915325117093612,1.1500299239790894,1.6484704342446468,0.7693725303352041,-0.3432990916488304,-1.2947631377458328,1.8160479519614354,-0.2903869124964328,0.7354790290749086,1
0.203661545576452,-1.2742631739420418,-0.6924274293744147,0.07696640091298222,-0.09734733426308019,0.08265256144263229,-0.34281335428114923,0.2552372001661339,-0.21250187169565504,-0.9663032079142857,-0.33020661183558,-0.4105266938845508,-1.5314884989626238,-1.2208332865938751,-0.28322943638190096,3.0338432960668764,1.1646567175713376,1.669257775441377,2
-0.5275513683459089,-1.1121352438099494,-0.5017838025081799,-0.8963154264022548,-0.3306220523128582,-0.3228128343136767,-0.9766639856306499,1.0298870683746328,-0.9852359505889451,-1.035249100904877,-0.6766449500049706,-0.9026496338494964,-1.4394540577907107,-0.09257503595024615,0.12138404416367174,-0.6195427362494464,0.03295611640751618,-0.3316966810581985,3
-2.111846015177691,-1.1121352438099494,-1.5185498124614323,-1.2797294795870453,-0.44725941133774716,-0.7282782300699857,-1.0672140758234356,1.288103691110799,-0.9852359505889451,-1.448924458848424,-1.1490608656905035,-1.010124758669427,-0.9179255578165363,1.7878553817891354,-1.2947631377458328,0.9303786107938421,-1.9071020570161776,-1.5322693549579438,1
-0.16194491138472847,-0.46362352328157935,-0.43823592688610163,0.10645978961950456,-0.21398469328796918,-0.1200801364355222,-0.644646988257102,0.5134538229023001,-0.5988689111423001,-0.41473606398955637,-0.456184189351722,-0.6537598711086043,-0.45775335195697076,-1.346195314443167,3.1559851482554673,-0.2874167333115989,2.7813718620910826,2.0694486667412924,1
1.6660873734211739,1.4819116383035307,1.6588439686424814,1.7580895571847555,0.7191141789111427,0.6908506550770958,1.4983718129721622,-1.294062536250864,1.7193333255375702,1.5157489397469965,1.0870411352210183,1.4844294542563317,1.505648059710509,-0.7193851751967066,1.3352244858003899,1.3732132813776388,0.19462763085949067,1.1356699203748237,2
-1.0150266442941496,-0.7878793835457644,-0.43823592688610163,-0.9258088151087772,-0.6805341293875251,-0.3228128343136767,-0.4937301712691256,0.38434551153421703,-0.5988689111423001,-0.9663032079142857,-0.48767858373075756,-0.5575979173223506,-0.45775335195697076,0.40887307544692225,0.12138404416367174,0.37683527256409616,-1.0987444847563053,-1.1320784636580288,2
-0.6494201873329691,-0.9500073136778568,-0.3746880512640234,-0.39492781839137514,0.019290024761808806,-0.1200801364355222,-0.9464806222330546,0.9007787570065496,-0.9852359505889451,-0.7594655289425122,-1.0230832881743612,-0.885679877298981,-1.5621666460199282,-1.2208332865938751,-0.6878429169274737,-0.7302514038953956,1.97301428983121,1.8026547392080157,3
