0.16666666666666666,0.4444444444444444,0.14285714285714285,0.24528301886792453,1.375,0.5,0.11707317073170732,-0.07692307692307693,0.25,0.5909090909090909,-0.02030456852791878,0.07685098406747891,0.20408163265306123,-0.2222222222222222,0.125,0.38461538461538464,-0.2222222222222222,0.08333333333333333,3
-0.16666666666666666,-0.3333333333333333,0.17857142857142858,-0.4528301886792453,-0.5,0.25,-0.13658536585365855,0.15384615384615385,0.0,-0.13636363636363635,-0.14213197969543148,-0.10684161199625117,-0.32653061224489793,0.0,0.5,0.23076923076923078,0.0,0.25,3
0.9166666666666666,0.6666666666666666,0.9642857142857143,0.8301886792452831,0.625,0.5,0.9951219512195122,-0.8461538461538461,1.0,0.5454545454545454,0.934010152284264,1.0365510777881912,0.9387755102040817,0.1111111111111111,1.125,-0.15384615384615385,-0.1111111111111111,0.0,2
0.0,-0.3333333333333333,0.10714285714285714,-0.11320754716981132,0.25,0.25,-0.23414634146341465,0.23076923076923078,0.0,-0.13636363636363635,-0.34517766497461927,-0.18556701030927836,-0.9591836734693877,-1.0,0.125,-0.07692307692307693,1.1111111111111112,0.9166666666666666,3
-0.6666666666666666,0.0,-0.32142857142857145,0.7547169811320755,5.25,11.0,-0.13658536585365855,0.15384615384615385,0.0,-0.09090909090909091,1.299492385786802,-0.12558575445173384,0.2857142857142857,6.111111111111111,0.5,0.0,-1.0,-1.0833333333333333,0
1.1666666666666667,1.4444444444444444,0.9642857142857143,0.1320754716981132,-1.375,-0.5,1.9317073170731707,-1.3076923076923077,2.25,1.0454545454545454,2.0913705583756346,2.2436738519212747,1.836734693877551,1.4444444444444444,0.0,-0.15384615384615385,-0.8888888888888888,-1.0833333333333333,0
0.3333333333333333,-0.1111111111111111,-0.21428571428571427,0.1509433962264151,0.5,-0.5,-0.05853658536585366,-0.07692307692307693,0.0,-0.13636363636363635,-0.02030456852791878,0.00937207122774133,-0.04081632653061224,-0.6666666666666666,1.0,-0.7692307692307693,1.2222222222222223,0.6666666666666666,0
-0.25,-0.1111111111111111,-0.4642857142857143,-0.1509433962264151,0.5,0.25,-0.37073170731707317,0.38461538461538464,-0.25,0.0,-0.30456852791878175,-0.29053420805998126,-0.20408163265306123,-0.5555555555555556,-0.25,-0.6153846153846154,0.4444444444444444,0.5,3
-0.5833333333333334,-1.1111111111111112,-0.6071428571428571,-0.4716981132075472,0.0,-0.25,-0.6634146341463415,0.8461538461538461,-0.5,-0.8636363636363636,-0.7309644670050761,-0.5079662605435802,-1.2653061224489797,-0.8888888888888888,-0.375,0.23076923076923078,1.2222222222222223,1.0,3
0.0,0.0,0.6785714285714286,0.6037735849056604,0.125,0.75,0.526829268292683,-0.5384615384615384,0.75,0.0,0.5076142131979695,0.549203373945642,-0.4489795918367347,-0.8888888888888888,-0.125,0.23076923076923078,0.6666666666666666,0.6666666666666666,2
-0.5833333333333334,-0.8888888888888888,-0.32142857142857145,-0.41509433962264153,0.0,0.25,-0.44878048780487806,0.5384615384615384,-0.25,-0.7272727272727273,-0.4873096446700508,-0.3467666354264292,-0.9591836734693877,-0.6666666666666666,-0.375,-0.07692307692307693,0.5555555555555556,0.5,3
-0.25,-1.1111111111111112,-0.4642857142857143,-0.5471698113207547,-0.75,-0.5,-0.6439024390243903,0.8461538461538461,-0.5,-1.2727272727272727,-0.5888324873096447,-0.5042174320524836,-1.1428571428571428,-0.7777777777777778,0.0,1.1538461538461537,0.7777777777777778,0.5,2
-0.4166666666666667,0.2222222222222222,-0.17857142857142858,0.11320754716981132,0.875,-0.5,-0.07804878048780488,0.0,0.0,0.09090909090909091,0.06091370558375635,-0.03561387066541706,0.3673469387755102,-0.1111111111111111,0.0,0.0,0.0,-0.08333333333333333,0
-0.3333333333333333,-0.2222222222222222,0.21428571428571427,-0.39622641509433965,-0.375,0.5,-0.07804878048780488,0.07692307692307693,0.0,-0.09090909090909091,-0.08121827411167512,-0.05060918462980318,-0.2653061224489796,0.0,0.375,0.15384615384615385,-0.2222222222222222,0.08333333333333333,3
0.08333333333333333,0.5555555555555556,0.0,0.7169811320754716,1.25,-0.75,0.35121951219512193,-0.46153846153846156,0.5,0.36363636363636365,0.38578680203045684,0.3992502343017807,0.6530612244897959,-0.1111111111111111,0.125,-0.6923076923076923,0.8888888888888888,0.25,0
0.25,1.2222222222222223,0.8571428571428571,0.6792452830188679,0.5,0.25,0.9365853658536586,-0.8461538461538461,1.0,0.9090909090909091,1.015228426395939,0.9953139643861293,1.469387755102041,0.2222222222222222,0.125,-0.6923076923076923,-0.3333333333333333,-0.16666666666666666,1
-0.3333333333333333,-0.8888888888888888,-1.0,-1.0566037735849056,-1.125,-0.5,-0.7414634146341463,1.0769230769230769,-0.5,-0.7727272727272727,-0.8121827411167513,-0.5716963448922212,-1.0,0.8888888888888888,-0.375,0.23076923076923078,-0.8888888888888888,-0.9166666666666666,3
0.5,-0.3333333333333333,-0.07142857142857142,0.6037735849056604,1.0,-0.5,0.4097560975609756,-0.5384615384615384,0.5,-0.3181818181818182,0.5076142131979695,0.4742268041237113,-0.46938775510204084,0.0,-0.125,-0.07692307692307693,1.0,0.25,0
0.9166666666666666,1.1111111111111112,0.75,0.39622641509433965,0.0,0.5,1.170731707317073,-0.9230769230769231,1.25,1.2272727272727273,0.9746192893401016,1.2277413308341143,0.9387755102040817,0.2222222222222222,0.0,0.0,-0.4444444444444444,-0.08333333333333333,2
0.6666666666666666,1.3333333333333333,0.75,0.9433962264150944,1.0,0.5,1.0146341463414634,-0.8461538461538461,1.25,1.0454545454545454,1.015228426395939,1.0965323336457358,1.0,0.2222222222222222,0.125,-0.46153846153846156,-0.3333333333333333,-0.25,1
-0.75,0.3333333333333333,-0.14285714285714285,-0.22641509433962265,0.375,-0.5,-0.03902439024390244,0.0,0.0,-0.045454545454545456,-0.04060913705583756,-0.016869728209934397,0.20408163265306123,0.3333333333333333,-0.625,-0.6153846153846154,-0.4444444444444444,-0.3333333333333333,0
-0.75,-0.7777777777777778,-0.9285714285714286,-0.8301886792452831,-0.25,-0.75,-0.6439024390243903,0.9230769230769231,-0.5,-0.9545454545454546,-0.7309644670050761,-0.5154639175257731,-0.8367346938775511,1.1111111111111112,0.25,-0.7692307692307693,-1.1111111111111112,-1.0833333333333333,3
0.08333333333333333,-0.1111111111111111,-0.5357142857142857,0.1509433962264151,1.0,-0.25,-0.11707317073170732,0.0,0.0,-0.18181818181818182,-0.16243654822335024,-0.05435801312089972,0.061224489795918366,-0.4444444444444444,0.5,-0.7692307692307693,1.1111111111111112,0.8333333333333334,0
-0.5,-0.5555555555555556,-0.32142857142857145,-0.32075471698113206,0.0,-0.25,-0.25365853658536586,0.23076923076923078,-0.25,-0.45454545454545453,-0.2639593908629442,-0.19306466729147143,-0.673469387755102,-0.3333333333333333,-0.5,-0.6923076923076923,0.3333333333333333,0.25,0
0.5,1.0,0.9285714285714286,1.0188679245283019,0.625,0.75,0.9365853658536586,-0.8461538461538461,1.0,0.8636363636363636,0.8934010152284264,0.9915651358950328,1.0204081632653061,-0.4444444444444444,-0.625,-0.38461538461538464,0.2222222222222222,0.4166666666666667,2
-0.6666666666666666,0.1111111111111111,0.03571428571428571,-0.20754716981132076,0.375,0.25,-0.17560975609756097,0.15384615384615385,0.0,0.09090909090909091,-0.16243654822335024,-0.12933458294283037,0.0,-0.1111111111111111,-0.5,-0.5384615384615384,-0.1111111111111111,0.25,3
-0.8333333333333334,-0.8888888888888888,-0.8928571428571429,-0.8679245283018868,-0.5,-0.5,-0.5463414634146342,0.7692307692307693,-0.25,-0.9545454545454546,-0.6903553299492385,-0.45173383317713217,-0.7142857142857143,1.1111111111111112,0.125,-0.6153846153846154,-1.1111111111111112,-1.0833333333333333,2
1.1666666666666667,1.1111111111111112,0.6785714285714286,0.7169811320754716,0.5,0.75,1.2097560975609756,-0.9230769230769231,1.5,0.9545454545454546,1.0558375634517767,1.2652296157450797,0.8571428571428571,0.0,-0.5,1.3076923076923077,-0.2222222222222222,0.25,2
0.75,0.1111111111111111,0.21428571428571427,0.5283018867924528,0.375,-0.5,0.7024390243902439,-0.7692307692307693,0.75,0.0,0.8121827411167513,0.7928772258669166,-0.22448979591836735,0.4444444444444444,0.125,-0.3076923076923077,0.6666666666666666,-0.25,0
-1.0833333333333333,-0.6666666666666666,-0.5714285714285714,-0.6792452830188679,-0.75,-0.25,-0.1951219512195122,0.23076923076923078,0.0,-0.7272727272727273,-0.18274111675126903,-0.1668228678537957,-0.32653061224489793,1.2222222222222223,0.5,0.6923076923076923,-1.0,-0.9166666666666666,2
-0.3333333333333333,-0.1111111111111111,0.21428571428571427,-0.09433962264150944,0.375,0.75,-0.01951219512195122,0.0,0.0,0.22727272727272727,-0.08121827411167512,-0.00937207122774133,0.0,0.0,0.0,-0.15384615384615385,-0.4444444444444444,0.0,3
-0.4166666666666667,-0.2222222222222222,-0.07142857142857142,-0.2641509433962264,-0.375,0.0,-0.3121951219512195,0.3076923076923077,-0.25,-0.18181818181818182,-0.2436548223350254,-0.24554826616682288,-0.32653061224489793,-0.8888888888888888,0.625,0.0,1.0,0.75,2
0.0,-1.0,-0.4642857142857143,-0.20754716981132076,-0.25,-0.5,-0.2731707317073171,0.23076923076923078,-0.25,-0.8181818181818182,-0.30456852791878175,-0.204311152764761,-1.1020408163265305,-0.8888888888888888,0.0,0.15384615384615385,0.8888888888888888,0.5,1
0.6666666666666666,0.4444444444444444,1.0,1.0754716981132075,0.875,0.5,1.0146341463414634,-0.8461538461538461,1.25,0.36363636363636365,1.116751269035533,1.0590440487347703,0.6122448979591837,-0.2222222222222222,0.0,2.076923076923077,0.1111111111111111,0.5,1
-0.5,-0.6666666666666666,0.21428571428571427,0.22641509433962265,0.0,0.0,0.15609756097560976,-0.23076923076923078,0.25,-0.7727272727272727,0.18274111675126903,0.16307403936269915,-0.8979591836734694,-1.0,-0.5,1.0769230769230769,1.0,0.75,1
0.5833333333333334,0.2222222222222222,0.39285714285714285,0.1320754716981132,0.75,0.25,0.01951219512195122,0.0,0.25,0.18181818181818182,-0.14213197969543148,0.016869728209934397,0.20408163265306123,-0.5555555555555556,1.5,-0.3076923076923077,0.3333333333333333,0.3333333333333333,3
-0.9166666666666666,0.0,-0.25,-0.8867924528301887,-1.125,-0.25,-0.07804878048780488,0.07692307692307693,0.0,0.045454545454545456,-0.06091370558375635,-0.06935332708528585,0.061224489795918366,1.1111111111111112,-0.375,-0.6923076923076923,-1.0,-0.9166666666666666,0
-0.25,0.4444444444444444,0.25,2.660377358490566,8.125,10.25,-0.05853658536585366,0.07692307692307693,0.0,0.45454545454545453,1.9289340101522843,-0.046860356138706656,0.5306122448979592,5.111111111111111,-0.625,0.3076923076923077,-0.4444444444444444,-0.16666666666666666,3
1.0833333333333333,1.0,0.6785714285714286,0.20754716981132076,-0.875,0.5,1.170731707317073,-0.9230769230769231,1.25,1.1363636363636365,1.1776649746192893,1.246485473289597,0.8979591836734694,0.2222222222222222,-0.5,-0.15384615384615385,-0.2222222222222222,0.08333333333333333,2
-1.0,0.1111111111111111,-0.39285714285714285,0.07547169811320754,1.5,-0.5,-0.0975609756097561,0.07692307692307693,0.0,0.0,-0.08121827411167512,-0.08434864104967198,0.24489795918367346,0.3333333333333333,0.25,-0.8461538461538461,-0.6666666666666666,-0.5833333333333334,0
0.16666666666666666,0.4444444444444444,0.8928571428571429,0.9245283018867925,0.75,0.25,0.9560975609756097,-0.8461538461538461,1.0,0.22727272727272727,1.015228426395939,1.0103092783505154,0.5714285714285714,0.2222222222222222,0.0,-0.15384615384615385,-0.3333333333333333,-0.25,1
-0.4166666666666667,-0.7777777777777778,-1.0,-1.1320754716981132,-1.125,-0.75,-0.7219512195121951,1.0769230769230769,-0.5,-0.8181818181818182,-0.8527918781725888,-0.5679475164011246,-1.0,1.5555555555555556,0.375,0.38461538461538464,-1.1111111111111112,-1.0833333333333333,3
0.08333333333333333,0.5555555555555556,0.2857142857142857,-0.5283018867924528,-0.875,0.75,0.03902439024390244,0.0,0.25,0.7272727272727273,0.02030456852791878,0.028116213683223992,0.24489795918367346,0.3333333333333333,0.0,-0.46153846153846156,-0.6666666666666666,-0.16666666666666666,3
0.0,-0.7777777777777778,-0.10714285714285714,0.33962264150943394,0.25,0.0,0.15609756097560976,-0.23076923076923078,0.25,-0.5454545454545454,0.28426395939086296,0.17432052483598875,-0.7142857142857143,-0.5555555555555556,-0.125,-0.3076923076923077,0.3333333333333333,0.08333333333333333,2
2.1666666666666665,1.1111111111111112,0.9642857142857143,1.0377358490566038,0.5,1.0,1.1121951219512196,-0.9230769230769231,1.25,0.9545454545454546,0.934010152284264,1.1865042174320526,1.183673469387755,-0.6666666666666666,1.875,-0.7692307692307693,0.3333333333333333,0.5,2
0.0,0.2222222222222222,0.10714285714285714,-0.37735849056603776,-0.375,0.75,0.05853658536585366,0.0,0.25,0.6363636363636364,0.06091370558375635,0.046860356138706656,0.30612244897959184,0.5555555555555556,-0.375,-0.5384615384615384,-0.6666666666666666,-0.16666666666666666,3
-0.16666666666666666,-0.1111111111111111,-0.32142857142857145,-0.6037735849056604,-0.75,0.0,-0.5073170731707317,0.6153846153846154,-0.25,0.0,-0.36548223350253806,-0.39550140581068416,-0.3673469387755102,-0.2222222222222222,-0.5,-0.23076923076923078,0.1111111111111111,-0.16666666666666666,3
-0.6666666666666666,-0.2222222222222222,-0.4642857142857143,-0.8113207547169812,-0.875,-0.5,-0.15609756097560976,0.23076923076923078,0.0,-0.22727272727272727,-0.10152284263959391,-0.15557638238050608,0.0,1.7777777777777777,0.125,0.23076923076923078,-1.0,-1.1666666666666667,0
-0.3333333333333333,0.3333333333333333,0.07142857142857142,-0.33962264150943394,0.375,0.75,0.0,0.07692307692307693,0.25,0.7727272727272727,-0.14213197969543148,-0.02436738519212746,0.2857142857142857,0.4444444444444444,0.125,0.15384615384615385,-0.5555555555555556,-0.25,3
-0.16666666666666666,0.1111111111111111,0.0,0.20754716981132076,-0.25,0.25,0.13658536585365855,-0.23076923076923078,0.25,0.09090909090909091,0.14213197969543148,0.17057169634489222,0.10204081632653061,-1.1111111111111112,-0.625,-0.07692307692307693,1.1111111111111112,1.0,2
-1.25,-0.6666666666666666,-0.5714285714285714,-0.9433962264150944,-1.25,-0.5,-0.2731707317073171,0.3076923076923077,0.0,-0.7272727272727273,-0.30456852791878175,-0.22305529522024367,-0.5714285714285714,0.5555555555555556,-0.375,-0.5384615384615384,-0.8888888888888888,-0.9166666666666666,2
-0.08333333333333333,-0.6666666666666666,-0.2857142857142857,0.16981132075471697,0.625,-0.25,-0.03902439024390244,0.0,0.0,-0.5909090909090909,0.08121827411167512,-0.013120899718837863,-0.8979591836734694,-0.2222222222222222,-0.125,1.0,0.0,-0.08333333333333333,2
0.4166666666666667,1.2222222222222223,0.7857142857142857,1.1886792452830188,1.125,0.25,1.053658536585366,-0.9230769230769231,1.25,1.0,1.1979695431472082,1.134020618556701,1.4489795918367347,0.0,-0.5,-0.38461538461538464,-0.1111111111111111,0.08333333333333333,1
0.6666666666666666,-0.2222222222222222,-0.6071428571428571,0.18867924528301888,0.75,-0.5,-0.13658536585365855,0.0,0.0,-0.3181818181818182,-0.16243654822335024,-0.06560449859418932,-0.1836734693877551,-0.7777777777777778,0.25,0.0,1.4444444444444444,1.0833333333333333,0
0.6666666666666666,1.3333333333333333,0.8928571428571429,0.37735849056603776,-1.0,-0.5,1.9707317073170731,-1.3076923076923077,2.25,1.0,1.9898477157360406,2.239925023430178,1.1428571428571428,1.2222222222222223,0.0,1.1538461538461537,-1.0,-1.0,0
0.08333333333333333,-0.8888888888888888,-0.4642857142857143,-0.2641509433962264,0.0,0.0,-0.44878048780487806,0.5384615384615384,-0.25,-0.5,-0.467005076142132,-0.35051546391752575,-1.1224489795918366,-1.1111111111111112,0.5,-0.6153846153846154,1.3333333333333333,1.0,3
0.3333333333333333,0.0,0.6071428571428571,0.5660377358490566,0.25,0.25,0.5658536585365853,-0.5384615384615384,0.75,-0.09090909090909091,0.5076142131979695,0.5754451733833177,-0.1836734693877551,-0.6666666666666666,-0.125,-0.23076923076923078,0.2222222222222222,0.25,2
-0.3333333333333333,0.3333333333333333,0.17857142857142858,-0.6037735849056604,-0.75,0.75,0.01951219512195122,0.07692307692307693,0.25,0.6363636363636364,-0.16243654822335024,-0.016869728209934397,0.04081632653061224,0.2222222222222222,0.0,-0.15384615384615385,-0.7777777777777778,-0.3333333333333333,3
1.1666666666666667,1.0,0.8571428571428571,1.0566037735849056,0.625,0.75,1.0341463414634147,-0.8461538461538461,1.25,0.7727272727272727,0.9137055837563451,1.1040299906279287,0.7755102040816326,-0.6666666666666666,-0.625,-0.7692307692307693,0.2222222222222222,0.4166666666666667,1
-0.6666666666666666,-0.5555555555555556,-0.39285714285714285,-0.8679245283018868,-1.125,-0.75,-0.5463414634146342,0.7692307692307693,-0.25,-0.5,-0.5888324873096447,-0.44048734770384257,-0.6530612244897959,0.3333333333333333,0.375,-0.23076923076923078,-0.7777777777777778,-0.75,3
0.8333333333333334,0.6666666666666666,0.6785714285714286,0.8867924528301887,0.25,0.25,0.7219512195121951,-0.6923076923076923,0.75,0.6818181818181818,0.751269035532995,0.781630740393627,0.22448979591836735,-0.8888888888888888,0.0,-0.46153846153846156,1.0,0.6666666666666666,1
-1.3333333333333333,-0.6666666666666666,-0.5714285714285714,-0.5660377358490566,-0.25,-0.75,-0.5073170731707317,0.6923076923076923,-0.25,-0.7272727272727273,-0.649746192893401,-0.41799437675726336,-0.7142857142857143,0.7777777777777778,1.0,0.7692307692307693,-0.6666666666666666,-0.75,1
0.25,-0.4444444444444444,-0.32142857142857145,-0.8490566037735849,-1.375,0.0,-0.37073170731707317,0.5384615384615384,-0.25,-0.22727272727272727,-0.30456852791878175,-0.33552014995313967,-0.7142857142857143,0.8888888888888888,0.625,0.15384615384615385,-0.6666666666666666,-1.0833333333333333,3
-0.8333333333333334,-0.2222222222222222,-0.4642857142857143,-0.16981132075471697,0.75,-0.25,-0.11707317073170732,0.15384615384615385,0.0,-0.09090909090909091,-0.06091370558375635,-0.09559512652296158,-0.30612244897959184,0.6666666666666666,-0.125,-0.6923076923076923,-0.7777777777777778,-0.6666666666666666,0
0.0,0.1111111111111111,0.25,0.6792452830188679,1.0,-0.25,0.5463414634146342,-0.6153846153846154,0.75,-0.045454545454545456,0.5279187817258884,0.6166822867853796,0.1836734693877551,0.0,-0.625,-0.5384615384615384,0.5555555555555556,0.08333333333333333,0
-0.3333333333333333,-0.3333333333333333,-0.14285714285714285,-0.41509433962264153,-0.625,-0.25,-0.1951219512195122,0.23076923076923078,0.0,-0.4090909090909091,-0.14213197969543148,-0.15557638238050608,-0.3673469387755102,0.4444444444444444,1.625,-0.46153846153846156,-0.5555555555555556,-0.6666666666666666,1
-1.0,-0.1111111111111111,-0.39285714285714285,-0.7547169811320755,-0.5,0.0,-0.13658536585365855,0.23076923076923078,0.0,0.0,-0.16243654822335024,-0.1330834114339269,-0.04081632653061224,1.2222222222222223,0.125,0.5384615384615384,-1.1111111111111112,-1.0,0
0.4166666666666667,1.2222222222222223,0.7857142857142857,1.0188679245283019,1.0,0.75,1.3463414634146342,-1.0,1.5,1.4545454545454546,1.0964467005076142,1.4601686972820993,0.8571428571428571,0.2222222222222222,0.125,0.23076923076923078,-0.2222222222222222,-0.08333333333333333,1
-0.5833333333333334,0.0,-0.03571428571428571,-0.018867924528301886,0.875,0.25,-0.2731707317073171,0.23076923076923078,-0.25,0.045454545454545456,-0.18274111675126903,-0.20056232427366447,-0.061224489795918366,-0.2222222222222222,-0.5,0.0,0.1111111111111111,0.4166666666666667,3
0.4166666666666667,0.5555555555555556,0.17857142857142858,1.0188679245283019,1.625,-0.25,0.6634146341463415,-0.6923076923076923,0.75,0.36363636363636365,0.6294416243654822,0.7478912839737581,0.7142857142857143,0.2222222222222222,-0.125,-0.3076923076923077,0.6666666666666666,-0.08333333333333333,0
0.25,1.2222222222222223,0.6785714285714286,-0.07547169811320754,-0.875,0.5,1.1512195121951219,-0.9230769230769231,1.25,1.3181818181818181,0.9949238578680203,1.2164948453608246,0.9591836734693877,0.4444444444444444,-0.25,-0.38461538461538464,-0.4444444444444444,-0.25,1
0.3333333333333333,1.6666666666666667,1.0357142857142858,1.169811320754717,1.125,0.75,1.326829268292683,-1.0,1.5,1.8181818181818181,0.9746192893401016,1.4001874414245548,0.8979591836734694,-0.2222222222222222,0.625,1.0769230769230769,-0.3333333333333333,0.16666666666666666,1
-0.08333333333333333,-0.5555555555555556,0.42857142857142855,0.49056603773584906,0.125,0.0,0.3902439024390244,-0.46153846153846156,0.5,-0.4090909090909091,0.38578680203045684,0.4029990627928772,-0.46938775510204084,-0.5555555555555556,-0.25,0.9230769230769231,0.3333333333333333,0.3333333333333333,1
-1.6666666666666667,-0.7777777777777778,-0.9285714285714286,-1.0188679245283019,-0.875,-0.5,-0.5853658536585366,0.9230769230769231,-0.25,-0.8181818181818182,-0.8527918781725888,-0.492970946579194,-0.5510204081632653,1.1111111111111112,-0.5,0.3076923076923077,-1.4444444444444444,-1.0,1
-0.3333333333333333,-0.2222222222222222,0.35714285714285715,-0.33962264150943394,0.0,0.75,-0.0975609756097561,0.07692307692307693,0.0,-0.045454545454545456,-0.14213197969543148,-0.07685098406747891,-0.22448979591836735,0.0,0.75,0.9230769230769231,-0.2222222222222222,0.25,3
0.6666666666666666,1.0,0.8571428571428571,0.7169811320754716,0.25,0.25,0.7609756097560976,-0.6923076923076923,0.75,0.7272727272727273,0.6700507614213198,0.7966260543580131,0.7346938775510204,-0.4444444444444444,0.0,-0.46153846153846156,0.2222222222222222,0.16666666666666666,1
-0.16666666666666666,-0.5555555555555556,0.14285714285714285,0.09433962264150944,-0.125,0.0,0.3121951219512195,-0.38461538461538464,0.5,-0.5454545454545454,0.40609137055837563,0.32427366447985007,-0.4489795918367347,0.0,-0.625,-0.07692307692307693,-0.1111111111111111,-0.16666666666666666,2
-0.5833333333333334,-0.4444444444444444,-0.6071428571428571,-0.4716981132075472,0.125,-0.25,-0.11707317073170732,0.15384615384615385,0.0,-0.5909090909090909,-0.2436548223350254,-0.10684161199625117,-0.02040816326530612,1.1111111111111112,-0.375,-0.6153846153846154,-1.0,-0.9166666666666666,2
0.9166666666666666,0.8888888888888888,0.5357142857142857,0.8113207547169812,0.625,-0.75,1.0146341463414634,-0.9230769230769231,1.25,0.6818181818181818,1.015228426395939,1.1527647610121836,0.8979591836734694,0.4444444444444444,0.75,-0.5384615384615384,0.4444444444444444,-0.4166666666666667,0
-0.3333333333333333,0.0,-0.39285714285714285,-0.9811320754716981,-1.375,-0.25,-0.11707317073170732,0.15384615384615385,0.0,0.045454545454545456,-0.1218274111675127,-0.11433926897844424,0.30612244897959184,1.7777777777777777,0.125,-0.46153846153846156,-1.1111111111111112,-1.1666666666666667,0
-0.5,0.2222222222222222,-0.2857142857142857,-0.11320754716981132,0.625,-0.5,-0.0975609756097561,0.07692307692307693,0.0,0.0,-0.04060913705583756,-0.05810684161199625,0.30612244897959184,0.1111111111111111,-0.375,-0.8461538461538461,-0.3333333333333333,-0.5,0
0.5,0.7777777777777778,0.4642857142857143,0.7169811320754716,0.5,-0.75,1.0341463414634147,-0.9230769230769231,1.25,0.5909090909090909,1.116751269035533,1.1715089034676665,0.8163265306122449,0.6666666666666666,0.0,0.0,0.2222222222222222,-0.5833333333333334,0
0.08333333333333333,-0.8888888888888888,-0.39285714285714285,-0.7169811320754716,-0.875,-0.25,-0.5658536585365853,0.6923076923076923,-0.25,-0.6363636363636364,-0.4467005076142132,-0.43673851921274603,-1.183673469387755,-0.6666666666666666,-0.5,-0.6923076923076923,0.6666666666666666,0.0,3
-1.1666666666666667,-0.4444444444444444,0.03571428571428571,-0.6037735849056604,-0.75,-0.25,-0.17560975609756097,0.3076923076923077,0.0,-0.5,-0.10152284263959391,-0.1780693533270853,-0.6122448979591837,0.4444444444444444,0.375,1.4615384615384615,-0.8888888888888888,-0.25,1
-0.3333333333333333,-0.4444444444444444,-0.10714285714285714,0.4339622641509434,1.875,-0.25,-0.11707317073170732,0.07692307692307693,0.0,-0.45454545454545453,-0.06091370558375635,-0.061855670103092786,-0.5306122448979592,0.0,-0.25,-0.23076923076923078,0.4444444444444444,0.08333333333333333,0
1.4166666666666667,1.5555555555555556,0.9642857142857143,0.2830188679245283,-1.25,-0.5,2.048780487804878,-1.3076923076923077,2.25,1.1363636363636365,2.050761421319797,2.3973758200562325,1.6938775510204083,1.2222222222222223,0.5,0.15384615384615385,-0.8888888888888888,-1.1666666666666667,0
-0.3333333333333333,-0.3333333333333333,0.17857142857142858,-0.4528301886792453,-0.375,0.25,-0.13658536585365855,0.15384615384615385,0.0,-0.045454545454545456,-0.10152284263959391,-0.10684161199625117,-0.24489795918367346,0.0,-0.125,0.5384615384615384,-0.1111111111111111,0.3333333333333333,3
-0.5833333333333334,-0.7777777777777778,-0.6785714285714286,-0.9433962264150944,-0.875,-0.75,-0.7219512195121951,1.0,-0.5,-0.6363636363636364,-0.7309644670050761,-0.5604498594189316,-0.9183673469387755,0.0,-0.375,-0.23076923076923078,-0.3333333333333333,-0.5,3
-0.16666666666666666,-0.2222222222222222,0.17857142857142858,0.8301886792452831,1.75,-0.5,0.2926829268292683,-0.38461538461538464,0.25,-0.36363636363636365,0.2436548223350254,0.3280224929709466,-0.2653061224489796,-0.3333333333333333,-0.25,0.07692307692307693,0.7777777777777778,0.4166666666666667,0
-1.0833333333333333,-0.7777777777777778,-0.7857142857142857,-0.9245283018867925,-0.75,-0.5,-0.6048780487804878,0.8461538461538461,-0.25,-0.9545454545454546,-0.7106598984771574,-0.4854732895970009,-0.8571428571428571,1.0,0.375,-0.46153846153846156,-1.2222222222222223,-1.0,1
0.9166666666666666,1.2222222222222223,1.0,1.0754716981132075,0.875,0.75,1.2097560975609756,-0.9230769230769231,1.25,1.2272727272727273,1.116751269035533,1.2914714151827553,1.1224489795918366,-0.1111111111111111,-0.25,-0.07692307692307693,-0.1111111111111111,0.25,2
0.08333333333333333,-0.6666666666666666,0.17857142857142858,-0.1320754716981132,-0.75,0.25,0.25365853658536586,-0.3076923076923077,0.25,-0.7272727272727273,0.38578680203045684,0.26804123711340205,-0.3877551020408163,-0.3333333333333333,0.5,0.3076923076923077,0.1111111111111111,-0.08333333333333333,1
0.9166666666666666,0.8888888888888888,0.75,0.49056603773584906,-0.25,0.25,0.8,-0.7692307692307693,1.0,0.5454545454545454,0.8324873096446701,0.8416119962511716,1.2244897959183674,-0.2222222222222222,0.625,-0.07692307692307693,0.2222222222222222,0.16666666666666666,2
0.08333333333333333,0.4444444444444444,0.2857142857142857,-0.05660377358490566,0.375,0.5,0.01951219512195122,0.0,0.25,0.6818181818181818,0.04060913705583756,0.016869728209934397,0.24489795918367346,0.3333333333333333,-0.125,0.3076923076923077,-0.5555555555555556,-0.08333333333333333,3
-0.75,0.1111111111111111,-0.4642857142857143,-0.20754716981132076,0.5,-0.5,-0.2146341463414634,0.23076923076923078,0.0,-0.09090909090909091,-0.18274111675126903,-0.17432052483598875,0.061224489795918366,0.1111111111111111,-0.375,-0.6153846153846154,-0.5555555555555556,-0.6666666666666666,0
0.3333333333333333,0.6666666666666666,1.0357142857142858,0.8679245283018868,0.5,0.5,1.1317073170731706,-0.9230769230769231,1.25,0.45454545454545453,1.116751269035533,1.2164948453608246,0.8979591836734694,0.0,0.25,1.3846153846153846,-0.1111111111111111,0.08333333333333333,1
-0.3333333333333333,-0.2222222222222222,0.03571428571428571,-0.2641509433962264,0.125,-0.5,-0.23414634146341465,0.23076923076923078,0.0,-0.3181818181818182,-0.2233502538071066,-0.1893158388003749,-0.08163265306122448,0.2222222222222222,1.5,0.15384615384615385,-0.4444444444444444,-0.5833333333333334,2
-0.5833333333333334,-0.1111111111111111,-0.39285714285714285,-0.24528301886792453,0.125,-0.25,-0.11707317073170732,0.07692307692307693,0.0,-0.18181818181818182,0.04060913705583756,-0.08059981255857544,-0.20408163265306123,0.3333333333333333,-0.125,-0.15384615384615385,-0.1111111111111111,-0.3333333333333333,0
0.16666666666666666,0.2222222222222222,0.9285714285714286,1.0188679245283019,0.875,0.25,0.8780487804878049,-0.7692307692307693,1.0,0.09090909090909091,0.934010152284264,0.9128397375820057,0.5510204081632653,-0.3333333333333333,0.0,2.076923076923077,0.2222222222222222,0.5,1
-0.5,0.0,-0.5,-0.7735849056603774,-0.625,-0.5,-0.13658536585365855,0.23076923076923078,0.0,-0.09090909090909091,-0.14213197969543148,-0.14058106841611998,-0.061224489795918366,1.6666666666666667,-0.125,0.07692307692307693,-1.1111111111111112,-1.1666666666666667,0
-0.9166666666666666,0.1111111111111111,-0.4642857142857143,1.6415094339622642,8.125,11.0,-0.15609756097560976,0.15384615384615385,0.0,-0.09090909090909091,1.218274111675127,-0.1218369259606373,0.22448979591836735,5.222222222222222,-0.5,-0.7692307692307693,-0.8888888888888888,-0.9166666666666666,0
0.16666666666666666,-0.2222222222222222,0.21428571428571427,0.16981132075471697,0.625,0.25,-0.05853658536585366,0.07692307692307693,0.0,-0.09090909090909091,-0.18274111675126903,-0.04311152764761012,-0.4897959183673469,-0.7777777777777778,0.75,-0.46153846153846156,0.7777777777777778,0.6666666666666666,3
0.08333333333333333,-0.2222222222222222,-0.39285714285714285,-0.2830188679245283,0.375,-0.25,-0.5463414634146342,0.6923076923076923,-0.25,-0.13636363636363635,-0.467005076142132,-0.4217432052483599,-0.30612244897959184,-0.3333333333333333,1.125,-0.46153846153846156,0.3333333333333333,0.0,3
-0.08333333333333333,-0.6666666666666666,-0.6785714285714286,-0.660377358490566,0.125,-0.75,-0.8195121951219512,1.1538461538461537,-0.5,-0.6363636363636364,-0.8527918781725888,-0.6166822867853796,-0.7551020408163265,0.0,1.125,-0.46153846153846156,0.1111111111111111,-0.16666666666666666,3
0.75,0.1111111111111111,0.14285714285714285,0.6226415094339622,0.5,-0.75,0.7414634146341463,-0.7692307692307693,0.75,0.0,0.9746192893401016,0.8153701968134958,-0.14285714285714285,0.7777777777777778,-0.625,1.2307692307692308,0.4444444444444444,-0.4166666666666667,0
1.25,1.0,0.8571428571428571,0.6981132075471698,0.375,0.5,1.248780487804878,-1.0,1.5,1.0,0.9543147208121827,1.3214620431115276,0.8163265306122449,0.1111111111111111,0.75,-0.07692307692307693,-0.1111111111111111,0.25,2
0.5,0.2222222222222222,0.9285714285714286,0.8301886792452831,0.375,0.75,0.8,-0.6923076923076923,1.0,0.2727272727272727,0.7106598984771574,0.8116213683223993,-0.30612244897959184,-0.7777777777777778,-0.625,1.6923076923076923,0.5555555555555556,0.75,1
-0.6666666666666666,-0.5555555555555556,-0.07142857142857142,-0.2641509433962264,-0.25,0.0,-0.11707317073170732,0.15384615384615385,0.0,-0.5454545454545454,-0.02030456852791878,-0.10309278350515463,-0.8367346938775511,0.1111111111111111,-0.625,0.38461538461538464,-0.5555555555555556,-0.25,1
-1.0833333333333333,0.0,-0.39285714285714285,-0.5660377358490566,-0.25,0.0,-0.11707317073170732,0.15384615384615385,0.0,-0.045454545454545456,-0.14213197969543148,-0.1105904404873477,-0.02040816326530612,0.8888888888888888,0.25,0.07692307692307693,-1.0,-0.9166666666666666,0
0.5,0.4444444444444444,0.0,0.6415094339622641,0.875,-0.5,0.5658536585365853,-0.6153846153846154,0.75,0.3181818181818182,0.5076142131979695,0.6204311152764761,-0.061224489795918366,0.2222222222222222,0.0,-0.23076923076923078,0.6666666666666666,-0.08333333333333333,0
-0.3333333333333333,-0.4444444444444444,-0.07142857142857142,-0.11320754716981132,0.5,0.25,-0.23414634146341465,0.23076923076923078,0.0,-0.22727272727272727,-0.18274111675126903,-0.1668228678537957,-0.6326530612244898,-0.2222222222222222,-0.625,-0.46153846153846156,0.1111111111111111,0.3333333333333333,3
0.08333333333333333,0.4444444444444444,0.14285714285714285,-0.05660377358490566,0.375,0.5,0.0,0.0,0.0,0.3181818181818182,0.0,-0.005623242736644799,0.2653061224489796,0.2222222222222222,-0.125,0.23076923076923078,-0.4444444444444444,0.0,3
-1.3333333333333333,-0.6666666666666666,-0.14285714285714285,-0.39622641509433965,-0.25,-0.5,-0.17560975609756097,0.23076923076923078,0.0,-0.6363636363636364,-0.20304568527918782,-0.16307403936269915,-0.7755102040816326,0.8888888888888888,1.375,0.6923076923076923,-0.8888888888888888,-0.75,1
-0.4166666666666667,-1.0,-1.0357142857142858,-0.8301886792452831,-0.375,-0.75,-0.8195121951219512,1.2307692307692308,-0.5,-1.0909090909090908,-0.9137055837563451,-0.6241799437675727,-0.7346938775510204,0.2222222222222222,2.0,-0.5384615384615384,-0.7777777777777778,-0.75,1
0.0,-0.1111111111111111,0.21428571428571427,-0.6037735849056604,-0.875,0.5,-0.01951219512195122,0.07692307692307693,0.0,0.3181818181818182,-0.06091370558375635,-0.028116213683223992,-0.1836734693877551,0.3333333333333333,0.875,0.15384615384615385,-0.5555555555555556,0.0,3
0.16666666666666666,0.3333333333333333,0.32142857142857145,-0.05660377358490566,0.375,0.75,0.05853658536585366,0.0,0.25,0.5,-0.02030456852791878,0.046860356138706656,0.22448979591836735,-0.1111111111111111,0.875,0.15384615384615385,0.0,0.16666666666666666,3
0.5833333333333334,0.1111111111111111,0.75,0.8301886792452831,0.5,0.0,0.8780487804878049,-0.8461538461538461,1.0,0.045454545454545456,1.0964467005076142,0.9465791940018744,0.30612244897959184,0.0,0.0,-0.46153846153846156,0.0,-0.08333333333333333,1
1.3333333333333333,1.0,1.0714285714285714,1.0566037735849056,1.0,1.0,1.2682926829268293,-0.9230769230769231,1.5,1.0454545454545454,0.9949238578680203,1.325210871602624,0.7755102040816326,0.0,1.0,1.3076923076923077,-0.1111111111111111,0.4166666666666667,2
-0.6666666666666666,-0.1111111111111111,-0.5357142857142857,-0.6981132075471698,-0.625,0.0,-0.11707317073170732,0.23076923076923078,0.0,-0.09090909090909091,-0.18274111675126903,-0.12933458294283037,-0.02040816326530612,1.1111111111111112,0.5,0.23076923076923078,-1.0,-1.0,0
0.0,0.5555555555555556,0.0,0.2830188679245283,0.5,-0.25,0.33170731707317075,-0.46153846153846156,0.5,0.5454545454545454,0.2436548223350254,0.3917525773195876,0.40816326530612246,-0.2222222222222222,0.0,-0.07692307692307693,0.8888888888888888,0.5,0
-0.3333333333333333,-0.7777777777777778,-0.8928571428571429,-0.8679245283018868,-1.0,-0.75,-0.4292682926829268,0.5384615384615384,-0.25,-0.8636363636363636,-0.5279187817258884,-0.3467666354264292,-0.5714285714285714,0.7777777777777778,1.375,0.23076923076923078,-0.5555555555555556,-0.9166666666666666,2
-0.25,0.4444444444444444,-0.03571428571428571,-0.4339622641509434,-0.25,0.75,0.07804878048780488,0.0,0.25,0.6363636363636364,-0.08121827411167512,0.04311152764761012,0.22448979591836735,0.4444444444444444,0.625,0.0,-0.6666666666666666,-0.3333333333333333,3
-0.08333333333333333,-0.4444444444444444,0.10714285714285714,-0.03773584905660377,0.25,0.25,-0.1951219512195122,0.15384615384615385,0.0,-0.2727272727272727,-0.2436548223350254,-0.14807872539831302,-0.7551020408163265,-0.8888888888888888,0.5,-0.8461538461538461,1.1111111111111112,0.8333333333333334,3
-0.25,-0.8888888888888888,-0.7857142857142857,-0.660377358490566,-0.5,-0.5,-0.6829268292682927,1.0,-0.5,-0.8636363636363636,-0.8121827411167513,-0.5342080599812559,-0.8571428571428571,-0.4444444444444444,2.125,0.9230769230769231,0.1111111111111111,-0.08333333333333333,2
-0.6666666666666666,0.1111111111111111,-0.2857142857142857,-0.2830188679245283,0.25,0.0,-0.25365853658536586,0.23076923076923078,0.0,0.045454545454545456,-0.1218274111675127,-0.19306466729147143,0.10204081632653061,0.0,-0.375,-0.6153846153846154,-0.2222222222222222,0.0,3
-0.25,0.2222222222222222,0.03571428571428571,-0.41509433962264153,0.125,0.75,0.05853658536585366,0.0,0.25,0.45454545454545453,-0.16243654822335024,0.028116213683223992,0.24489795918367346,0.2222222222222222,1.5,-0.3076923076923077,-0.4444444444444444,-0.25,3
-0.3333333333333333,-0.2222222222222222,-0.32142857142857145,-0.32075471698113206,0.125,-0.25,-0.17560975609756097,0.15384615384615385,0.0,-0.13636363636363635,-0.02030456852791878,-0.1330834114339269,-0.42857142857142855,0.4444444444444444,-0.375,-0.38461538461538464,-0.3333333333333333,-0.5833333333333334,0
-0.6666666666666666,-0.3333333333333333,-0.4642857142857143,-0.18867924528301888,0.5,3.5,-0.13658536585365855,0.15384615384615385,0.0,-0.3181818181818182,-0.08121827411167512,-0.10684161199625117,-0.3877551020408163,0.3333333333333333,0.125,0.38461538461538464,-0.5555555555555556,-0.4166666666666667,0
0.3333333333333333,0.1111111111111111,0.32142857142857145,0.1509433962264151,0.75,0.5,0.01951219512195122,0.0,0.25,0.5,-0.08121827411167512,0.02436738519212746,-0.3469387755102041,-0.5555555555555556,0.375,0.07692307692307693,0.3333333333333333,0.3333333333333333,3
0.5833333333333334,0.4444444444444444,0.5714285714285714,0.8301886792452831,0.875,-0.25,0.8390243902439024,-0.8461538461538461,1.0,0.18181818181818182,0.7918781725888325,0.9240862230552952,0.5306122448979592,0.1111111111111111,0.25,0.0,0.3333333333333333,-0.16666666666666666,0
0.5833333333333334,0.2222222222222222,0.8928571428571429,0.3584905660377358,-0.125,0.25,0.8,-0.6923076923076923,1.0,0.045454545454545456,0.9137055837563451,0.8228678537956888,0.4897959183673469,0.1111111111111111,1.0,0.15384615384615385,0.0,0.08333333333333333,2
-0.5833333333333334,-0.8888888888888888,-0.07142857142857142,0.0,-0.125,-0.25,-0.11707317073170732,0.15384615384615385,0.0,-0.8181818181818182,-0.06091370558375635,-0.10309278350515463,-0.8775510204081632,-0.6666666666666666,-0.625,1.6153846153846154,0.7777777777777778,0.5833333333333334,2
0.3333333333333333,-0.2222222222222222,0.7857142857142857,0.39622641509433965,-0.25,0.25,0.5853658536585366,-0.5384615384615384,0.75,-0.36363636363636365,0.6294416243654822,0.5716963448922212,-0.12244897959183673,-0.5555555555555556,0.25,2.3076923076923075,0.5555555555555556,0.8333333333333334,2
0.4166666666666667,-0.5555555555555556,-0.39285714285714285,-0.8301886792452831,-1.5,-0.25,-0.4292682926829268,0.6153846153846154,-0.25,-0.18181818181818182,-0.2639593908629442,-0.3655107778819119,-0.8163265306122449,0.3333333333333333,-0.125,-0.7692307692307693,-0.3333333333333333,-0.8333333333333334,3
0.75,1.1111111111111112,0.75,-0.03773584905660377,-1.0,0.5,1.1121951219512196,-0.9230769230769231,1.25,1.2272727272727273,0.8527918781725888,1.1640112464854733,0.5510204081632653,0.4444444444444444,0.875,1.2307692307692308,-0.2222222222222222,-0.08333333333333333,1
-0.3333333333333333,0.3333333333333333,0.14285714285714285,2.9622641509433962,9.0,10.0,0.03902439024390244,0.0,0.25,0.7727272727272727,1.0558375634517767,0.020618556701030927,0.04081632653061224,2.7777777777777777,-0.625,0.23076923076923078,-0.5555555555555556,-0.16666666666666666,3
-0.5833333333333334,0.4444444444444444,-0.14285714285714285,-0.5471698113207547,-0.375,0.5,0.0975609756097561,0.0,0.25,0.7727272727272727,-0.14213197969543148,0.046860356138706656,0.22448979591836735,0.3333333333333333,-0.25,-0.7692307692307693,-0.6666666666666666,-0.3333333333333333,3
-0.5,-0.2222222222222222,-0.5357142857142857,-0.2830188679245283,0.375,0.5,-0.44878048780487806,0.5384615384615384,-0.25,-0.18181818181818182,-0.40609137055837563,-0.3542642924086223,-0.30612244897959184,-0.5555555555555556,0.25,-0.7692307692307693,0.4444444444444444,0.4166666666666667,3
-0.4166666666666667,-0.7777777777777778,-0.5714285714285714,-0.660377358490566,-0.375,-0.75,-0.6048780487804878,0.8461538461538461,-0.25,-0.7272727272727273,-0.7309644670050761,-0.4817244611059044,-0.5918367346938775,0.2222222222222222,1.125,0.6923076923076923,-0.5555555555555556,-0.6666666666666666,2
-0.16666666666666666,-0.2222222222222222,0.03571428571428571,-0.05660377358490566,0.625,0.0,-0.15609756097560976,0.07692307692307693,0.0,-0.045454545454545456,-0.1218274111675127,-0.10309278350515463,-0.5510204081632653,-0.2222222222222222,-0.25,-0.46153846153846156,0.0,0.25,3
-0.25,-0.7777777777777778,0.03571428571428571,0.11320754716981132,-0.375,0.25,0.01951219512195122,-0.07692307692307693,0.25,-0.6363636363636364,-0.10152284263959391,0.05435801312089972,-1.2040816326530612,-1.3333333333333333,-0.25,0.5384615384615384,1.3333333333333333,1.0833333333333333,2
-1.0,-0.2222222222222222,-0.5714285714285714,-0.7547169811320755,-0.75,0.0,-0.13658536585365855,0.23076923076923078,0.0,-0.045454545454545456,-0.2233502538071066,-0.14432989690721648,-0.04081632653061224,1.5555555555555556,0.25,-0.3076923076923077,-1.1111111111111112,-1.1666666666666667,0
1.0833333333333333,0.5555555555555556,1.0,0.5471698113207547,-0.5,0.75,1.1317073170731706,-0.9230769230769231,1.25,0.6818181818181818,0.9543147208121827,1.1677600749765698,-0.04081632653061224,-0.5555555555555556,-0.625,2.1538461538461537,0.3333333333333333,0.8333333333333334,1
-1.0833333333333333,-0.1111111111111111,-0.39285714285714285,-0.8490566037735849,-0.875,0.0,-0.11707317073170732,0.15384615384615385,0.0,-0.045454545454545456,-0.1218274111675127,-0.1105904404873477,0.04081632653061224,1.4444444444444444,-0.125,-0.23076923076923078,-1.1111111111111112,-1.0833333333333333,0
0.16666666666666666,0.1111111111111111,0.03571428571428571,0.39622641509433965,0.125,-0.25,0.15609756097560976,-0.23076923076923078,0.25,-0.045454545454545456,0.2233502538071066,0.1780693533270853,0.08163265306122448,-0.7777777777777778,0.75,0.5384615384615384,1.1111111111111112,0.6666666666666666,1
0.8333333333333334,1.1111111111111112,1.0,1.0,0.375,1.0,1.2878048780487805,-1.0,1.5,1.2727272727272727,0.8934010152284264,1.3851921274601686,0.5102040816326531,-0.5555555555555556,-0.625,0.5384615384615384,0.0,0.3333333333333333,1
0.5833333333333334,0.2222222222222222,0.21428571428571427,-0.018867924528301886,0.375,0.75,0.13658536585365855,-0.07692307692307693,0.25,0.7727272727272727,-0.02030456852791878,0.10684161199625117,-0.08163265306122448,-0.1111111111111111,1.625,-0.8461538461538461,0.0,0.0,3
-0.16666666666666666,-0.4444444444444444,-0.10714285714285714,0.11320754716981132,0.75,-0.25,-0.13658536585365855,0.07692307692307693,0.0,-0.5,-0.16243654822335024,-0.09934395501405811,-0.6122448979591837,-0.4444444444444444,-0.125,0.46153846153846156,0.3333333333333333,0.3333333333333333,0
-0.25,-0.1111111111111111,-0.25,0.1320754716981132,-0.25,0.0,-0.03902439024390244,-0.07692307692307693,0.0,-0.09090909090909091,-0.06091370558375635,0.005623242736644799,-0.32653061224489793,-1.2222222222222223,1.25,-0.15384615384615385,1.5555555555555556,1.0833333333333333,2
0.0,-0.8888888888888888,-0.5357142857142857,0.0,1.0,0.0,-0.3902439024390244,0.46153846153846156,-0.25,-0.45454545454545453,-0.3248730964467005,-0.2980318650421743,-0.9591836734693877,-0.5555555555555556,-0.375,1.3846153846153846,0.4444444444444444,0.6666666666666666,3
0.9166666666666666,0.6666666666666666,0.6071428571428571,0.8679245283018868,0.5,0.5,0.6048780487804878,-0.6153846153846154,0.75,0.45454545454545453,0.6091370558375635,0.6316776007497656,0.42857142857142855,-0.7777777777777778,-0.25,-0.3076923076923077,0.6666666666666666,0.8333333333333334,2
0.08333333333333333,0.0,0.17857142857142858,0.9622641509433962,1.625,-0.5,0.5463414634146342,-0.6153846153846154,0.75,-0.045454545454545456,0.6294416243654822,0.6241799437675727,-0.40816326530612246,0.1111111111111111,-0.125,0.8461538461538461,0.7777777777777778,0.08333333333333333,0
0.0,-1.0,-0.25,0.1320754716981132,0.125,-0.25,-0.13658536585365855,0.07692307692307693,0.0,-1.0,-0.16243654822335024,-0.09184629803186505,-1.0,-1.1111111111111112,0.0,1.4615384615384615,1.5555555555555556,1.1666666666666667,1
1.0833333333333333,0.5555555555555556,0.9642857142857143,0.8679245283018868,0.375,0.25,1.0146341463414634,-0.8461538461538461,1.25,0.5454545454545454,0.9543147208121827,1.0740393626991565,0.20408163265306123,-0.4444444444444444,-0.5,1.0,0.1111111111111111,0.5,2
-0.3333333333333333,-0.4444444444444444,0.0,-0.20754716981132076,0.375,0.25,-0.23414634146341465,0.23076923076923078,0.0,-0.3181818181818182,-0.18274111675126903,-0.1780693533270853,-0.5102040816326531,-0.1111111111111111,0.375,-0.3076923076923077,-0.1111111111111111,0.08333333333333333,3
1.4166666666666667,1.3333333333333333,0.8571428571428571,1.0943396226415094,0.375,-0.75,1.8341463414634147,-1.3076923076923077,2.0,1.0454545454545454,2.0913705583756346,2.134957825679475,1.3265306122448979,1.4444444444444444,-0.125,-0.38461538461538464,-0.5555555555555556,-1.0833333333333333,0
-0.6666666666666666,-0.8888888888888888,-0.03571428571428571,-0.3018867924528302,-0.75,-0.25,-0.17560975609756097,0.15384615384615385,0.0,-0.8181818181818182,-0.18274111675126903,-0.14058106841611998,-0.8163265306122449,-0.8888888888888888,0.625,1.0,0.8888888888888888,0.5833333333333334,1
0.0,-0.2222222222222222,-0.32142857142857145,-0.6415094339622641,-0.625,-0.25,-0.5658536585365853,0.7692307692307693,-0.25,-0.045454545454545456,-0.4263959390862944,-0.4442361761949391,-0.4489795918367347,0.2222222222222222,0.0,-0.5384615384615384,0.0,-0.5,3
-0.5,-0.5555555555555556,-0.17857142857142858,-0.24528301886792453,-0.375,-0.5,-0.0975609756097561,0.07692307692307693,0.0,-0.45454545454545453,-0.06091370558375635,-0.08059981255857544,-0.6938775510204082,-0.2222222222222222,-0.5,1.6923076923076923,-0.2222222222222222,0.0,2
-0.16666666666666666,0.1111111111111111,-0.14285714285714285,-0.20754716981132076,-0.5,-0.5,-0.11707317073170732,0.07692307692307693,0.0,0.0,-0.14213197969543148,-0.08809746954076851,0.12244897959183673,-0.6666666666666666,1.375,-0.6923076923076923,0.4444444444444444,0.16666666666666666,1
-0.9166666666666666,-0.6666666666666666,-0.9285714285714286,-0.7547169811320755,-0.25,-0.75,-0.44878048780487806,0.6153846153846154,-0.25,-0.8181818181818182,-0.5076142131979695,-0.37300843486410495,-0.5714285714285714,1.6666666666666667,-0.625,-0.8461538461538461,-1.3333333333333333,-1.0833333333333333,1
1.1666666666666667,0.8888888888888888,0.7857142857142857,1.0,0.375,0.75,0.8975609756097561,-0.7692307692307693,1.0,0.8181818181818182,0.8527918781725888,0.9428303655107779,0.3673469387755102,-0.7777777777777778,1.5,-0.6923076923076923,0.8888888888888888,0.8333333333333334,1
0.4166666666666667,-0.5555555555555556,0.07142857142857142,0.49056603773584906,0.375,0.25,0.1951219512195122,-0.23076923076923078,0.25,-0.36363636363636365,0.14213197969543148,0.21180880974695407,-0.8775510204081632,-1.1111111111111112,0.375,0.6153846153846154,0.8888888888888888,0.75,2
-0.6666666666666666,-0.4444444444444444,-0.25,-0.49056603773584906,-0.25,-0.75,-0.4682926829268293,0.5384615384615384,-0.25,-0.5,-0.36548223350253806,-0.3692596063730084,-0.4897959183673469,-0.4444444444444444,-0.25,-0.15384615384615385,0.2222222222222222,-0.08333333333333333,2
0.4166666666666667,1.1111111111111112,0.8928571428571429,0.39622641509433965,-0.25,0.5,1.1121951219512196,-0.8461538461538461,1.25,1.1818181818181819,0.934010152284264,1.1490159325210871,0.8775510204081632,0.1111111111111111,-0.5,1.1538461538461537,-0.3333333333333333,-0.08333333333333333,1
0.8333333333333334,1.1111111111111112,0.42857142857142855,0.2641509433962264,-0.5,0.75,1.248780487804878,-0.9230769230769231,1.5,1.0909090909090908,0.8730964467005076,1.3064667291471415,0.4897959183673469,0.0,-0.5,1.6153846153846154,-0.3333333333333333,0.16666666666666666,1
-0.08333333333333333,-0.8888888888888888,-0.03571428571428571,0.0,-0.5,0.0,-0.05853658536585366,0.0,0.0,-0.8181818181818182,-0.16243654822335024,-0.03561387066541706,-1.0204081632653061,-1.3333333333333333,-0.125,0.6153846153846154,1.5555555555555556,1.25,2
1.4166666666666667,0.7777777777777778,0.8928571428571429,0.49056603773584906,-0.5,1.0,1.1121951219512196,-0.9230769230769231,1.25,0.7272727272727273,0.9949238578680203,1.1827553889409559,0.32653061224489793,-0.4444444444444444,1.625,-0.6923076923076923,0.2222222222222222,0.25,2
-0.9166666666666666,0.1111111111111111,-0.39285714285714285,-0.49056603773584906,0.375,-0.5,-0.17560975609756097,0.23076923076923078,0.0,-0.13636363636363635,-0.16243654822335024,-0.14432989690721648,0.20408163265306123,0.8888888888888888,-0.625,-0.7692307692307693,-0.8888888888888888,-1.0,0
0.4166666666666667,-0.6666666666666666,-0.32142857142857145,-0.7547169811320755,-1.125,0.0,-0.5073170731707317,0.7692307692307693,-0.25,-0.3181818181818182,-0.40609137055837563,-0.4329896907216495,-0.8571428571428571,0.2222222222222222,-0.625,0.15384615384615385,-0.3333333333333333,-0.9166666666666666,3
1.25,0.7777777777777778,0.8571428571428571,0.6037735849056604,-0.125,0.75,1.0731707317073171,-0.9230769230769231,1.25,0.6363636363636364,0.9137055837563451,1.134020618556701,0.2653061224489796,-0.5555555555555556,0.25,-0.6153846153846154,0.1111111111111111,0.3333333333333333,1
1.0833333333333333,1.1111111111111112,0.8571428571428571,-0.07547169811320754,-1.75,-1.0,1.775609756097561,-1.2307692307692308,2.0,0.9090909090909091,1.8071065989847717,2.0,1.3877551020408163,1.4444444444444444,-0.125,0.0,-0.8888888888888888,-1.0833333333333333,0
0.08333333333333333,0.1111111111111111,0.07142857142857142,0.018867924528301886,0.75,0.25,-0.2146341463414634,0.23076923076923078,0.0,0.045454545454545456,-0.2639593908629442,-0.17057169634489222,0.10204081632653061,-0.6666666666666666,0.75,0.23076923076923078,0.5555555555555556,0.5,3
0.25,0.5555555555555556,0.6785714285714286,0.41509433962264153,-0.25,-0.5,1.1121951219512196,-0.9230769230769231,1.25,0.2727272727272727,1.0355329949238579,1.2052483598875352,0.7346938775510204,0.5555555555555556,0.375,1.3076923076923077,-0.1111111111111111,-0.5833333333333334,0
0.0,0.4444444444444444,0.17857142857142858,-0.2830188679245283,0.25,0.75,0.0,0.07692307692307693,0.25,0.8636363636363636,-0.1218274111675127,-0.016869728209934397,0.2857142857142857,0.1111111111111111,0.375,0.3076923076923077,-0.4444444444444444,-0.08333333333333333,3
-0.4166666666666667,-0.4444444444444444,-0.03571428571428571,0.39622641509433965,1.5,-0.5,0.03902439024390244,-0.15384615384615385,0.25,-0.5454545454545454,0.16243654822335024,0.07685098406747891,-0.5306122448979592,0.1111111111111111,-0.5,0.0,0.4444444444444444,0.08333333333333333,0
-0.75,-0.5555555555555556,0.39285714285714285,0.2830188679245283,-0.125,-0.25,0.4097560975609756,-0.46153846153846156,0.5,-0.6818181818181818,0.649746192893401,0.41424554826616683,-0.5918367346938775,-0.1111111111111111,-0.125,2.076923076923077,0.1111111111111111,0.16666666666666666,1
-0.3333333333333333,0.0,-0.25,-0.09433962264150944,0.625,-0.25,-0.23414634146341465,0.23076923076923078,0.0,0.045454545454545456,-0.2233502538071066,-0.17432052483598875,-0.10204081632653061,-0.3333333333333333,0.75,-0.7692307692307693,0.2222222222222222,0.16666666666666666,0
0.0,-0.7777777777777778,-0.21428571428571427,0.16981132075471697,0.875,-0.25,-0.0975609756097561,0.0,0.0,-0.6818181818181818,-0.04060913705583756,-0.04311152764761012,-0.7959183673469388,-0.4444444444444444,-0.5,0.8461538461538461,0.7777777777777778,0.75,0
-0.3333333333333333,0.0,-0.32142857142857145,-0.5283018867924528,-0.375,-0.5,-0.3902439024390244,0.46153846153846156,-0.25,0.0,-0.18274111675126903,-0.32052483598875353,-0.16326530612244897,0.6666666666666666,0.625,-0.6153846153846154,-0.3333333333333333,-0.75,3
0.75,1.1111111111111112,0.9642857142857143,1.0566037735849056,0.875,0.75,0.9951219512195122,-0.8461538461538461,1.25,0.8181818181818182,1.0355329949238579,1.0477975632614809,1.3061224489795917,-0.1111111111111111,-0.625,1.1538461538461537,0.0,0.3333333333333333,2
-1.25,-0.8888888888888888,-0.6785714285714286,-0.9245283018867925,-0.625,-0.5,-0.6439024390243903,0.9230769230769231,-0.5,-1.0,-0.7309644670050761,-0.5154639175257731,-1.0816326530612246,0.6666666666666666,-0.25,0.38461538461538464,-1.2222222222222223,-0.9166666666666666,1
-0.16666666666666666,-0.2222222222222222,-0.4642857142857143,0.07547169811320754,0.625,-0.25,-0.2146341463414634,0.07692307692307693,0.0,-0.2727272727272727,-0.16243654822335024,-0.12558575445173384,-0.30612244897959184,-0.5555555555555556,-0.125,-0.8461538461538461,1.3333333333333333,0.9166666666666666,0
-0.75,-1.0,-0.9285714285714286,-0.8113207547169812,-0.5,-1.0,-0.7804878048780488,1.2307692307692308,-0.5,-1.0454545454545454,-0.8527918781725888,-0.6091846298031866,-0.9387755102040817,0.4444444444444444,0.625,1.2307692307692308,-0.6666666666666666,-0.5,2
0.8333333333333334,0.2222222222222222,0.9642857142857143,0.8301886792452831,0.625,0.5,0.9170731707317074,-0.7692307692307693,1.0,0.13636363636363635,0.8121827411167513,0.950328022492971,0.7346938775510204,-0.2222222222222222,0.5,-0.07692307692307693,0.2222222222222222,0.25,2
0.5833333333333334,-0.3333333333333333,-0.14285714285714285,0.7547169811320755,1.25,-0.75,0.3902439024390244,-0.5384615384615384,0.5,-0.36363636363636365,0.5482233502538071,0.45173383317713217,-0.46938775510204084,0.0,0.25,0.6153846153846154,0.8888888888888888,0.08333333333333333,0
-0.16666666666666666,-0.2222222222222222,0.07142857142857142,0.5283018867924528,1.0,-0.75,0.25365853658536586,-0.38461538461538464,0.25,-0.4090909090909091,0.14213197969543148,0.2830365510777882,-0.3673469387755102,-0.4444444444444444,-0.25,0.9230769230769231,1.0,0.6666666666666666,0
0.4166666666666667,0.1111111111111111,-0.10714285714285714,0.018867924528301886,-0.125,-0.25,0.01951219512195122,-0.07692307692307693,0.25,0.09090909090909091,0.14213197969543148,0.046860356138706656,0.24489795918367346,-0.3333333333333333,1.0,-0.07692307692307693,0.1111111111111111,0.0,1
0.6666666666666666,0.7777777777777778,0.9285714285714286,0.8867924528301887,0.875,0.5,1.0341463414634147,-0.8461538461538461,1.25,0.7272727272727273,0.9137055837563451,1.1040299906279287,1.0204081632653061,0.1111111111111111,0.0,0.9230769230769231,-0.3333333333333333,-0.08333333333333333,1
-0.25,-0.8888888888888888,-0.03571428571428571,0.2641509433962264,0.375,0.0,0.01951219512195122,-0.07692307692307693,0.0,-0.9090909090909091,0.10152284263959391,0.031865042174320526,-0.6530612244897959,-0.6666666666666666,-0.5,0.6923076923076923,0.3333333333333333,0.16666666666666666,1
0.3333333333333333,0.4444444444444444,0.5357142857142857,0.6226415094339622,0.25,0.25,0.4878048780487805,-0.5384615384615384,0.5,0.4090909090909091,0.467005076142132,0.5079662605435802,0.30612244897959184,-0.8888888888888888,1.875,0.0,1.1111111111111112,0.5833333333333334,1
-0.5,-0.4444444444444444,0.07142857142857142,-0.05660377358490566,0.875,0.5,-0.1951219512195122,0.23076923076923078,0.0,-0.3181818181818182,-0.20304568527918782,-0.15557638238050608,-0.3469387755102041,-0.2222222222222222,-0.625,0.15384615384615385,0.0,0.25,3
0.0,-0.1111111111111111,-0.10714285714285714,-0.3018867924528302,-0.5,-0.25,-0.13658536585365855,0.07692307692307693,0.0,-0.13636363636363635,-0.10152284263959391,-0.08809746954076851,0.04081632653061224,-0.3333333333333333,1.125,-0.8461538461538461,0.0,-0.16666666666666666,2
1.1666666666666667,1.2222222222222223,0.6785714285714286,0.6415094339622641,-0.25,-0.25,1.6390243902439023,-1.2307692307692308,1.75,1.0,1.6446700507614214,1.9025304592314902,1.4489795918367347,0.8888888888888888,-0.25,-0.7692307692307693,-0.3333333333333333,-1.0,0
-0.08333333333333333,-0.7777777777777778,0.25,0.03773584905660377,-0.125,-0.25,0.03902439024390244,-0.07692307692307693,0.25,-0.6818181818181818,0.08121827411167512,0.05435801312089972,-0.6122448979591837,-0.4444444444444444,0.5,0.7692307692307693,0.1111111111111111,0.0,2
-0.5833333333333334,-0.1111111111111111,-0.4642857142857143,-0.660377358490566,-0.625,-0.25,-0.07804878048780488,0.07692307692307693,0.0,-0.18181818181818182,0.0,-0.06935332708528585,-0.02040816326530612,1.0,0.125,0.23076923076923078,-0.8888888888888888,-0.9166666666666666,0
1.1666666666666667,1.3333333333333333,0.8928571428571429,1.2452830188679245,1.25,0.75,1.2292682926829268,-0.9230769230769231,1.5,1.1818181818181819,0.9949238578680203,1.2989690721649485,0.8775510204081632,-0.1111111111111111,1.75,0.0,0.0,0.0,2
-0.9166666666666666,0.0,-0.25,-0.2830188679245283,0.375,-0.25,-0.03902439024390244,0.07692307692307693,0.0,-0.09090909090909091,0.08121827411167512,-0.031865042174320526,0.061224489795918366,0.8888888888888888,-0.625,0.38461538461538464,-0.6666666666666666,-0.75,0
-1.0,0.2222222222222222,-0.2857142857142857,-0.660377358490566,-0.625,-0.25,-0.05853658536585366,0.07692307692307693,0.0,0.13636363636363635,-0.10152284263959391,-0.061855670103092786,0.3469387755102041,1.0,-0.25,0.23076923076923078,-1.0,-0.8333333333333334,0
-0.9166666666666666,0.0,-0.25,-0.5471698113207547,0.0,-0.25,-0.17560975609756097,0.23076923076923078,0.0,-0.13636363636363635,-0.08121827411167512,-0.15557638238050608,0.1836734693877551,1.0,0.125,0.46153846153846156,-0.8888888888888888,-0.9166666666666666,0
0.0,0.3333333333333333,0.21428571428571427,-0.03773584905660377,0.625,0.75,0.0,0.07692307692307693,0.25,0.5454545454545454,-0.10152284263959391,-0.013120899718837863,0.08163265306122448,0.2222222222222222,0.25,0.3076923076923077,-0.6666666666666666,-0.08333333333333333,3
-0.25,-0.8888888888888888,-0.17857142857142858,0.11320754716981132,-0.125,0.0,0.01951219512195122,-0.07692307692307693,0.0,-0.8181818181818182,0.0,0.031865042174320526,-1.0408163265306123,-1.2222222222222223,0.125,0.7692307692307693,0.8888888888888888,0.6666666666666666,2
1.5,1.1111111111111112,0.8571428571428571,0.11320754716981132,-1.375,0.75,1.2682926829268293,-1.0,1.5,1.1818181818181819,1.015228426395939,1.3814432989690721,0.5510204081632653,-0.3333333333333333,1.25,-0.38461538461538464,0.1111111111111111,0.16666666666666666,1
0.8333333333333334,1.2222222222222223,0.75,0.5471698113207547,0.125,0.75,1.0926829268292684,-0.9230769230769231,1.25,1.3181818181818181,0.8121827411167513,1.1527647610121836,0.9183673469387755,0.1111111111111111,0.625,0.23076923076923078,-0.2222222222222222,-0.16666666666666666,1
-0.3333333333333333,-0.4444444444444444,-0.75,-0.5283018867924528,-0.375,-0.25,-0.6634146341463415,0.8461538461538461,-0.5,-0.2727272727272727,-0.6294416243654822,-0.5004686035613871,-0.4897959183673469,-1.0,0.25,-0.5384615384615384,1.1111111111111112,0.8333333333333334,3
-0.5,0.3333333333333333,0.07142857142857142,-0.3018867924528302,0.125,0.25,-0.17560975609756097,0.15384615384615385,0.0,0.2727272727272727,-0.1218274111675127,-0.12558575445173384,0.14285714285714285,0.0,-0.625,-0.38461538461538464,-0.1111111111111111,0.16666666666666666,3
-0.08333333333333333,0.2222222222222222,0.0,0.20754716981132076,0.375,0.0,0.11707317073170732,-0.15384615384615385,0.25,0.13636363636363635,0.1218274111675127,0.14058106841611998,0.08163265306122448,-0.5555555555555556,-0.375,-0.07692307692307693,0.2222222222222222,0.16666666666666666,1
-0.6666666666666666,-0.2222222222222222,-0.5357142857142857,-0.8301886792452831,-0.75,-0.25,-0.13658536585365855,0.23076923076923078,0.0,0.0,-0.20304568527918782,-0.1330834114339269,-0.04081632653061224,1.4444444444444444,-0.5,-0.38461538461538464,-1.1111111111111112,-1.1666666666666667,0
-0.5833333333333334,0.2222222222222222,-0.32142857142857145,-0.3018867924528302,0.5,0.0,-0.13658536585365855,0.15384615384615385,0.0,0.0,-0.14213197969543148,-0.10309278350515463,0.22448979591836735,0.5555555555555556,0.125,-0.38461538461538464,-0.6666666666666666,-0.6666666666666666,0
0.6666666666666666,1.3333333333333333,0.75,0.05660377358490566,-0.75,0.75,1.1317073170731706,-0.9230769230769231,1.25,1.3181818181818181,0.8527918781725888,1.2089971883786317,1.0204081632653061,0.2222222222222222,-0.375,-0.6153846153846154,-0.4444444444444444,-0.3333333333333333,1
0.08333333333333333,-0.5555555555555556,0.35714285714285715,0.5471698113207547,0.125,0.25,0.3121951219512195,-0.38461538461538464,0.5,-0.5,0.28426395939086296,0.32052483598875353,-1.0816326530612246,-1.0,-0.125,0.9230769230769231,1.3333333333333333,1.0833333333333333,1
-0.5833333333333334,-0.7777777777777778,-0.35714285714285715,-0.2830188679245283,0.25,0.0,-0.35121951219512193,0.38461538461538464,-0.25,-0.5454545454545454,-0.28426395939086296,-0.27928772258669166,-1.0204081632653061,-0.1111111111111111,-0.5,-0.38461538461538464,0.0,-0.08333333333333333,3
-0.25,-0.3333333333333333,-0.2857142857142857,0.07547169811320754,0.875,-0.25,-0.11707317073170732,0.07692307692307693,0.0,-0.36363636363636365,-0.04060913705583756,-0.08434864104967198,-0.3469387755102041,-0.1111111111111111,-0.25,0.5384615384615384,0.3333333333333333,0.08333333333333333,0
0.9166666666666666,0.5555555555555556,0.35714285714285715,0.05660377358490566,-0.875,-1.0,1.0926829268292684,-0.9230769230769231,1.25,0.3181818181818182,1.2385786802030456,1.2127460168697282,0.4897959183673469,0.6666666666666666,-0.5,0.9230769230769231,0.1111111111111111,-0.5833333333333334,0
-0.3333333333333333,-0.8888888888888888,-0.25,-0.4528301886792453,-0.625,-0.25,-0.35121951219512193,0.38461538461538464,-0.25,-0.9090909090909091,-0.28426395939086296,-0.2717900656044986,-0.8979591836734694,0.0,-0.5,-0.7692307692307693,-0.2222222222222222,-0.3333333333333333,1
-0.25,-0.5555555555555556,0.25,0.07547169811320754,0.125,-0.25,0.11707317073170732,-0.15384615384615385,0.25,-0.6818181818181818,0.34517766497461927,0.1105904404873477,-0.5510204081632653,0.2222222222222222,-0.5,0.8461538461538461,-0.4444444444444444,-0.4166666666666667,1
-0.75,0.0,-0.07142857142857142,-0.2830188679245283,-0.25,-0.75,-0.07804878048780488,0.07692307692307693,0.0,-0.13636363636363635,-0.04060913705583756,-0.05435801312089972,0.061224489795918366,0.5555555555555556,0.375,-0.6923076923076923,-0.6666666666666666,-0.75,2
0.9166666666666666,1.4444444444444444,0.8571428571428571,0.9622641509433962,1.0,0.75,1.2292682926829268,-1.0,1.5,1.3636363636363635,1.0355329949238579,1.3102155576382382,0.9183673469387755,0.1111111111111111,-0.125,-0.6153846153846154,-0.3333333333333333,0.0,1
-0.8333333333333334,0.0,-0.39285714285714285,-0.39622641509433965,0.0,0.0,-0.17560975609756097,0.15384615384615385,0.0,-0.13636363636363635,-0.14213197969543148,-0.12558575445173384,0.12244897959183673,0.2222222222222222,-0.5,-0.7692307692307693,-0.4444444444444444,-0.4166666666666667,0
-0.6666666666666666,-0.5555555555555556,-0.7857142857142857,-0.7358490566037735,-0.625,-0.5,-0.8195121951219512,1.1538461538461537,-0.5,-0.5,-0.8730964467005076,-0.612933458294283,-0.5918367346938775,-0.8888888888888888,1.5,-0.3076923076923077,0.8888888888888888,0.5,3
0.5,1.2222222222222223,0.7857142857142857,0.7735849056603774,0.125,1.25,1.2878048780487805,-1.0,1.5,1.5454545454545454,0.9746192893401016,1.3626991565135895,0.7959183673469388,-0.1111111111111111,-0.375,-0.6153846153846154,-0.3333333333333333,0.0,1
-0.4166666666666667,0.0,0.21428571428571427,-0.49056603773584906,-0.625,0.75,0.01951219512195122,0.0,0.25,0.4090909090909091,-0.02030456852791878,0.016869728209934397,0.02040816326530612,0.4444444444444444,0.0,0.38461538461538464,-0.5555555555555556,-0.08333333333333333,3
0.5833333333333334,0.6666666666666666,0.07142857142857142,0.6037735849056604,0.75,-0.5,0.5853658536585366,-0.6923076923076923,0.75,0.5454545454545454,0.5888324873096447,0.6466729147141518,0.4897959183673469,0.2222222222222222,0.125,-0.7692307692307693,0.8888888888888888,0.16666666666666666,0
-1.0,0.0,-0.25,-0.49056603773584906,-0.125,-0.5,-0.05853658536585366,0.07692307692307693,0.0,0.0,0.06091370558375635,-0.04311152764761012,0.08163265306122448,1.0,-0.5,0.3076923076923077,-0.7777777777777778,-0.8333333333333334,0
-0.5833333333333334,-0.3333333333333333,-0.4642857142857143,-0.6037735849056604,-0.625,-0.5,-0.3902439024390244,0.46153846153846156,-0.25,-0.45454545454545453,-0.4467005076142132,-0.316776007497657,-0.24489795918367346,0.2222222222222222,0.0,0.23076923076923078,-0.6666666666666666,-0.5833333333333334,2
0.0,-0.3333333333333333,0.0,-0.11320754716981132,0.25,0.0,-0.23414634146341465,0.23076923076923078,0.0,0.18181818181818182,-0.2436548223350254,-0.18556701030927836,-0.8163265306122449,-0.5555555555555556,-0.125,-0.15384615384615385,0.6666666666666666,0.5833333333333334,3
1.1666666666666667,1.1111111111111112,0.6785714285714286,0.8490566037735849,0.625,0.75,1.2097560975609756,-0.9230769230769231,1.25,1.0454545454545454,0.8934010152284264,1.295220243673852,0.8571428571428571,-0.1111111111111111,1.125,-0.8461538461538461,-0.1111111111111111,0.08333333333333333,2
0.08333333333333333,-1.0,-0.4642857142857143,-0.33962264150943394,0.125,0.25,-0.4878048780487805,0.5384615384615384,-0.25,-0.8636363636363636,-0.36548223350253806,-0.3767572633552015,-1.2040816326530612,-0.6666666666666666,0.375,-0.3076923076923077,0.7777777777777778,0.4166666666666667,3
1.0,1.1111111111111112,0.9642857142857143,0.9433962264150944,0.875,0.5,1.0146341463414634,-0.8461538461538461,1.25,0.9090909090909091,0.8121827411167513,1.0552952202436738,0.8979591836734694,-0.3333333333333333,1.125,0.9230769230769231,0.0,0.25,2
-0.5833333333333334,-0.3333333333333333,-0.5357142857142857,-0.32075471698113206,0.0,-0.75,-0.11707317073170732,0.15384615384615385,0.0,-0.36363636363636365,-0.2436548223350254,-0.09559512652296158,-0.02040816326530612,0.8888888888888888,0.0,-0.23076923076923078,-0.7777777777777778,-0.9166666666666666,2
-0.6666666666666666,-1.0,-1.1428571428571428,-1.0377358490566038,-0.75,-1.25,-0.7609756097560976,1.0769230769230769,-0.5,-1.0909090909090908,-0.8324873096446701,-0.5829428303655108,-0.7142857142857143,1.8888888888888888,0.0,-0.15384615384615385,-1.0,-1.0,3
-0.6666666666666666,-1.2222222222222223,-1.3928571428571428,-0.9433962264150944,-0.5,-1.25,-0.8585365853658536,1.3846153846153846,-0.5,-1.2272727272727273,-0.9543147208121827,-0.6541705716963448,-0.9591836734693877,1.5555555555555556,0.875,0.7692307692307693,-0.8888888888888888,-1.0833333333333333,2
-1.0,0.0,-0.39285714285714285,-0.8490566037735849,-1.0,-0.5,-0.0975609756097561,0.15384615384615385,0.0,0.045454545454545456,-0.14213197969543148,-0.09559512652296158,0.08163265306122448,1.5555555555555556,-0.125,-0.46153846153846156,-1.1111111111111112,-1.0833333333333333,0
0.5833333333333334,0.8888888888888888,0.8928571428571429,0.4528301886792453,-0.25,0.5,1.0146341463414634,-0.8461538461538461,1.25,0.7727272727272727,0.8730964467005076,1.062792877225867,0.46938775510204084,-0.2222222222222222,-0.5,0.8461538461538461,-0.2222222222222222,0.16666666666666666,2
0.0,-0.2222222222222222,-0.5357142857142857,-0.1320754716981132,0.875,0.25,-0.4292682926829268,0.46153846153846156,-0.25,-0.18181818181818182,-0.28426395939086296,-0.3392689784442362,-0.08163265306122448,-0.1111111111111111,0.25,0.15384615384615385,0.3333333333333333,0.4166666666666667,3
-0.25,0.4444444444444444,-0.03571428571428571,-0.5849056603773585,-0.625,0.75,0.07804878048780488,0.0,0.25,0.9545454545454546,-0.16243654822335024,0.028116213683223992,0.22448979591836735,0.4444444444444444,-0.5,0.23076923076923078,-0.7777777777777778,-0.3333333333333333,3
0.25,-0.7777777777777778,-0.17857142857142858,0.6415094339622641,1.625,-0.75,0.17560975609756097,-0.3076923076923077,0.25,-0.8181818181818182,0.2233502538071066,0.2268041237113402,-0.7755102040816326,0.0,-0.5,-0.6153846153846154,0.7777777777777778,0.3333333333333333,0
-0.6666666666666666,0.1111111111111111,-0.5,-0.6981132075471698,-0.625,0.0,-0.0975609756097561,0.15384615384615385,0.0,-0.045454545454545456,-0.14213197969543148,-0.09934395501405811,0.24489795918367346,1.0,-0.5,-0.07692307692307693,-1.1111111111111112,-1.0,0
0.5833333333333334,1.2222222222222223,0.7857142857142857,0.4528301886792453,-0.5,0.5,1.2878048780487805,-1.0,1.5,1.4090909090909092,0.9746192893401016,1.3964386129334583,0.7551020408163265,-0.1111111111111111,0.25,0.46153846153846156,-0.1111111111111111,0.08333333333333333,1
-1.1666666666666667,0.3333333333333333,-0.17857142857142858,-0.4528301886792453,0.0,-0.25,-0.05853658536585366,0.0,0.0,0.13636363636363635,-0.04060913705583756,-0.03561387066541706,0.5102040816326531,0.5555555555555556,0.125,-0.07692307692307693,-0.6666666666666666,-0.5833333333333334,0
-0.3333333333333333,-0.8888888888888888,-0.07142857142857142,0.1320754716981132,0.125,0.0,0.01951219512195122,-0.07692307692307693,0.0,-0.9545454545454546,-0.06091370558375635,0.031865042174320526,-0.9795918367346939,-1.0,0.0,0.8461538461538461,1.0,0.75,1
0.0,0.1111111111111111,-0.21428571428571427,-0.018867924528301886,-0.25,-0.25,0.05853658536585366,-0.07692307692307693,0.25,0.0,0.10152284263959391,0.07685098406747891,0.2857142857142857,-0.7777777777777778,0.75,0.3076923076923077,0.6666666666666666,0.4166666666666667,1
-0.6666666666666666,-0.2222222222222222,-0.7142857142857143,-0.6226415094339622,-0.375,-0.25,-0.13658536585365855,0.23076923076923078,0.0,-0.09090909090909091,-0.2233502538071066,-0.14432989690721648,-0.04081632653061224,1.2222222222222223,0.375,-0.5384615384615384,-1.1111111111111112,-1.1666666666666667,0
0.6666666666666666,1.2222222222222223,1.0357142857142858,1.1886792452830188,1.0,1.0,1.1512195121951219,-0.9230769230769231,1.25,1.0,1.0558375634517767,1.2202436738519213,0.8163265306122449,-0.1111111111111111,-0.375,0.38461538461538464,-0.1111111111111111,0.25,2
-0.6666666666666666,0.3333333333333333,-0.14285714285714285,-0.8301886792452831,-1.0,0.25,0.01951219512195122,0.07692307692307693,0.25,0.8636363636363636,-0.18274111675126903,-0.0018744142455482662,0.04081632653061224,0.5555555555555556,-0.5,-0.3076923076923077,-0.7777777777777778,-0.4166666666666667,3
0.0,-0.3333333333333333,-0.14285714285714285,-0.7735849056603774,-1.25,-0.25,-0.3121951219512195,0.46153846153846156,-0.25,-0.22727272727272727,-0.2639593908629442,-0.27928772258669166,-0.5102040816326531,0.5555555555555556,0.0,0.3076923076923077,-0.5555555555555556,-0.9166666666666666,3
0.16666666666666666,-0.8888888888888888,-0.21428571428571427,0.49056603773584906,1.5,-0.5,0.0,-0.15384615384615385,0.0,-0.9090909090909091,0.14213197969543148,0.05810684161199625,-1.0204081632653061,-0.1111111111111111,-0.375,0.6153846153846154,1.1111111111111112,0.6666666666666666,0
-0.16666666666666666,-0.5555555555555556,0.14285714285714285,0.20754716981132076,-0.25,-0.25,0.25365853658536586,-0.3076923076923077,0.25,-0.6363636363636364,0.2639593908629442,0.2530459231490159,-0.6530612244897959,-0.5555555555555556,-0.625,1.0,0.3333333333333333,0.25,2
0.8333333333333334,1.2222222222222223,0.8571428571428571,0.8679245283018868,0.5,0.75,1.0926829268292684,-0.9230769230769231,1.25,0.8636363636363636,1.0558375634517767,1.1790065604498594,1.530612244897959,0.0,0.0,0.38461538461538464,-0.1111111111111111,0.0,1
-0.6666666666666666,-1.1111111111111112,-0.9285714285714286,-0.7169811320754716,-0.375,-0.5,-0.7804878048780488,1.1538461538461537,-0.5,-1.1363636363636365,-0.8121827411167513,-0.60543580131209,-0.9591836734693877,-0.2222222222222222,-0.25,0.6923076923076923,-0.4444444444444444,-0.5833333333333334,2
0.16666666666666666,-0.6666666666666666,-0.4642857142857143,-0.7358490566037735,-1.125,0.0,-0.44878048780487806,0.6923076923076923,-0.25,-0.2727272727272727,-0.38578680203045684,-0.39550140581068416,-0.6938775510204082,0.6666666666666666,0.75,-0.23076923076923078,-0.5555555555555556,-1.0833333333333333,3
0.9166666666666666,1.5555555555555556,0.8571428571428571,1.2264150943396226,1.0,0.75,1.2292682926829268,-1.0,1.5,1.3636363636363635,1.0964467005076142,1.3402061855670102,1.469387755102041,-0.1111111111111111,0.25,-0.5384615384615384,-0.2222222222222222,0.0,1
-0.75,0.0,0.03571428571428571,-0.4716981132075472,-0.375,0.75,0.0,0.07692307692307693,0.25,0.5,-0.2233502538071066,-0.03561387066541706,0.04081632653061224,0.2222222222222222,0.0,0.46153846153846156,-0.6666666666666666,-0.25,3
0.08333333333333333,-0.1111111111111111,-0.39285714285714285,0.09433962264150944,0.75,-0.5,-0.2731707317073171,0.23076923076923078,-0.25,-0.18181818181818182,-0.2639593908629442,-0.18181818181818182,0.061224489795918366,-0.7777777777777778,0.625,-0.23076923076923078,1.0,0.5833333333333334,0
0.0,0.3333333333333333,0.21428571428571427,-0.07547169811320754,0.5,1.0,-0.01951219512195122,0.0,0.0,0.5,0.04060913705583756,-0.016869728209934397,0.08163265306122448,0.4444444444444444,-0.375,-0.15384615384615385,-0.5555555555555556,0.0,3
1.5833333333333333,0.6666666666666666,1.1071428571428572,0.39622641509433965,-0.625,0.75,1.1317073170731706,-0.9230769230769231,1.25,0.5909090909090909,1.116751269035533,1.190253045923149,0.5918367346938775,-0.1111111111111111,1.625,1.2307692307692308,0.2222222222222222,0.5,2
-0.16666666666666666,-0.8888888888888888,-0.07142857142857142,-0.1509433962264151,-0.625,-0.25,-0.01951219512195122,-0.07692307692307693,0.0,-0.9090909090909091,0.0,0.00937207122774133,-1.0408163265306123,-0.7777777777777778,0.375,0.3076923076923077,0.6666666666666666,0.4166666666666667,2
-0.08333333333333333,-0.1111111111111111,-0.35714285714285715,-0.1320754716981132,-0.625,-0.25,-0.13658536585365855,0.07692307692307693,0.0,-0.13636363636363635,-0.14213197969543148,-0.09559512652296158,-0.12244897959183673,-1.0,1.125,0.5384615384615384,1.0,0.5833333333333334,1
0.5,0.4444444444444444,0.8928571428571429,0.5849056603773585,0.25,0.5,0.8780487804878049,-0.7692307692307693,1.0,0.2727272727272727,0.8934010152284264,0.9203373945641987,0.5102040816326531,0.1111111111111111,0.375,-0.5384615384615384,-0.1111111111111111,0.08333333333333333,2
0.4166666666666667,1.5555555555555556,0.7857142857142857,0.8113207547169812,0.5,1.0,1.3658536585365855,-1.0,1.5,1.6363636363636365,0.9746192893401016,1.4601686972820993,0.8571428571428571,-0.1111111111111111,0.125,-0.7692307692307693,-0.4444444444444444,0.0,1
-0.8333333333333334,-0.7777777777777778,-0.8928571428571429,-0.8867924528301887,-0.75,-1.0,-0.526829268292683,0.6923076923076923,-0.25,-0.8636363636363636,-0.6294416243654822,-0.42549203373945643,-0.6938775510204082,1.0,-0.125,0.15384615384615385,-1.0,-1.0,2
-0.16666666666666666,-0.5555555555555556,0.32142857142857145,0.4528301886792453,0.25,0.25,0.37073170731707317,-0.38461538461538464,0.5,-0.6363636363636364,0.40609137055837563,0.3692596063730084,-0.3673469387755102,-0.3333333333333333,-0.625,0.9230769230769231,0.2222222222222222,0.16666666666666666,2
-0.3333333333333333,-0.4444444444444444,-0.6785714285714286,-0.6415094339622641,-0.625,-0.5,-0.7414634146341463,1.0,-0.5,-0.4090909090909091,-0.6903553299492385,-0.5604498594189316,-0.42857142857142855,-0.7777777777777778,0.625,-0.23076923076923078,0.4444444444444444,0.25,3
-0.3333333333333333,-1.0,-0.32142857142857145,-0.5094339622641509,-0.375,-0.25,-0.5853658536585366,0.7692307692307693,-0.5,-0.8181818181818182,-0.6091370558375635,-0.4554826616682287,-1.2653061224489797,-0.8888888888888888,-0.125,0.6153846153846154,1.1111111111111112,0.9166666666666666,3
0.8333333333333334,0.5555555555555556,0.75,0.5471698113207547,-0.125,0.5,0.5658536585365853,-0.6153846153846154,0.75,0.6363636363636364,0.5076142131979695,0.5979381443298969,0.08163265306122448,-1.1111111111111112,1.0,-0.23076923076923078,1.0,1.0,2
-1.0833333333333333,0.1111111111111111,-0.2857142857142857,-0.6981132075471698,-0.625,-0.25,-0.0975609756097561,0.15384615384615385,0.0,0.045454545454545456,-0.1218274111675127,-0.08059981255857544,0.04081632653061224,0.7777777777777778,-0.25,0.38461538461538464,-0.8888888888888888,-0.75,0
-0.5833333333333334,-0.2222222222222222,-0.5,-0.9245283018867925,-1.0,-0.5,-0.07804878048780488,0.15384615384615385,0.0,-0.22727272727272727,-0.04060913705583756,-0.08809746954076851,-0.04081632653061224,1.4444444444444444,0.0,-0.5384615384615384,-1.1111111111111112,-1.0833333333333333,0
0.5833333333333334,0.2222222222222222,0.07142857142857142,0.41509433962264153,0.0,0.25,0.1951219512195122,-0.23076923076923078,0.25,0.36363636363636365,0.2436548223350254,0.21180880974695407,0.02040816326530612,-1.0,1.0,-0.15384615384615385,1.0,0.9166666666666666,2
-0.5833333333333334,-0.5555555555555556,-0.6785714285714286,-0.4716981132075472,-0.125,-0.25,-0.7219512195121951,0.9230769230769231,-0.5,-0.5454545454545454,-0.751269035532995,-0.549203373945642,-0.673469387755102,-1.2222222222222223,0.25,-0.23076923076923078,1.2222222222222223,0.9166666666666666,3
-0.8333333333333334,-0.7777777777777778,-0.6071428571428571,-0.9811320754716981,-1.0,-0.5,-0.6634146341463415,0.9230769230769231,-0.5,-0.7727272727272727,-0.6903553299492385,-0.5267104029990628,-0.7959183673469388,0.7777777777777778,-0.625,-0.3076923076923077,-0.8888888888888888,-0.9166666666666666,3
-0.9166666666666666,0.1111111111111111,-0.39285714285714285,-0.2830188679245283,1.0,-0.75,-0.15609756097560976,0.15384615384615385,0.0,-0.09090909090909091,-0.16243654822335024,-0.13683223992502344,0.20408163265306123,0.8888888888888888,0.0,-0.8461538461538461,-0.8888888888888888,-1.0,0
0.0,0.3333333333333333,0.32142857142857145,0.660377358490566,0.625,-0.25,0.33170731707317075,-0.38461538461538464,0.5,0.22727272727272727,0.40609137055837563,0.35051546391752575,0.6326530612244898,-0.6666666666666666,-0.625,-0.6153846153846154,0.6666666666666666,0.5,2
-0.16666666666666666,-0.1111111111111111,0.32142857142857145,-0.1509433962264151,0.0,0.25,-0.13658536585365855,0.15384615384615385,0.0,0.5,-0.2436548223350254,-0.1218369259606373,-0.6938775510204082,-0.8888888888888888,-0.5,1.1538461538461537,0.8888888888888888,0.9166666666666666,3
0.25,0.1111111111111111,0.03571428571428571,-0.05660377358490566,0.25,0.25,-0.1951219512195122,0.23076923076923078,0.0,0.09090909090909091,-0.3248730964467005,-0.15932521087160262,-0.2653061224489796,-0.8888888888888888,0.0,-0.07692307692307693,1.1111111111111112,0.9166666666666666,3
1.1666666666666667,1.4444444444444444,0.9642857142857143,0.2641509433962264,-1.25,0.0,1.9707317073170731,-1.3076923076923077,2.25,1.1818181818181819,1.9898477157360406,2.232427366447985,1.183673469387755,1.2222222222222223,-0.375,0.6923076923076923,-0.8888888888888888,-1.0,0
-0.5,0.0,-0.32142857142857145,0.2641509433962264,1.75,-0.5,-0.1951219512195122,0.15384615384615385,0.0,-0.22727272727272727,-0.20304568527918782,-0.1218369259606373,0.08163265306122448,-0.3333333333333333,0.125,-0.7692307692307693,0.5555555555555556,0.4166666666666667,0
-0.8333333333333334,0.2222222222222222,-0.21428571428571427,-0.5283018867924528,-0.25,-0.5,-0.15609756097560976,0.15384615384615385,0.0,0.0,-0.20304568527918782,-0.11808809746954077,0.1836734693877551,0.3333333333333333,0.375,-0.8461538461538461,-0.4444444444444444,-0.4166666666666667,0
-0.5833333333333334,-0.3333333333333333,-0.4642857142857143,-0.6792452830188679,-0.75,-0.25,-0.4097560975609756,0.5384615384615384,-0.25,-0.45454545454545453,-0.467005076142132,-0.3467666354264292,-0.1836734693877551,0.2222222222222222,-0.25,-0.5384615384615384,-1.0,-0.75,1
1.3333333333333333,1.1111111111111112,1.0714285714285714,1.1320754716981132,0.875,0.75,1.1317073170731706,-0.9230769230769231,1.25,1.0454545454545454,0.9949238578680203,1.1865042174320526,0.7755102040816326,-0.4444444444444444,0.75,1.6153846153846154,0.0,0.5,2
0.08333333333333333,-0.7777777777777778,-0.21428571428571427,0.39622641509433965,1.25,-0.25,-0.03902439024390244,-0.07692307692307693,0.0,-0.8636363636363636,-0.1218274111675127,0.013120899718837863,-0.8571428571428571,-0.5555555555555556,-0.375,-0.23076923076923078,0.8888888888888888,0.8333333333333334,0
0.5833333333333334,0.0,0.5,0.5283018867924528,0.125,0.0,0.5853658536585366,-0.6153846153846154,0.75,0.045454545454545456,0.5076142131979695,0.6091846298031866,-0.46938775510204084,-0.6666666666666666,-0.625,-0.6923076923076923,0.4444444444444444,0.16666666666666666,1
-0.9166666666666666,-0.1111111111111111,-0.21428571428571427,-0.20754716981132076,0.5,-0.25,-0.0975609756097561,0.07692307692307693,0.0,-0.13636363636363635,0.02030456852791878,-0.06560449859418932,-0.2857142857142857,0.4444444444444444,0.0,0.0,-0.4444444444444444,-0.5833333333333334,0
-0.5833333333333334,0.2222222222222222,-0.21428571428571427,-0.7547169811320755,-0.5,-0.5,-0.0975609756097561,0.15384615384615385,0.0,0.045454545454545456,-0.14213197969543148,-0.09184629803186505,0.2857142857142857,1.1111111111111112,0.5,0.0,-1.0,-1.0,0
1.9166666666666667,1.0,1.1071428571428572,1.2452830188679245,0.75,1.0,1.1902439024390243,-0.9230769230769231,1.25,0.8636363636363636,1.0964467005076142,1.2502343017806936,0.9795918367346939,-0.5555555555555556,1.375,1.3076923076923077,0.3333333333333333,0.8333333333333334,2
-0.3333333333333333,0.2222222222222222,-0.07142857142857142,-0.7547169811320755,-1.125,0.5,0.0,0.07692307692307693,0.25,0.6363636363636364,-0.1218274111675127,-0.028116213683223992,0.061224489795918366,0.6666666666666666,0.25,0.46153846153846156,-0.6666666666666666,-0.4166666666666667,3
-0.3333333333333333,0.4444444444444444,0.21428571428571427,0.4528301886792453,0.375,0.0,0.25365853658536586,-0.3076923076923077,0.25,0.3181818181818182,0.2233502538071066,0.25679475164011245,0.32653061224489793,-0.8888888888888888,1.375,-0.46153846153846156,0.6666666666666666,0.4166666666666667,2
-0.8333333333333334,-0.3333333333333333,-0.32142857142857145,-0.18867924528301888,0.5,-0.25,-0.23414634146341465,0.23076923076923078,0.0,-0.22727272727272727,-0.18274111675126903,-0.18556701030927836,-0.5510204081632653,-0.1111111111111111,-0.125,0.07692307692307693,-0.1111111111111111,-0.08333333333333333,0
-0.4166666666666667,-0.1111111111111111,0.17857142857142858,-0.5471698113207547,-0.75,0.75,-0.03902439024390244,0.07692307692307693,0.0,0.18181818181818182,-0.06091370558375635,-0.031865042174320526,-0.20408163265306123,0.1111111111111111,0.125,-0.6923076923076923,-0.4444444444444444,0.0,3
0.25,0.3333333333333333,0.8571428571428571,0.9433962264150944,1.0,0.5,0.8585365853658536,-0.7692307692307693,1.0,0.045454545454545456,0.8730964467005076,0.8978444236176195,0.5306122448979592,0.1111111111111111,0.125,-0.38461538461538464,-0.2222222222222222,-0.16666666666666666,1
-0.4166666666666667,-0.7777777777777778,-0.7857142857142857,-0.6226415094339622,0.125,-0.5,-0.4097560975609756,0.5384615384615384,-0.25,-0.9545454545454546,-0.5279187817258884,-0.35051546391752575,-0.6122448979591837,1.2222222222222223,1.375,0.38461538461538464,-1.0,-1.0,2
0.4166666666666667,-0.6666666666666666,-0.4642857142857143,-0.660377358490566,-0.75,-0.25,-0.5073170731707317,0.6153846153846154,-0.25,-0.36363636363636365,-0.34517766497461927,-0.4029990627928772,-1.0408163265306123,-0.3333333333333333,-0.25,0.07692307692307693,0.2222222222222222,-0.16666666666666666,3
-0.3333333333333333,0.1111111111111111,0.07142857142857142,1.528301886792453,5.125,8.75,-0.01951219512195122,0.07692307692307693,0.25,0.6363636363636364,0.467005076142132,-0.04311152764761012,0.061224489795918366,2.0,0.5,0.46153846153846156,-0.6666666666666666,-0.3333333333333333,3
-0.5,-0.2222222222222222,-0.10714285714285714,-0.11320754716981132,0.5,-0.75,-0.01951219512195122,-0.07692307692307693,0.0,-0.36363636363636365,0.14213197969543148,0.013120899718837863,-0.3469387755102041,0.4444444444444444,0.125,0.07692307692307693,0.0,-0.25,0
0.0,-0.8888888888888888,-0.5714285714285714,-0.49056603773584906,-0.5,0.0,-0.4682926829268293,0.5384615384615384,-0.25,-0.45454545454545453,-0.38578680203045684,-0.3692596063730084,-1.0816326530612246,-0.5555555555555556,-0.25,1.2307692307692308,0.4444444444444444,0.4166666666666667,3
1.3333333333333333,1.2222222222222223,0.8214285714285714,0.07547169811320754,-1.25,-0.5,1.6585365853658536,-1.2307692307692308,1.75,0.8636363636363636,1.7868020304568528,1.9175257731958764,1.489795918367347,1.3333333333333333,0.625,0.0,-0.5555555555555556,-1.0833333333333333,0
-0.25,-0.6666666666666666,-0.14285714285714285,-0.018867924528301886,0.375,-0.25,-0.0975609756097561,0.0,0.0,-0.6818181818181818,-0.18274111675126903,-0.05060918462980318,-0.7142857142857143,-0.6666666666666666,-0.625,-0.8461538461538461,0.6666666666666666,0.6666666666666666,0
0.4166666666666667,0.8888888888888888,0.25,0.7924528301886793,1.0,-0.75,0.7024390243902439,-0.7692307692307693,0.75,0.6818181818181818,0.7106598984771574,0.7928772258669166,0.9591836734693877,0.3333333333333333,-0.125,-0.38461538461538464,0.5555555555555556,-0.08333333333333333,0
-0.9166666666666666,-0.7777777777777778,-0.4642857142857143,-0.7358490566037735,-0.875,-0.25,-0.4682926829268293,0.6923076923076923,-0.25,-0.8636363636363636,-0.5888324873096447,-0.3992502343017807,-0.6530612244897959,0.0,1.5,-0.3076923076923077,-0.6666666666666666,-0.75,2
-0.16666666666666666,-0.4444444444444444,0.6785714285714286,0.5094339622641509,0.375,0.25,0.4097560975609756,-0.38461538461538464,0.5,-0.5,0.34517766497461927,0.3992502343017807,-0.1836734693877551,-0.6666666666666666,0.5,1.8461538461538463,0.6666666666666666,0.75,2
0.4166666666666667,-0.4444444444444444,-0.07142857142857142,0.11320754716981132,0.0,-0.5,0.3121951219512195,-0.46153846153846156,0.5,-0.3181818181818182,0.40609137055837563,0.3692596063730084,-0.673469387755102,0.0,-0.125,0.46153846153846156,1.1111111111111112,0.4166666666666667,0
1.0833333333333333,1.0,0.6785714285714286,0.5283018867924528,-0.125,0.5,1.1512195121951219,-0.9230769230769231,1.25,1.0454545454545454,0.9543147208121827,1.2089971883786317,0.8979591836734694,0.1111111111111111,0.375,0.7692307692307693,-0.1111111111111111,0.08333333333333333,2
0.0,-0.1111111111111111,-0.03571428571428571,0.018867924528301886,-0.25,-0.25,-0.0975609756097561,0.07692307692307693,0.0,-0.22727272727272727,0.10152284263959391,-0.061855670103092786,0.0,-0.4444444444444444,1.25,-0.6923076923076923,0.4444444444444444,0.08333333333333333,1
0.08333333333333333,-0.7777777777777778,-0.25,0.5283018867924528,1.375,-0.5,0.03902439024390244,-0.15384615384615385,0.0,-0.5909090909090909,0.14213197969543148,0.09934395501405811,-0.9591836734693877,-0.2222222222222222,-0.625,0.23076923076923078,1.2222222222222223,0.6666666666666666,0
-0.3333333333333333,-0.8888888888888888,-0.39285714285714285,-0.3018867924528302,-0.125,0.0,-0.44878048780487806,0.5384615384615384,-0.25,-0.5454545454545454,-0.4873096446700508,-0.35051546391752575,-1.1224489795918366,-1.1111111111111112,0.125,0.5384615384615384,1.3333333333333333,1.0833333333333333,3
-0.6666666666666666,0.1111111111111111,-0.32142857142857145,-0.660377358490566,-0.375,0.0,-0.0975609756097561,0.15384615384615385,0.0,0.0,-0.1218274111675127,-0.09184629803186505,0.2653061224489796,0.7777777777777778,-0.375,-0.46153846153846156,-0.8888888888888888,-0.8333333333333334,0
-0.5833333333333334,0.1111111111111111,-0.21428571428571427,-0.24528301886792453,0.25,-0.5,-0.13658536585365855,0.07692307692307693,0.0,-0.045454545454545456,-0.14213197969543148,-0.08809746954076851,0.04081632653061224,-0.1111111111111111,0.125,-0.7692307692307693,0.0,0.0,0
1.0833333333333333,0.4444444444444444,1.0,0.6981132075471698,0.0,0.5,0.9951219512195122,-0.8461538461538461,1.25,0.3181818181818182,1.015228426395939,1.0365510777881912,0.5306122448979592,-0.2222222222222222,0.0,1.3076923076923077,0.1111111111111111,0.5833333333333334,2
1.1666666666666667,0.8888888888888888,0.8571428571428571,0.39622641509433965,-0.5,0.75,1.1317073170731706,-0.9230769230769231,1.25,0.7272727272727273,0.8121827411167513,1.190253045923149,0.30612244897959184,-0.6666666666666666,0.125,-0.46153846153846156,0.0,0.16666666666666666,1
1.3333333333333333,0.7777777777777778,0.75,0.6037735849056604,-0.25,0.5,0.7024390243902439,-0.6923076923076923,0.75,0.6818181818181818,0.6700507614213198,0.7291471415182755,0.42857142857142855,-0.8888888888888888,1.125,-0.6153846153846154,0.7777777777777778,0.5,1
1.3333333333333333,0.4444444444444444,1.0,0.9433962264150944,0.125,0.5,0.9560975609756097,-0.8461538461538461,1.0,0.5454545454545454,0.9137055837563451,0.9953139643861293,-0.12244897959183673,-0.7777777777777778,0.5,1.6153846153846154,0.6666666666666666,0.8333333333333334,1
-0.25,0.6666666666666666,0.39285714285714285,0.4339622641509434,0.0,0.5,0.4878048780487805,-0.5384615384615384,0.5,0.5454545454545454,0.6903553299492385,0.5004686035613871,0.9387755102040817,-0.3333333333333333,0.125,0.6153846153846154,0.2222222222222222,0.25,2
0.0,0.1111111111111111,0.14285714285714285,-0.4339622641509434,-0.625,0.5,0.01951219512195122,0.0,0.25,0.4090909090909091,0.06091370558375635,0.020618556701030927,0.2857142857142857,0.3333333333333333,-0.5,0.7692307692307693,-0.5555555555555556,0.08333333333333333,3
-0.9166666666666666,-0.3333333333333333,-0.32142857142857145,-0.18867924528301888,0.375,-0.25,-0.15609756097560976,0.15384615384615385,0.0,-0.36363636363636365,-0.10152284263959391,-0.11433926897844424,-0.4489795918367347,0.0,0.0,0.46153846153846156,-0.2222222222222222,-0.08333333333333333,0
0.25,0.8888888888888888,0.8928571428571429,1.0754716981132075,0.75,0.25,0.8195121951219512,-0.7692307692307693,1.0,0.7727272727272727,0.8121827411167513,0.8641049671977507,1.0612244897959184,-0.5555555555555556,0.875,0.6923076923076923,0.3333333333333333,0.4166666666666667,1
-0.25,-0.2222222222222222,-0.5714285714285714,-0.7358490566037735,-0.75,-0.25,-0.07804878048780488,0.15384615384615385,0.0,-0.18181818181818182,-0.08121827411167512,-0.08434864104967198,-0.02040816326530612,1.0,-0.625,0.3076923076923077,-1.0,-1.0,0
0.0,-0.4444444444444444,-0.6071428571428571,-0.9056603773584906,-1.5,-0.25,-0.4878048780487805,0.6923076923076923,-0.25,-0.045454545454545456,-0.34517766497461927,-0.4104967197750703,-0.3673469387755102,0.6666666666666666,0.375,-0.38461538461538464,-0.5555555555555556,-1.0,3
-0.16666666666666666,-0.3333333333333333,-0.4642857142857143,-0.6415094339622641,-0.625,0.25,-0.5853658536585366,0.7692307692307693,-0.25,-0.09090909090909091,-0.36548223350253806,-0.4554826616682287,-0.3877551020408163,0.0,-0.25,-0.07692307692307693,0.2222222222222222,-0.16666666666666666,3
0.16666666666666666,0.1111111111111111,0.9285714285714286,0.8113207547169812,0.375,0.5,0.6048780487804878,-0.5384615384615384,0.75,0.18181818181818182,0.5076142131979695,0.60543580131209,-0.32653061224489793,-0.8888888888888888,0.25,1.6153846153846154,1.0,1.25,2
-0.3333333333333333,-0.7777777777777778,-1.0,-1.0188679245283019,-0.875,-0.75,-0.7024390243902439,1.0,-0.5,-0.8636363636363636,-0.7918781725888325,-0.5454545454545454,-0.5510204081632653,1.1111111111111112,0.25,-0.5384615384615384,-0.8888888888888888,-1.0833333333333333,3
0.75,0.7777777777777778,0.4642857142857143,0.5471698113207547,-0.125,-0.5,1.248780487804878,-1.0,1.5,0.7272727272727273,1.4213197969543148,1.3964386129334583,0.7142857142857143,0.8888888888888888,0.25,-0.3076923076923077,-0.1111111111111111,-0.8333333333333334,0
1.0,1.1111111111111112,0.75,1.0377358490566038,1.0,0.5,1.2682926829268293,-1.0,1.5,1.0909090909090908,1.116751269035533,1.3477038425492034,0.5714285714285714,0.1111111111111111,-0.625,0.15384615384615385,-0.2222222222222222,0.25,2
1.6666666666666667,1.4444444444444444,1.0714285714285714,0.5471698113207547,-0.625,-0.5,2.029268292682927,-1.3076923076923077,2.25,1.3181818181818181,2.253807106598985,2.337394564198688,1.7755102040816326,1.4444444444444444,0.75,0.7692307692307693,-0.7777777777777778,-1.0833333333333333,0
-0.5,-0.1111111111111111,-0.5,-0.7169811320754716,-0.625,0.0,-0.13658536585365855,0.23076923076923078,0.0,-0.13636363636363635,-0.16243654822335024,-0.13683223992502344,-0.061224489795918366,1.4444444444444444,0.125,-0.6153846153846154,-1.0,-1.1666666666666667,0
0.4166666666666667,0.7777777777777778,0.6071428571428571,0.7169811320754716,0.625,0.5,0.624390243902439,-0.6153846153846154,0.75,0.5,0.6091370558375635,0.6541705716963448,1.163265306122449,-0.4444444444444444,0.625,-0.7692307692307693,0.2222222222222222,0.25,2
0.08333333333333333,-0.6666666666666666,0.32142857142857145,0.2641509433962264,-0.125,-0.25,0.2731707317073171,-0.3076923076923077,0.5,-0.6818181818181818,0.2233502538071066,0.2867853795688847,-0.6122448979591837,-0.6666666666666666,-0.375,1.3076923076923077,0.6666666666666666,0.6666666666666666,2
-0.9166666666666666,0.0,-0.5714285714285714,-0.7924528301886793,-0.875,-0.25,-0.0975609756097561,0.15384615384615385,0.0,0.045454545454545456,-0.2233502538071066,-0.1105904404873477,0.22448979591836735,1.0,-0.25,-0.5384615384615384,-1.1111111111111112,-1.1666666666666667,0
1.0833333333333333,0.5555555555555556,0.6071428571428571,0.6792452830188679,0.0,0.5,0.4878048780487805,-0.5384615384615384,0.5,0.5454545454545454,0.40609137055837563,0.5079662605435802,0.12244897959183673,-1.1111111111111112,1.75,0.3076923076923077,1.4444444444444444,1.0833333333333333,1
-0.3333333333333333,0.0,0.10714285714285714,-0.5471698113207547,-0.875,-0.5,-0.13658536585365855,0.15384615384615385,0.0,-0.09090909090909091,-0.14213197969543148,-0.09934395501405811,-0.12244897959183673,-0.4444444444444444,0.625,0.23076923076923078,-0.1111111111111111,-0.25,1
0.0,-0.1111111111111111,0.32142857142857145,0.09433962264150944,0.625,0.25,-0.11707317073170732,0.15384615384615385,0.0,0.045454545454545456,-0.2639593908629442,-0.09184629803186505,-0.6326530612244898,-0.7777777777777778,-0.375,0.46153846153846156,0.7777777777777778,0.8333333333333334,3
-0.3333333333333333,-0.6666666666666666,0.03571428571428571,0.07547169811320754,-0.25,-0.25,0.0975609756097561,-0.15384615384615385,0.25,-0.6818181818181818,0.18274111675126903,0.11433926897844424,-0.7551020408163265,-0.4444444444444444,0.0,0.3076923076923077,0.3333333333333333,0.08333333333333333,2
0.4166666666666667,0.0,-0.03571428571428571,-0.09433962264150944,0.25,0.0,-0.2731707317073171,0.3076923076923077,-0.25,0.09090909090909091,-0.34517766497461927,-0.21930646672914714,-0.061224489795918366,-1.0,1.75,-0.6923076923076923,1.3333333333333333,0.9166666666666666,3
0.9166666666666666,0.8888888888888888,0.6071428571428571,0.4339622641509434,-0.25,0.25,0.624390243902439,-0.6153846153846154,0.75,0.6818181818181818,0.5888324873096447,0.6429240862230553,0.6326530612244898,-0.5555555555555556,0.75,-0.23076923076923078,0.4444444444444444,0.3333333333333333,1
0.5,1.4444444444444444,1.0714285714285714,1.0377358490566038,0.625,0.75,1.2682926829268293,-1.0,1.5,1.3636363636363635,1.1573604060913705,1.3739456419868792,1.2653061224489797,-0.2222222222222222,0.625,1.0769230769230769,-0.1111111111111111,0.3333333333333333,1
-0.5833333333333334,-0.2222222222222222,-0.5,-0.7547169811320755,-0.875,-0.25,-0.11707317073170732,0.15384615384615385,0.0,-0.2727272727272727,-0.1218274111675127,-0.11808809746954077,-0.04081632653061224,1.4444444444444444,-0.375,-0.23076923076923078,-1.0,-1.1666666666666667,0
1.1666666666666667,1.4444444444444444,0.8214285714285714,0.3584905660377358,-0.75,-0.25,1.5219512195121951,-1.1538461538461537,1.75,1.1363636363636365,1.3401015228426396,1.7375820056232427,1.1224489795918366,0.5555555555555556,0.25,0.0,-0.2222222222222222,-0.75,0
1.3333333333333333,1.1111111111111112,0.8571428571428571,0.7547169811320755,0.25,0.75,1.2878048780487805,-1.0,1.5,1.3181818181818181,1.0558375634517767,1.3552014995313963,0.7959183673469388,-0.1111111111111111,0.125,0.23076923076923078,-0.2222222222222222,0.3333333333333333,2
-0.3333333333333333,0.0,-0.10714285714285714,-0.7547169811320755,-0.875,0.5,0.0,0.07692307692307693,0.25,0.22727272727272727,-0.28426395939086296,-0.02436738519212746,0.04081632653061224,0.4444444444444444,0.875,0.07692307692307693,-0.5555555555555556,-0.25,3
0.5,0.7777777777777778,0.32142857142857145,0.4339622641509434,0.125,-0.75,0.9170731707317074,-0.8461538461538461,1.0,0.5454545454545454,0.9137055837563451,0.9990627928772259,0.9183673469387755,0.5555555555555556,0.375,1.1538461538461537,0.2222222222222222,-0.5,0
0.3333333333333333,0.1111111111111111,0.42857142857142855,-0.07547169811320754,0.25,0.5,-0.0975609756097561,0.15384615384615385,0.0,0.09090909090909091,-0.2233502538071066,-0.09184629803186505,-0.061224489795918366,-0.7777777777777778,1.625,0.6923076923076923,0.8888888888888888,0.75,3
-0.5,-0.3333333333333333,-0.21428571428571427,-0.1320754716981132,0.375,-0.25,-0.0975609756097561,0.07692307692307693,0.0,-0.36363636363636365,-0.04060913705583756,-0.06560449859418932,-0.4489795918367347,0.1111111111111111,-0.25,-0.23076923076923078,0.1111111111111111,-0.16666666666666666,0
-0.3333333333333333,-0.4444444444444444,-0.25,-0.18867924528301888,0.25,-0.25,-0.1951219512195122,0.15384615384615385,0.0,-0.5,-0.04060913705583756,-0.14058106841611998,-0.5918367346938775,0.0,-0.125,-0.07692307692307693,0.3333333333333333,0.0,0
-0.5833333333333334,-0.4444444444444444,-0.14285714285714285,-0.3584905660377358,0.125,-0.5,-0.3121951219512195,0.38461538461538464,-0.25,-0.5,-0.38578680203045684,-0.25679475164011245,-0.24489795918367346,0.0,-0.25,0.7692307692307693,-0.6666666666666666,-0.5,1
-0.8333333333333334,-0.7777777777777778,-0.8928571428571429,-0.6415094339622641,0.0,-1.0,-0.4097560975609756,0.5384615384615384,-0.25,-0.8636363636363636,-0.5076142131979695,-0.3280224929709466,-0.673469387755102,1.4444444444444444,-0.25,-0.38461538461538464,-1.0,-1.0833333333333333,2
0.75,1.1111111111111112,0.7857142857142857,0.4716981132075472,-0.375,0.5,1.2878048780487805,-1.0,1.5,1.1363636363636365,0.9543147208121827,1.3851921274601686,0.5918367346938775,-0.1111111111111111,1.0,-0.38461538461538464,0.0,0.16666666666666666,1
0.5,1.2222222222222223,0.7857142857142857,1.0188679245283019,0.875,0.5,1.326829268292683,-1.0,1.5,1.4545454545454546,1.0355329949238579,1.4189315838800376,0.7959183673469388,0.2222222222222222,0.75,0.6923076923076923,-0.2222222222222222,0.0,1
0.6666666666666666,1.1111111111111112,0.9642857142857143,0.4339622641509434,-0.5,-0.25,1.5609756097560976,-1.1538461538461537,1.75,0.8181818181818182,1.6040609137055837,1.7788191190253047,1.6122448979591837,1.0,0.125,0.23076923076923078,-0.4444444444444444,-0.9166666666666666,0
2.0,0.8888888888888888,1.1071428571428572,1.1886792452830188,0.5,1.0,1.0926829268292684,-0.9230769230769231,1.25,0.7727272727272727,1.0355329949238579,1.1602624179943768,0.9387755102040817,-0.6666666666666666,2.0,1.0769230769230769,0.5555555555555556,0.75,2
-0.4166666666666667,0.0,-0.07142857142857142,0.03773584905660377,-0.25,-0.5,-0.0975609756097561,0.07692307692307693,0.0,-0.045454545454545456,-0.04060913705583756,-0.05810684161199625,0.061224489795918366,-0.8888888888888888,0.5,0.07692307692307693,1.4444444444444444,1.0,1
0.16666666666666666,0.0,0.17857142857142858,-0.1320754716981132,0.125,0.5,-0.2146341463414634,0.23076923076923078,0.0,0.09090909090909091,-0.28426395939086296,-0.17432052483598875,-0.16326530612244897,-0.8888888888888888,0.625,-0.38461538461538464,1.1111111111111112,0.8333333333333334,3
-0.3333333333333333,-0.4444444444444444,-0.35714285714285715,-0.33962264150943394,-0.375,-0.5,-0.4682926829268293,0.5384615384615384,-0.25,-0.4090909090909091,-0.4467005076142132,-0.3692596063730084,-0.46938775510204084,-1.2222222222222223,1.375,-0.38461538461538464,1.5555555555555556,1.0833333333333333,1
0.3333333333333333,0.2222222222222222,0.7857142857142857,0.8490566037735849,0.625,0.0,0.7024390243902439,-0.6153846153846154,0.75,0.22727272727272727,0.6294416243654822,0.7029053420805998,-0.10204081632653061,-0.6666666666666666,-0.5,1.6153846153846154,0.2222222222222222,0.3333333333333333,1
-0.4166666666666667,-0.6666666666666666,-0.75,-0.5283018867924528,-0.125,-0.75,-0.15609756097560976,0.23076923076923078,0.0,-0.6818181818181818,-0.28426395939086296,-0.14807872539831302,-0.3469387755102041,1.5555555555555556,0.875,-0.8461538461538461,-1.0,-1.0833333333333333,2
-0.16666666666666666,0.2222222222222222,-0.03571428571428571,-0.32075471698113206,0.0,0.25,-0.17560975609756097,0.15384615384615385,0.0,0.2727272727272727,-0.18274111675126903,-0.1330834114339269,0.5102040816326531,-0.2222222222222222,1.0,0.0,0.0,0.3333333333333333,3
-1.0,0.3333333333333333,-0.35714285714285715,-0.3584905660377358,0.375,-0.5,-0.0975609756097561,0.07692307692307693,0.0,0.045454545454545456,-0.1218274111675127,-0.06935332708528585,0.42857142857142855,0.3333333333333333,0.0,-0.8461538461538461,-0.6666666666666666,-0.6666666666666666,0
0.4166666666666667,0.6666666666666666,0.39285714285714285,0.5094339622641509,0.25,0.25,0.4097560975609756,-0.46153846153846156,0.5,0.4090909090909091,0.36548223350253806,0.42549203373945643,0.46938775510204084,-0.7777777777777778,0.625,-0.7692307692307693,0.4444444444444444,0.4166666666666667,2
0.0,-0.2222222222222222,0.32142857142857145,0.4339622641509434,0.125,0.5,0.526829268292683,-0.5384615384615384,0.5,-0.22727272727272727,0.6294416243654822,0.5454545454545454,-0.12244897959183673,-0.2222222222222222,-0.25,0.07692307692307693,0.0,0.08333333333333333,1
-0.16666666666666666,0.1111111111111111,-0.10714285714285714,0.11320754716981132,1.0,-0.25,-0.11707317073170732,0.07692307692307693,0.0,-0.09090909090909091,-0.14213197969543148,-0.06935332708528585,0.10204081632653061,-0.3333333333333333,0.875,-0.7692307692307693,0.6666666666666666,0.4166666666666667,0
1.3333333333333333,0.5555555555555556,1.0714285714285714,0.5283018867924528,-0.25,0.5,0.9951219512195122,-0.8461538461538461,1.25,0.45454545454545453,0.9746192893401016,1.0365510777881912,0.7959183673469388,-0.2222222222222222,1.0,1.5384615384615385,0.2222222222222222,0.5,2
-0.5,0.1111111111111111,0.10714285714285714,-0.018867924528301886,-0.125,0.0,0.0,-0.07692307692307693,0.0,-0.09090909090909091,0.08121827411167512,0.028116213683223992,0.0,-0.2222222222222222,-0.375,-0.6923076923076923,0.1111111111111111,0.0,1
0.5833333333333334,0.5555555555555556,0.6071428571428571,0.7735849056603774,0.25,0.25,0.5853658536585366,-0.6153846153846154,0.75,0.45454545454545453,0.5076142131979695,0.6016869728209935,0.04081632653061224,-1.1111111111111112,-0.25,-0.46153846153846156,0.8888888888888888,0.75,1
1.25,0.8888888888888888,1.0714285714285714,0.32075471698113206,-0.75,1.0,1.170731707317073,-0.9230769230769231,1.25,1.1363636363636365,1.0558375634517767,1.2314901593252108,0.8163265306122449,0.0,0.625,1.3076923076923077,0.0,0.4166666666666667,2
0.6666666666666666,0.2222222222222222,0.9285714285714286,0.5660377358490566,0.0,0.5,0.8195121951219512,-0.6923076923076923,1.0,0.18181818181818182,0.7309644670050761,0.8228678537956888,0.42857142857142855,-0.6666666666666666,0.25,2.076923076923077,0.3333333333333333,0.75,2
0.16666666666666666,0.3333333333333333,0.07142857142857142,0.20754716981132076,-0.25,-0.25,0.23414634146341465,-0.3076923076923077,0.25,0.2727272727272727,0.38578680203045684,0.2492970946579194,0.22448979591836735,-0.5555555555555556,-0.125,-0.5384615384615384,0.2222222222222222,0.16666666666666666,2
-0.3333333333333333,0.3333333333333333,0.21428571428571427,-0.33962264150943394,-0.375,0.5,-0.05853658536585366,0.07692307692307693,0.0,0.22727272727272727,-0.04060913705583756,-0.03561387066541706,0.24489795918367346,0.2222222222222222,1.0,-0.3076923076923077,-0.3333333333333333,0.08333333333333333,3
-0.5,0.1111111111111111,-0.07142857142857142,-0.22641509433962265,-0.25,-0.25,-0.03902439024390244,0.07692307692307693,0.0,-0.045454545454545456,0.08121827411167512,-0.031865042174320526,-0.04081632653061224,0.3333333333333333,1.25,0.23076923076923078,-0.5555555555555556,-0.5833333333333334,1
1.25,1.1111111111111112,0.9285714285714286,0.7169811320754716,0.125,0.75,0.8975609756097561,-0.7692307692307693,1.0,0.8181818181818182,0.7918781725888325,0.9353327085285849,1.2448979591836735,-0.4444444444444444,0.875,-0.6153846153846154,0.1111111111111111,0.3333333333333333,2
-0.25,0.3333333333333333,0.21428571428571427,-0.3018867924528302,-0.125,0.5,-0.01951219512195122,0.0,0.0,0.4090909090909091,0.04060913705583756,-0.013120899718837863,0.24489795918367346,0.3333333333333333,-0.5,-0.46153846153846156,-0.4444444444444444,0.0,3
-0.9166666666666666,-0.7777777777777778,-0.7142857142857143,-0.5849056603773585,0.25,-0.25,-0.4097560975609756,0.6153846153846154,-0.25,-0.8181818181818182,-0.5279187817258884,-0.3542642924086223,-0.6326530612244898,1.1111111111111112,0.75,1.0,-1.1111111111111112,-0.9166666666666666,2
-0.75,0.1111111111111111,-0.39285714285714285,-0.32075471698113206,0.375,-0.5,-0.1951219512195122,0.23076923076923078,0.0,-0.18181818181818182,-0.18274111675126903,-0.15557638238050608,0.12244897959183673,0.3333333333333333,0.0,-0.7692307692307693,-0.6666666666666666,-0.75,0
-0.3333333333333333,0.3333333333333333,0.07142857142857142,-0.16981132075471697,-0.5,0.0,0.0975609756097561,-0.15384615384615385,0.25,0.13636363636363635,0.20304568527918782,0.1105904404873477,0.46938775510204084,0.0,0.5,0.3076923076923077,-0.2222222222222222,-0.25,1
0.25,-0.3333333333333333,-0.07142857142857142,0.22641509433962265,0.375,-0.75,0.4097560975609756,-0.5384615384615384,0.5,-0.5454545454545454,0.5685279187817259,0.4742268041237113,-0.5306122448979592,0.2222222222222222,-0.625,-0.5384615384615384,0.7777777777777778,0.16666666666666666,0
0.3333333333333333,0.1111111111111111,-0.25,0.41509433962264153,1.25,-0.75,0.0975609756097561,-0.23076923076923078,0.25,-0.09090909090909091,0.02030456852791878,0.15182755388940955,0.24489795918367346,-0.2222222222222222,0.25,-0.3076923076923077,0.7777777777777778,0.5833333333333334,0
0.3333333333333333,0.3333333333333333,0.2857142857142857,-0.018867924528301886,0.375,0.25,0.0,0.0,0.25,0.13636363636363635,-0.08121827411167512,0.0018744142455482662,0.16326530612244897,-0.4444444444444444,-0.5,0.15384615384615385,0.3333333333333333,0.5,3
0.25,0.3333333333333333,-0.07142857142857142,0.7358490566037735,1.375,-0.5,0.2146341463414634,-0.38461538461538464,0.25,0.18181818181818182,0.2233502538071066,0.2642924086223055,0.16326530612244897,-0.3333333333333333,0.125,0.38461538461538464,1.1111111111111112,0.5833333333333334,0
-0.5,-0.8888888888888888,-0.9285714285714286,-0.9056603773584906,-0.375,-1.0,-0.7414634146341463,1.0769230769230769,-0.5,-0.9545454545454546,-0.7918781725888325,-0.5754451733833177,-0.7346938775510204,1.4444444444444444,0.5,0.3076923076923077,-1.0,-1.0833333333333333,3
1.3333333333333333,0.8888888888888888,0.5714285714285714,0.4528301886792453,-0.375,-1.0,1.3853658536585365,-1.0769230769230769,1.5,0.5454545454545454,1.7258883248730965,1.5651358950328023,0.8775510204081632,1.1111111111111112,-0.625,0.6153846153846154,-0.2222222222222222,-0.8333333333333334,0
0.9166666666666666,0.7777777777777778,1.0357142857142858,0.5283018867924528,-0.25,0.75,1.1902439024390243,-0.9230769230769231,1.25,0.7727272727272727,1.116751269035533,1.2577319587628866,0.5918367346938775,0.0,1.25,0.8461538461538461,0.1111111111111111,0.4166666666666667,2
-0.5,-0.7777777777777778,-0.6785714285714286,-0.6226415094339622,-0.5,-0.5,-0.5463414634146342,0.6923076923076923,-0.25,-0.7727272727272727,-0.467005076142132,-0.4329896907216495,-0.8571428571428571,-0.1111111111111111,-0.5,0.23076923076923078,-0.3333333333333333,-0.3333333333333333,2
-0.9166666666666666,-0.8888888888888888,-0.8928571428571429,-0.9056603773584906,-1.0,-0.25,-0.6048780487804878,0.8461538461538461,-0.25,-0.9090909090909091,-0.6294416243654822,-0.4854732895970009,-0.9387755102040817,0.6666666666666666,-0.5,-0.46153846153846156,-1.0,-1.0,2
1.0,1.3333333333333333,0.6785714285714286,0.8301886792452831,0.375,0.75,1.1902439024390243,-0.9230769230769231,1.25,1.2272727272727273,0.9746192893401016,1.2652296157450797,0.8571428571428571,0.0,-0.375,0.6153846153846154,-0.1111111111111111,0.25,1
-1.0833333333333333,-0.5555555555555556,-0.6785714285714286,-0.8113207547169812,-0.625,-0.5,-0.33170731707317075,0.46153846153846156,-0.25,-0.6818181818181818,-0.5279187817258884,-0.29053420805998126,-0.6530612244897959,0.8888888888888888,-0.625,-0.46153846153846156,-1.1111111111111112,-0.8333333333333334,1
1.0833333333333333,1.1111111111111112,0.75,1.169811320754717,0.75,-1.0,1.8341463414634147,-1.2307692307692308,2.0,0.7272727272727273,2.0913705583756346,2.1162136832239926,1.7959183673469388,1.7777777777777777,0.0,0.0,-0.7777777777777778,-1.1666666666666667,0
-1.0,0.2222222222222222,-0.2857142857142857,-0.4528301886792453,0.0,-0.25,-0.05853658536585366,0.07692307692307693,0.0,0.09090909090909091,0.0,-0.04311152764761012,0.32653061224489793,0.8888888888888888,-0.5,0.23076923076923078,-0.7777777777777778,-0.75,0
0.5833333333333334,0.7777777777777778,1.0714285714285714,1.1132075471698113,0.75,0.25,1.1902439024390243,-1.0,1.25,0.7272727272727273,1.2385786802030456,1.295220243673852,0.6530612244897959,0.0,0.125,0.5384615384615384,0.0,0.25,1
-0.4166666666666667,0.0,-0.2857142857142857,-0.37735849056603776,-0.625,0.0,-0.2731707317073171,0.38461538461538464,0.0,-0.13636363636363635,-0.36548223350253806,-0.23430178069353327,0.0,-0.4444444444444444,0.25,0.5384615384615384,-0.1111111111111111,0.08333333333333333,1
0.08333333333333333,0.5555555555555556,0.2857142857142857,-0.11320754716981132,0.375,0.5,0.01951219512195122,0.0,0.25,0.5454545454545454,0.04060913705583756,0.016869728209934397,0.5918367346938775,0.3333333333333333,-0.125,-0.8461538461538461,-0.6666666666666666,-0.16666666666666666,3
0.5,-0.1111111111111111,0.35714285714285715,0.5660377358490566,0.25,0.0,0.5853658536585366,-0.6153846153846154,0.75,-0.09090909090909091,0.6700507614213198,0.6091846298031866,-0.16326530612244897,-0.4444444444444444,0.125,0.15384615384615385,0.2222222222222222,0.25,2
-0.25,0.3333333333333333,0.21428571428571427,-0.37735849056603776,-0.375,0.25,-0.07804878048780488,0.07692307692307693,0.0,0.4090909090909091,-0.04060913705583756,-0.05060918462980318,0.20408163265306123,0.1111111111111111,-0.125,-0.6923076923076923,-0.3333333333333333,0.08333333333333333,3
0.08333333333333333,0.3333333333333333,0.21428571428571427,3.169811320754717,9.625,10.25,-0.01951219512195122,0.0,0.0,0.4090909090909091,2.9035532994923856,-0.016869728209934397,0.2653061224489796,7.0,0.875,-0.15384615384615385,-0.1111111111111111,0.0,3
0.5833333333333334,1.4444444444444444,1.0,0.7924528301886793,0.25,0.75,1.3853658536585365,-1.0,1.5,1.5454545454545454,1.1573604060913705,1.4901593252108716,0.6326530612244898,0.0,0.125,0.6153846153846154,-0.3333333333333333,0.16666666666666666,1
-0.5833333333333334,-0.2222222222222222,-0.5,-0.9811320754716981,-1.375,0.0,-0.07804878048780488,0.15384615384615385,0.0,-0.22727272727272727,-0.16243654822335024,-0.09934395501405811,-0.061224489795918366,1.4444444444444444,-0.125,0.38461538461538464,-1.1111111111111112,-1.0833333333333333,0
-0.16666666666666666,-0.6666666666666666,-0.32142857142857145,-0.09433962264150944,0.625,4.25,-0.3121951219512195,0.3076923076923077,-0.25,-0.3181818181818182,-0.30456852791878175,-0.23430178069353327,-0.8979591836734694,-0.5555555555555556,-0.125,0.0,0.3333333333333333,0.5,3
0.0,0.0,0.39285714285714285,0.018867924528301886,0.5,0.5,-0.05853658536585366,0.07692307692307693,0.0,0.45454545454545453,-0.14213197969543148,-0.03936269915651359,-0.6326530612244898,-0.6666666666666666,0.5,0.46153846153846156,0.5555555555555556,0.5833333333333334,3
-0.5833333333333334,0.3333333333333333,-0.14285714285714285,0.0,0.875,-0.5,-0.03902439024390244,0.0,0.0,0.0,-0.02030456852791878,-0.00937207122774133,0.32653061224489793,0.2222222222222222,0.25,-0.6153846153846154,-0.1111111111111111,-0.16666666666666666,0
-0.25,0.5555555555555556,0.14285714285714285,0.41509433962264153,0.25,-0.25,0.3902439024390244,-0.46153846153846156,0.5,0.36363636363636365,0.5685279187817259,0.40674789128397376,0.9795918367346939,-0.2222222222222222,-0.5,-0.6923076923076923,0.0,-0.08333333333333333,2
0.3333333333333333,-0.7777777777777778,-0.10714285714285714,0.07547169811320754,-0.125,0.0,0.0975609756097561,-0.15384615384615385,0.25,-0.6818181818181818,0.2436548223350254,0.1218369259606373,-0.7755102040816326,0.0,-0.625,-0.8461538461538461,-0.1111111111111111,-0.3333333333333333,1
1.25,1.4444444444444444,0.9642857142857143,0.22641509433962265,-1.25,-0.75,1.951219512195122,-1.3076923076923077,2.25,1.0909090909090908,2.1928934010152283,2.2774133083411434,1.7755102040816326,1.6666666666666667,0.75,-0.6923076923076923,-0.7777777777777778,-1.25,0
-0.3333333333333333,-0.3333333333333333,-0.14285714285714285,-0.05660377358490566,0.625,-0.75,-0.05853658536585366,0.0,0.0,-0.45454545454545453,-0.04060913705583756,-0.02436738519212746,-0.40816326530612246,0.0,-0.375,-0.8461538461538461,-0.1111111111111111,-0.08333333333333333,0
0.4166666666666667,-0.6666666666666666,-0.32142857142857145,0.39622641509433965,0.875,-0.5,0.15609756097560976,-0.3076923076923077,0.25,-0.45454545454545453,0.2436548223350254,0.204311152764761,-0.9183673469387755,-0.1111111111111111,-0.25,0.46153846153846156,1.2222222222222223,0.5833333333333334,0
-0.5,-0.2222222222222222,-0.5357142857142857,-0.2830188679245283,0.375,0.5,-0.44878048780487806,0.5384615384615384,-0.25,-0.22727272727272727,-0.40609137055837563,-0.35051546391752575,-0.30612244897959184,-0.5555555555555556,0.25,-0.8461538461538461,0.4444444444444444,0.4166666666666667,3
1.1666666666666667,1.0,1.0357142857142858,0.9056603773584906,0.375,1.0,0.975609756097561,-0.8461538461538461,1.0,0.7727272727272727,0.7918781725888325,1.006560449859419,0.5714285714285714,-0.7777777777777778,2.0,0.8461538461538461,0.5555555555555556,0.75,2
-0.6666666666666666,-0.7777777777777778,0.03571428571428571,-0.1320754716981132,-0.25,0.0,-0.05853658536585366,0.07692307692307693,0.0,-0.9090909090909091,0.04060913705583756,-0.03936269915651359,-0.7755102040816326,-0.3333333333333333,0.125,0.7692307692307693,0.2222222222222222,0.08333333333333333,1
0.6666666666666666,0.8888888888888888,0.9285714285714286,-0.05660377358490566,-1.0,0.5,1.0926829268292684,-0.9230769230769231,1.25,0.7727272727272727,0.9949238578680203,1.1640112464854733,0.6122448979591837,0.2222222222222222,0.875,0.0,-0.3333333333333333,-0.16666666666666666,1
0.25,-0.5555555555555556,-0.07142857142857142,-0.09433962264150944,0.125,0.0,-0.3121951219512195,0.3076923076923077,-0.25,0.18181818181818182,-0.3248730964467005,-0.24179943767572634,-1.0204081632653061,-1.1111111111111112,1.25,-0.6153846153846154,1.3333333333333333,1.0,3
0.8333333333333334,0.4444444444444444,0.7857142857142857,0.7358490566037735,0.125,1.0,0.8585365853658536,-0.7692307692307693,1.0,0.5454545454545454,0.7715736040609137,0.8865979381443299,-0.20408163265306123,-0.6666666666666666,0.375,0.8461538461538461,0.3333333333333333,0.5,1
-0.4166666666666667,-0.4444444444444444,-0.21428571428571427,0.1509433962264151,0.875,-0.25,-0.11707317073170732,0.07692307692307693,0.0,-0.4090909090909091,-0.06091370558375635,-0.06560449859418932,-0.46938775510204084,-0.3333333333333333,-0.375,0.6923076923076923,0.7777777777777778,0.3333333333333333,0
-1.0833333333333333,-0.6666666666666666,-0.5357142857142857,-0.660377358490566,-0.25,0.0,-0.4292682926829268,0.6153846153846154,-0.25,-0.9090909090909091,-0.5076142131979695,-0.37300843486410495,-0.7959183673469388,0.4444444444444444,-0.5,0.9230769230769231,-1.1111111111111112,-0.6666666666666666,1
-0.16666666666666666,-0.6666666666666666,-0.14285714285714285,-0.5471698113207547,-1.0,-0.5,-0.23414634146341465,0.3076923076923077,0.0,-0.6818181818181818,-0.2436548223350254,-0.20056232427366447,-0.5102040816326531,-0.3333333333333333,-0.5,-0.3076923076923077,-0.3333333333333333,-0.4166666666666667,2
-0.5833333333333334,0.1111111111111111,-0.2857142857142857,-0.18867924528301888,0.625,-0.25,-0.1951219512195122,0.15384615384615385,0.0,-0.09090909090909091,-0.20304568527918782,-0.13683223992502344,0.04081632653061224,0.0,0.0,-0.38461538461538464,0.0,0.0,0
-0.5833333333333334,-0.6666666666666666,0.25,0.18867924528301888,-0.125,0.25,0.2731707317073171,-0.3076923076923077,0.5,-0.5454545454545454,0.28426395939086296,0.27928772258669166,-0.7346938775510204,-0.4444444444444444,-0.5,1.3076923076923077,0.2222222222222222,0.25,2
-0.3333333333333333,0.1111111111111111,-0.07142857142857142,0.4339622641509434,0.375,0.25,0.0975609756097561,-0.15384615384615385,0.25,0.22727272727272727,0.2639593908629442,0.11808809746954077,0.0,-0.6666666666666666,-0.125,-0.6923076923076923,0.5555555555555556,0.4166666666666667,2
-1.25,-0.8888888888888888,-1.0,-0.9245283018867925,-0.625,-1.0,-0.7024390243902439,1.0769230769230769,-0.5,-1.0,-0.8527918781725888,-0.5604498594189316,-0.7959183673469388,1.3333333333333333,-0.5,0.07692307692307693,-1.3333333333333333,-1.0,1
-1.0833333333333333,-0.1111111111111111,-0.2857142857142857,-0.6037735849056604,-0.125,-0.25,-0.11707317073170732,0.15384615384615385,0.0,0.0,-0.14213197969543148,-0.10684161199625117,0.04081632653061224,1.0,0.125,0.3076923076923077,-1.0,-1.0,0
-0.4166666666666667,-0.8888888888888888,-0.03571428571428571,-0.09433962264150944,0.125,-0.5,-0.3121951219512195,0.38461538461538464,-0.25,-1.0454545454545454,-0.3248730964467005,-0.26804123711340205,-0.9183673469387755,-0.6666666666666666,-0.125,1.8461538461538463,0.5555555555555556,0.5,1
-0.6666666666666666,0.1111111111111111,0.10714285714285714,-0.6037735849056604,-0.625,0.75,0.05853658536585366,0.0,0.25,0.45454545454545453,-0.14213197969543148,0.013120899718837863,-0.02040816326530612,0.4444444444444444,0.625,0.7692307692307693,-0.6666666666666666,-0.25,3
0.6666666666666666,1.0,1.0357142857142858,0.3584905660377358,-0.875,1.0,1.170731707317073,-0.9230769230769231,1.25,1.1818181818181819,0.8730964467005076,1.2239925023430178,0.2653061224489796,-0.4444444444444444,-0.125,1.0,0.1111111111111111,0.4166666666666667,1
-0.3333333333333333,0.0,-0.32142857142857145,-0.1320754716981132,0.375,-0.5,-0.2926829268292683,0.3076923076923077,-0.25,-0.13636363636363635,-0.2639593908629442,-0.22305529522024367,-0.02040816326530612,-0.6666666666666666,0.5,0.0,0.4444444444444444,0.25,0
0.25,-0.8888888888888888,-0.17857142857142858,0.33962264150943394,1.125,-0.5,-0.13658536585365855,0.0,0.0,-0.8636363636363636,0.02030456852791878,-0.06560449859418932,-0.9591836734693877,-0.3333333333333333,-0.625,0.46153846153846156,1.3333333333333333,0.75,0
-0.5,-0.1111111111111111,-0.32142857142857145,0.07547169811320754,1.375,-0.25,-0.07804878048780488,0.07692307692307693,0.0,-0.045454545454545456,0.0,-0.06560449859418932,-0.061224489795918366,0.4444444444444444,0.125,0.07692307692307693,-0.5555555555555556,-0.75,0
0.0,-1.1111111111111112,-0.25,-0.39622641509433965,-0.625,-0.5,-0.44878048780487806,0.5384615384615384,-0.25,-1.0454545454545454,-0.38578680203045684,-0.3580131208997188,-1.0,-1.0,0.0,0.6923076923076923,1.2222222222222223,0.8333333333333334,2
0.25,-0.5555555555555556,-0.75,-0.9056603773584906,-1.25,-0.5,-0.44878048780487806,0.6923076923076923,-0.25,-0.3181818181818182,-0.467005076142132,-0.3880037488284911,-0.4897959183673469,1.5555555555555556,0.125,-0.8461538461538461,-0.8888888888888888,-1.1666666666666667,3
0.4166666666666667,0.4444444444444444,0.7857142857142857,0.5660377358490566,0.0,0.75,0.9951219512195122,-0.9230769230769231,1.0,0.2727272727272727,1.015228426395939,1.092783505154639,0.3877551020408163,-0.1111111111111111,0.0,-0.3076923076923077,0.0,0.0,1
-0.25,-1.1111111111111112,-0.4642857142857143,-0.1320754716981132,-0.25,-0.25,-0.3121951219512195,0.3076923076923077,-0.25,-1.0,-0.2436548223350254,-0.2268041237113402,-1.163265306122449,-1.2222222222222223,-0.5,-0.6153846153846154,1.3333333333333333,0.9166666666666666,2
-0.6666666666666666,0.1111111111111111,-0.32142857142857145,-0.8490566037735849,-0.875,-0.25,-0.13658536585365855,0.15384615384615385,0.0,-0.045454545454545456,-0.16243654822335024,-0.1218369259606373,0.24489795918367346,1.0,0.375,-0.5384615384615384,-0.8888888888888888,-1.0,0
-0.16666666666666666,-0.3333333333333333,0.5,0.6037735849056604,0.5,0.25,0.526829268292683,-0.5384615384615384,0.5,-0.4090909090909091,0.5076142131979695,0.5454545454545454,-0.42857142857142855,-0.6666666666666666,0.75,1.0,0.4444444444444444,0.3333333333333333,1
-0.3333333333333333,-0.8888888888888888,-0.35714285714285715,-0.4339622641509434,-0.5,-0.25,-0.4097560975609756,0.5384615384615384,-0.25,-0.9090909090909091,-0.467005076142132,-0.3467666354264292,-0.9387755102040817,-0.6666666666666666,-0.25,1.9230769230769231,0.4444444444444444,0.5833333333333334,1
1.0833333333333333,1.0,0.6785714285714286,0.7169811320754716,0.25,0.75,1.248780487804878,-1.0,1.5,0.9545454545454546,1.0355329949238579,1.3177132146204311,0.8163265306122449,-0.1111111111111111,0.625,1.0,-0.1111111111111111,0.08333333333333333,1
-0.5833333333333334,-0.6666666666666666,0.35714285714285715,0.20754716981132076,-0.25,0.25,0.25365853658536586,-0.3076923076923077,0.25,-0.6363636363636364,0.2639593908629442,0.260543580131209,-0.5306122448979592,-0.5555555555555556,0.25,1.6923076923076923,0.4444444444444444,0.5,1
1.5833333333333333,0.6666666666666666,0.8928571428571429,0.6037735849056604,-0.375,0.75,1.0146341463414634,-0.8461538461538461,1.25,0.5909090909090909,0.934010152284264,1.0515463917525774,0.24489795918367346,-0.5555555555555556,1.25,0.8461538461538461,0.2222222222222222,0.5,2
-0.75,-0.7777777777777778,-0.32142857142857145,-0.37735849056603776,0.125,0.25,-0.3902439024390244,0.38461538461538464,-0.25,-0.5454545454545454,-0.36548223350253806,-0.2942830365510778,-0.6938775510204082,-0.4444444444444444,0.75,-0.15384615384615385,0.5555555555555556,0.5,3
0.9166666666666666,1.0,1.0357142857142858,0.7735849056603774,0.0,0.75,1.1902439024390243,-0.9230769230769231,1.25,1.0,0.9949238578680203,1.2577319587628866,0.7142857142857143,-0.5555555555555556,-0.625,-0.15384615384615385,-0.1111111111111111,0.4166666666666667,2
0.5,0.3333333333333333,0.42857142857142855,1.150943396226415,1.625,-0.75,0.8975609756097561,-0.8461538461538461,1.0,0.09090909090909091,1.1573604060913705,1.014058106841612,0.24489795918367346,0.7777777777777778,-0.125,0.0,0.3333333333333333,-0.4166666666666667,0
-0.75,-0.6666666666666666,0.14285714285714285,-0.4528301886792453,-0.875,-0.25,-0.13658536585365855,0.15384615384615385,0.0,-0.6363636363636364,0.0,-0.11808809746954077,-0.5102040816326531,0.2222222222222222,0.125,1.3846153846153846,-0.4444444444444444,-0.4166666666666667,2
-0.6666666666666666,-0.2222222222222222,-0.32142857142857145,-0.660377358490566,-0.625,-0.25,-0.11707317073170732,0.15384615384615385,0.0,-0.045454545454545456,0.0,-0.11433926897844424,-0.04081632653061224,1.1111111111111112,0.625,0.23076923076923078,-0.8888888888888888,-0.9166666666666666,0
0.9166666666666666,0.7777777777777778,0.9285714285714286,0.05660377358490566,-0.875,0.5,1.0146341463414634,-0.8461538461538461,1.25,0.7272727272727273,0.8730964467005076,1.0590440487347703,0.9591836734693877,0.0,0.5,0.6923076923076923,-0.2222222222222222,0.08333333333333333,2
-0.6666666666666666,-0.7777777777777778,-0.39285714285714285,-0.37735849056603776,-0.125,-0.5,-0.5073170731707317,0.6153846153846154,-0.25,-0.7272727272727273,-0.5482233502538071,-0.39550140581068416,-1.0816326530612246,-0.7777777777777778,-0.25,0.23076923076923078,0.6666666666666666,0.5833333333333334,3
0.0,-0.2222222222222222,-0.5357142857142857,-0.7924528301886793,-1.25,-0.25,-0.4097560975609756,0.6153846153846154,-0.25,-0.09090909090909091,-0.2639593908629442,-0.36176194939081535,-0.3877551020408163,0.6666666666666666,1.375,0.07692307692307693,-0.4444444444444444,-0.9166666666666666,3
-0.75,-0.4444444444444444,-0.2857142857142857,-0.6415094339622641,-0.75,-0.25,-0.11707317073170732,0.15384615384615385,0.0,-0.5454545454545454,-0.20304568527918782,-0.10684161199625117,-0.1836734693877551,0.8888888888888888,0.875,-0.7692307692307693,-1.0,-0.8333333333333334,1
-0.16666666666666666,0.5555555555555556,0.25,0.5660377358490566,0.25,0.0,0.4097560975609756,-0.46153846153846156,0.5,0.45454545454545453,0.5279187817258884,0.42924086223055297,0.5510204081632653,-0.5555555555555556,0.25,-0.46153846153846156,0.3333333333333333,0.16666666666666666,1
0.4166666666666667,0.3333333333333333,1.0714285714285714,0.6981132075471698,-0.25,0.75,0.8390243902439024,-0.6923076923076923,1.0,0.36363636363636365,0.6091370558375635,0.8528584817244611,-0.1836734693877551,-1.2222222222222223,-0.5,1.6923076923076923,0.5555555555555556,1.0,2
0.6666666666666666,0.7777777777777778,0.6785714285714286,0.5471698113207547,-0.125,0.5,0.7609756097560976,-0.6923076923076923,0.75,0.6818181818181818,0.8527918781725888,0.8003748828491096,0.9183673469387755,-0.5555555555555556,-0.625,-0.07692307692307693,0.3333333333333333,0.4166666666666667,2
-0.25,0.3333333333333333,-0.21428571428571427,-0.5471698113207547,-0.375,0.75,0.0975609756097561,-0.07692307692307693,0.25,0.3181818181818182,-0.10152284263959391,0.06560449859418932,0.22448979591836735,0.5555555555555556,0.75,-0.23076923076923078,-0.6666666666666666,-0.4166666666666667,3
-0.16666666666666666,-0.8888888888888888,-0.6785714285714286,-0.7358490566037735,-0.625,-0.5,-0.7219512195121951,1.0,-0.5,-0.7272727272727273,-0.7715736040609137,-0.5529522024367385,-1.1428571428571428,-0.5555555555555556,0.125,0.23076923076923078,0.3333333333333333,0.16666666666666666,3
0.5,0.6666666666666666,0.32142857142857145,0.7358490566037735,0.375,0.5,0.5658536585365853,-0.6153846153846154,0.75,0.5909090909090909,0.649746192893401,0.5941893158388004,0.3877551020408163,-0.6666666666666666,0.875,0.0,0.5555555555555556,0.4166666666666667,1
0.75,1.0,0.7857142857142857,1.3773584905660377,1.375,-1.0,1.6,-1.1538461538461537,1.75,0.7727272727272727,1.8274111675126903,1.8200562324273664,1.3877551020408163,1.4444444444444444,0.25,0.8461538461538461,-0.5555555555555556,-1.0,0
-0.3333333333333333,0.2222222222222222,-0.17857142857142858,-0.5660377358490566,-0.25,0.25,0.01951219512195122,0.07692307692307693,0.25,0.5454545454545454,-0.14213197969543148,-0.00937207122774133,0.061224489795918366,0.7777777777777778,0.875,-0.6153846153846154,-0.5555555555555556,-0.4166666666666667,3
0.6666666666666666,0.8888888888888888,0.7857142857142857,0.6037735849056604,0.125,0.25,0.624390243902439,-0.6153846153846154,0.75,0.7272727272727273,0.6294416243654822,0.6316776007497656,0.5918367346938775,-0.5555555555555556,1.125,0.3076923076923077,0.4444444444444444,0.5,2
0.16666666666666666,1.4444444444444444,0.8928571428571429,1.1886792452830188,1.625,0.5,1.0926829268292684,-0.9230769230769231,1.25,1.3181818181818181,0.9543147208121827,1.1677600749765698,1.0,0.2222222222222222,-0.625,-0.5384615384615384,-0.3333333333333333,-0.25,1
0.6666666666666666,1.0,0.42857142857142855,0.5471698113207547,0.5,-0.5,0.9365853658536586,-0.8461538461538461,1.0,0.6818181818181818,1.0964467005076142,1.0402999062792877,0.8163265306122449,0.6666666666666666,0.0,0.23076923076923078,0.3333333333333333,-0.3333333333333333,0
-0.16666666666666666,-0.5555555555555556,0.10714285714285714,-0.018867924528301886,0.875,0.5,-0.25365853658536586,0.23076923076923078,0.0,-0.4090909090909091,-0.2639593908629442,-0.1893158388003749,-0.32653061224489793,-0.4444444444444444,1.0,-0.15384615384615385,0.2222222222222222,0.4166666666666667,3
-0.16666666666666666,0.2222222222222222,-0.14285714285714285,0.37735849056603776,1.75,-0.25,-0.03902439024390244,-0.07692307692307693,0.0,0.045454545454545456,0.02030456852791878,0.013120899718837863,0.3673469387755102,0.0,0.375,-0.23076923076923078,0.3333333333333333,0.25,0
0.08333333333333333,-0.7777777777777778,-0.17857142857142858,0.07547169811320754,-0.25,-0.25,0.11707317073170732,-0.15384615384615385,0.25,-0.5909090909090909,0.02030456852791878,0.1330834114339269,-0.8979591836734694,-1.0,0.125,-0.38461538461538464,1.0,0.6666666666666666,1
-0.08333333333333333,-0.6666666666666666,-0.17857142857142858,0.24528301886792453,0.125,0.25,0.0975609756097561,-0.15384615384615385,0.25,-0.5,0.08121827411167512,0.1105904404873477,-0.8571428571428571,-1.0,0.25,1.3846153846153846,0.8888888888888888,0.8333333333333334,1
0.16666666666666666,-0.1111111111111111,-0.2857142857142857,-0.11320754716981132,0.375,-0.5,-0.2146341463414634,0.15384615384615385,0.0,-0.22727272727272727,-0.16243654822335024,-0.13683223992502344,-0.061224489795918366,-0.5555555555555556,0.375,-0.5384615384615384,0.6666666666666666,0.3333333333333333,0
1.0833333333333333,0.8888888888888888,0.7857142857142857,0.9056603773584906,0.375,0.75,0.8780487804878049,-0.7692307692307693,1.0,0.5454545454545454,0.751269035532995,0.9315838800374883,0.6122448979591837,-0.7777777777777778,-0.375,-0.5384615384615384,0.3333333333333333,0.6666666666666666,2
-1.0,-0.1111111111111111,-0.39285714285714285,-0.49056603773584906,0.125,-0.25,-0.13658536585365855,0.23076923076923078,0.0,-0.045454545454545456,-0.10152284263959391,-0.1330834114339269,-0.061224489795918366,1.2222222222222223,-0.5,0.23076923076923078,-1.0,-1.0,0
-0.08333333333333333,-0.1111111111111111,-0.32142857142857145,-0.7735849056603774,-1.125,-0.5,-0.33170731707317075,0.46153846153846156,-0.25,-0.09090909090909091,-0.2639593908629442,-0.2867853795688847,-0.04081632653061224,0.7777777777777778,-0.125,0.38461538461538464,-0.6666666666666666,-0.9166666666666666,3
-0.8333333333333334,0.1111111111111111,-0.21428571428571427,-0.07547169811320754,0.875,0.0,-0.2731707317073171,0.23076923076923078,-0.25,-0.09090909090909091,-0.16243654822335024,-0.20056232427366447,0.10204081632653061,-0.1111111111111111,0.625,-0.6153846153846154,0.2222222222222222,0.25,3
0.8333333333333334,1.4444444444444444,0.9285714285714286,1.0566037735849056,1.0,0.75,1.2097560975609756,-1.0,1.25,1.2272727272727273,0.9949238578680203,1.302717900656045,1.5510204081632653,0.1111111111111111,0.625,-0.6923076923076923,-0.2222222222222222,-0.08333333333333333,1
0.4166666666666667,-0.2222222222222222,0.39285714285714285,0.5094339622641509,0.0,0.25,0.4292682926829268,-0.46153846153846156,0.5,-0.09090909090909091,0.2436548223350254,0.4554826616682287,-0.7346938775510204,-1.2222222222222223,-0.25,-0.23076923076923078,1.1111111111111112,1.0,2
-0.25,-0.3333333333333333,-0.6071428571428571,-0.33962264150943394,-0.125,-0.5,-0.5463414634146342,0.6923076923076923,-0.25,-0.22727272727272727,-0.5685279187817259,-0.4217432052483599,-0.3469387755102041,-1.2222222222222223,1.0,-0.5384615384615384,1.3333333333333333,1.0,3
1.0833333333333333,0.8888888888888888,1.0,0.8679245283018868,0.125,0.0,0.8585365853658536,-0.7692307692307693,1.0,0.6818181818181818,0.8324873096446701,0.9128397375820057,0.5306122448979592,-0.5555555555555556,0.5,0.46153846153846156,0.5555555555555556,0.4166666666666667,1
0.3333333333333333,0.3333333333333333,0.07142857142857142,0.33962264150943394,0.375,0.0,0.23414634146341465,-0.3076923076923077,0.25,0.18181818181818182,0.3248730964467005,0.2530459231490159,0.16326530612244897,-0.2222222222222222,0.75,-0.6923076923076923,0.3333333333333333,0.16666666666666666,1
-0.6666666666666666,-0.4444444444444444,-0.4642857142857143,-0.8301886792452831,-1.125,-1.0,-0.07804878048780488,0.07692307692307693,0.0,-0.5909090909090909,-0.14213197969543148,-0.06935332708528585,-0.22448979591836735,1.6666666666666667,1.0,-0.6153846153846154,-1.0,-1.0833333333333333,1
0.5833333333333334,0.5555555555555556,0.03571428571428571,0.7735849056603774,1.125,-0.5,0.526829268292683,-0.6153846153846154,0.5,0.45454545454545453,0.5888324873096447,0.5941893158388004,0.4897959183673469,0.1111111111111111,-0.25,0.15384615384615385,1.0,0.25,0
-0.9166666666666666,-0.1111111111111111,-0.2857142857142857,-0.20754716981132076,0.875,-0.25,-0.11707317073170732,0.15384615384615385,0.0,-0.13636363636363635,-0.1218274111675127,-0.10684161199625117,-0.02040816326530612,0.6666666666666666,0.25,0.0,-0.8888888888888888,-0.8333333333333334,0
-1.25,-0.1111111111111111,-0.32142857142857145,-0.33962264150943394,0.5,0.0,-0.17560975609756097,0.23076923076923078,0.0,-0.045454545454545456,-0.16243654822335024,-0.14807872539831302,-0.12244897959183673,0.5555555555555556,-0.5,0.07692307692307693,-0.8888888888888888,-0.8333333333333334,0
0.25,1.1111111111111112,0.8928571428571429,0.18867924528301888,-0.375,0.5,1.1512195121951219,-0.9230769230769231,1.25,1.3181818181818181,0.8934010152284264,1.2127460168697282,0.9795918367346939,0.3333333333333333,1.0,0.9230769230769231,-0.3333333333333333,-0.16666666666666666,1
1.0,0.7777777777777778,1.0357142857142858,0.6792452830188679,0.125,0.75,1.248780487804878,-1.0,1.5,0.7727272727272727,1.116751269035533,1.3214620431115276,0.5714285714285714,0.0,0.875,0.38461538461538464,0.0,0.3333333333333333,2
-0.08333333333333333,-0.4444444444444444,-0.6071428571428571,-0.39622641509433965,-0.25,0.0,-0.5658536585365853,0.6923076923076923,-0.5,-0.3181818181818182,-0.5685279187817259,-0.44048734770384257,-0.4897959183673469,-1.1111111111111112,1.0,-0.7692307692307693,1.6666666666666667,1.1666666666666667,3
-0.16666666666666666,0.0,-0.4642857142857143,-0.2641509433962264,0.25,-0.25,-0.37073170731707317,0.38461538461538464,-0.25,0.0,-0.2233502538071066,-0.2942830365510778,-0.14285714285714285,0.0,-0.5,-0.15384615384615385,-0.1111111111111111,-0.16666666666666666,3
0.9166666666666666,1.2222222222222223,1.0714285714285714,1.2264150943396226,0.75,1.0,1.2097560975609756,-1.0,1.25,1.2727272727272727,1.0761421319796953,1.302717900656045,1.0612244897959184,-0.5555555555555556,0.375,0.8461538461538461,0.2222222222222222,0.5,1
1.0,0.6666666666666666,0.5,0.1509433962264151,-0.875,-1.0,1.2878048780487805,-1.0,1.5,0.5909090909090909,1.5634517766497462,1.4114339268978444,0.6530612244897959,1.2222222222222223,-0.125,0.07692307692307693,-0.3333333333333333,-1.0,0
1.1666666666666667,1.3333333333333333,0.9285714285714286,0.6981132075471698,0.0,0.75,1.2682926829268293,-1.0,1.5,1.5,1.1573604060913705,1.3739456419868792,0.7755102040816326,0.0,1.25,-0.7692307692307693,0.0,0.0,1
-0.9166666666666666,-0.4444444444444444,-0.21428571428571427,-0.4528301886792453,-0.5,0.0,-0.05853658536585366,0.07692307692307693,0.0,-0.5909090909090909,-0.08121827411167512,-0.061855670103092786,-0.42857142857142855,0.3333333333333333,0.75,-0.15384615384615385,-0.8888888888888888,-0.75,1
0.3333333333333333,1.2222222222222223,0.8928571428571429,1.0188679245283019,1.25,0.25,1.0731707317073171,-0.8461538461538461,1.25,1.1363636363636365,0.9137055837563451,1.1227741330834113,1.0,0.2222222222222222,-0.5,1.0,-0.3333333333333333,0.0,2
0.6666666666666666,1.2222222222222223,0.7857142857142857,0.33962264150943394,-0.5,1.25,1.3463414634146342,-1.0,1.5,1.4090909090909092,0.9746192893401016,1.4339268978444235,0.6122448979591837,-0.1111111111111111,0.0,-0.07692307692307693,-0.3333333333333333,0.16666666666666666,1
-0.3333333333333333,0.2222222222222222,-0.03571428571428571,-0.2830188679245283,0.25,0.75,0.07804878048780488,0.0,0.25,0.6363636363636364,-0.14213197969543148,0.031865042174320526,0.04081632653061224,0.1111111111111111,0.0,-0.15384615384615385,-0.4444444444444444,-0.16666666666666666,3
0.08333333333333333,0.1111111111111111,0.35714285714285715,0.9056603773584906,1.25,-0.75,0.5853658536585366,-0.6153846153846154,0.75,-0.045454545454545456,0.5482233502538071,0.6541705716963448,0.16326530612244897,-0.1111111111111111,-0.125,0.15384615384615385,0.6666666666666666,0.16666666666666666,0
-0.5833333333333334,-0.2222222222222222,-0.5357142857142857,-0.8113207547169812,-0.875,-0.5,-0.15609756097560976,0.23076923076923078,0.0,-0.13636363636363635,-0.14213197969543148,-0.14807872539831302,-0.061224489795918366,1.6666666666666667,-0.5,-0.6153846153846154,-1.1111111111111112,-1.1666666666666667,0
0.9166666666666666,1.2222222222222223,0.75,0.6792452830188679,0.625,0.5,1.1317073170731706,-0.9230769230769231,1.25,1.2272727272727273,0.9543147208121827,1.2052483598875352,0.9591836734693877,0.2222222222222222,-0.5,-0.7692307692307693,-0.4444444444444444,-0.16666666666666666,2
0.9166666666666666,1.1111111111111112,0.42857142857142855,0.8301886792452831,0.75,0.75,1.2097560975609756,-0.9230769230769231,1.25,1.0909090909090908,0.934010152284264,1.2689784442361762,0.4489795918367347,0.2222222222222222,-0.125,0.7692307692307693,-0.2222222222222222,0.0,1
0.08333333333333333,0.2222222222222222,0.0,0.3018867924528302,0.125,0.0,0.2146341463414634,-0.23076923076923078,0.25,0.09090909090909091,0.2639593908629442,0.22305529522024367,0.3877551020408163,-0.5555555555555556,0.875,0.3076923076923077,0.2222222222222222,0.16666666666666666,1
-0.5833333333333334,-0.6666666666666666,-0.10714285714285714,-0.41509433962264153,-0.25,0.0,-0.2731707317073171,0.3076923076923077,-0.25,-0.6818181818181818,-0.20304568527918782,-0.2155576382380506,-0.7346938775510204,-0.1111111111111111,0.0,-0.07692307692307693,0.0,0.0,3
-0.25,0.4444444444444444,-0.03571428571428571,-0.41509433962264153,-0.125,0.75,0.0975609756097561,0.0,0.25,0.5909090909090909,-0.10152284263959391,0.05810684161199625,0.24489795918367346,0.3333333333333333,-0.375,-0.6923076923076923,-0.5555555555555556,-0.25,3
-0.8333333333333334,0.2222222222222222,-0.2857142857142857,-0.16981132075471697,1.125,-0.5,-0.0975609756097561,0.07692307692307693,0.0,0.045454545454545456,-0.06091370558375635,-0.07685098406747891,0.4897959183673469,0.8888888888888888,-0.25,0.0,-0.8888888888888888,-0.8333333333333334,0
0.9166666666666666,1.4444444444444444,0.8571428571428571,1.0754716981132075,1.375,1.0,1.2682926829268293,-1.0,1.5,1.4090909090909092,0.934010152284264,1.3477038425492034,0.8979591836734694,0.0,0.75,0.07692307692307693,-0.3333333333333333,-0.08333333333333333,1
0.0,0.1111111111111111,0.07142857142857142,0.22641509433962265,0.375,-0.25,0.07804878048780488,-0.15384615384615385,0.25,0.045454545454545456,0.06091370558375635,0.09184629803186505,0.2857142857142857,-0.2222222222222222,0.75,0.0,0.3333333333333333,0.25,2
-0.9166666666666666,-0.5555555555555556,0.25,-0.4716981132075472,-0.875,-0.25,-0.05853658536585366,0.15384615384615385,0.0,-0.5454545454545454,-0.06091370558375635,-0.07685098406747891,-0.7142857142857143,-0.1111111111111111,0.75,0.5384615384615384,-0.6666666666666666,-0.5833333333333334,1
0.75,0.7777777777777778,1.0357142857142858,0.5283018867924528,-0.5,0.5,1.0926829268292684,-0.9230769230769231,1.25,0.7272727272727273,0.8527918781725888,1.1415182755388942,0.20408163265306123,-0.6666666666666666,0.25,0.7692307692307693,0.2222222222222222,0.4166666666666667,1
1.25,1.1111111111111112,1.0714285714285714,0.4528301886792453,-0.5,0.75,1.248780487804878,-0.9230769230769231,1.5,1.2727272727272727,1.0558375634517767,1.3139643861293346,0.8163265306122449,-0.2222222222222222,0.875,0.9230769230769231,0.0,0.4166666666666667,2
0.3333333333333333,0.1111111111111111,-0.10714285714285714,0.18867924528301888,-0.125,0.25,0.01951219512195122,-0.07692307692307693,0.25,0.13636363636363635,0.06091370558375635,0.04311152764761012,-0.10204081632653061,-1.0,1.375,0.07692307692307693,1.0,0.8333333333333334,2
-0.6666666666666666,-0.1111111111111111,-0.4642857142857143,-0.660377358490566,-0.5,-0.5,-0.0975609756097561,0.15384615384615385,0.0,-0.13636363636363635,-0.08121827411167512,-0.09559512652296158,-0.12244897959183673,1.5555555555555556,-0.125,-0.15384615384615385,-1.0,-1.0833333333333333,0
0.75,1.1111111111111112,0.6785714285714286,0.22641509433962265,-0.625,0.5,1.2292682926829268,-0.9230769230769231,1.5,1.1363636363636365,0.8527918781725888,1.302717900656045,1.0,0.0,0.0,0.46153846153846156,-0.3333333333333333,0.0,1
1.0833333333333333,1.1111111111111112,0.9285714285714286,-0.018867924528301886,-1.625,-0.75,1.775609756097561,-1.2307692307692308,2.0,0.8636363636363636,1.868020304568528,1.9962511715089035,1.4081632653061225,1.3333333333333333,0.875,-0.7692307692307693,-0.8888888888888888,-1.1666666666666667,0
0.08333333333333333,0.1111111111111111,-0.25,0.2641509433962264,1.0,-0.5,0.0,-0.15384615384615385,0.0,-0.09090909090909091,0.08121827411167512,0.05435801312089972,0.3469387755102041,-0.3333333333333333,0.0,-0.46153846153846156,0.4444444444444444,0.16666666666666666,0
1.0833333333333333,1.2222222222222223,0.6785714285714286,1.1132075471698113,0.875,0.75,1.1512195121951219,-0.9230769230769231,1.25,1.0909090909090908,0.9137055837563451,1.2014995313964385,0.8163265306122449,-0.4444444444444444,-0.375,1.3846153846153846,0.0,0.4166666666666667,1
0.08333333333333333,-0.1111111111111111,0.10714285714285714,-0.5471698113207547,-0.875,0.5,-0.01951219512195122,0.0,0.0,0.13636363636363635,-0.02030456852791878,0.0018744142455482662,-0.2653061224489796,0.2222222222222222,-0.5,-0.38461538461538464,-0.3333333333333333,0.08333333333333333,3
-0.4166666666666667,-0.8888888888888888,-0.9285714285714286,-0.9811320754716981,-0.5,-1.25,-0.7414634146341463,1.0769230769230769,-0.5,-0.8181818181818182,-0.8121827411167513,-0.5791940018744143,-0.7755102040816326,1.7777777777777777,0.25,0.23076923076923078,-1.0,-1.0833333333333333,3
0.75,1.1111111111111112,0.6785714285714286,0.03773584905660377,-1.0,0.5,1.1902439024390243,-0.9230769230769231,1.25,1.2727272727272727,1.0355329949238579,1.2502343017806936,1.0,0.0,-0.625,1.5384615384615385,-0.2222222222222222,0.16666666666666666,1
0.6666666666666666,1.3333333333333333,0.75,0.7358490566037735,0.125,1.0,1.3853658536585365,-1.0,1.5,1.4545454545454546,1.0964467005076142,1.493908153701968,0.6122448979591837,0.1111111111111111,-0.625,0.0,-0.3333333333333333,0.08333333333333333,1
1.0,1.1111111111111112,0.6071428571428571,0.37735849056603776,-0.5,0.5,1.2292682926829268,-1.0,1.5,1.0909090909090908,1.0964467005076142,1.302717900656045,0.8775510204081632,0.3333333333333333,0.0,0.07692307692307693,-0.2222222222222222,-0.08333333333333333,1
-0.5833333333333334,-0.8888888888888888,-0.4642857142857143,-0.6981132075471698,-0.5,0.0,-0.4878048780487805,0.6923076923076923,-0.25,-0.8636363636363636,-0.5888324873096447,-0.3992502343017807,-0.7142857142857143,0.4444444444444444,0.0,1.2307692307692308,-0.6666666666666666,-0.75,1
-0.16666666666666666,-0.5555555555555556,-0.25,-0.6037735849056604,-0.75,-0.25,-0.1951219512195122,0.23076923076923078,0.0,-0.6363636363636364,-0.14213197969543148,-0.1668228678537957,-0.5102040816326531,0.5555555555555556,0.5,0.5384615384615384,-0.5555555555555556,-0.5833333333333334,2
0.3333333333333333,0.2222222222222222,0.5357142857142857,0.8301886792452831,0.75,0.5,0.7609756097560976,-0.6923076923076923,0.75,0.045454545454545456,0.9543147208121827,0.8041237113402062,0.40816326530612246,-0.2222222222222222,-0.625,0.23076923076923078,-0.1111111111111111,0.08333333333333333,1
1.8333333333333333,1.0,0.75,0.7547169811320755,0.375,0.75,1.248780487804878,-1.0,1.5,0.9090909090909091,1.0558375634517767,1.3177132146204311,0.8163265306122449,-0.1111111111111111,2.0,0.0,0.0,0.25,2
0.6666666666666666,0.7777777777777778,1.1785714285714286,0.6792452830188679,-0.25,0.75,1.1317073170731706,-0.8461538461538461,1.25,0.7272727272727273,0.934010152284264,1.1565135895032803,0.40816326530612246,-0.7777777777777778,-0.625,1.9230769230769231,0.1111111111111111,0.8333333333333334,2
0.0,-1.0,-0.03571428571428571,-0.05660377358490566,-0.125,0.0,-0.11707317073170732,0.15384615384615385,0.0,-0.9545454545454546,-0.10152284263959391,-0.10309278350515463,-0.7551020408163265,-0.5555555555555556,-0.375,1.6923076923076923,0.2222222222222222,0.16666666666666666,1
0.16666666666666666,0.2222222222222222,0.4642857142857143,-0.11320754716981132,0.25,0.75,0.07804878048780488,-0.07692307692307693,0.25,0.5,-0.02030456852791878,0.05060918462980318,-0.061224489795918366,-0.2222222222222222,0.25,0.7692307692307693,0.0,0.3333333333333333,3
0.6666666666666666,1.2222222222222223,0.9285714285714286,0.32075471698113206,-0.25,0.5,1.1512195121951219,-0.9230769230769231,1.25,1.4090909090909092,0.8934010152284264,1.197750702905342,1.0,0.2222222222222222,0.875,1.1538461538461537,-0.3333333333333333,-0.08333333333333333,1
-0.5833333333333334,-0.1111111111111111,-0.32142857142857145,-0.7358490566037735,-0.625,-0.5,-0.15609756097560976,0.23076923076923078,0.0,-0.045454545454545456,-0.2233502538071066,-0.15557638238050608,-0.061224489795918366,1.5555555555555556,0.125,-0.15384615384615385,-1.1111111111111112,-1.1666666666666667,0
-0.4166666666666667,-0.6666666666666666,-0.07142857142857142,-0.16981132075471697,-0.625,-0.25,0.13658536585365855,-0.15384615384615385,0.25,-0.7727272727272727,0.14213197969543148,0.13683223992502344,-0.6938775510204082,-0.5555555555555556,-0.5,-0.15384615384615385,0.3333333333333333,0.16666666666666666,1
0.8333333333333334,1.1111111111111112,1.0,0.4528301886792453,-0.625,0.75,1.3073170731707318,-1.0,1.5,1.2727272727272727,0.9746192893401016,1.3889409559512653,0.5306122448979592,-0.2222222222222222,-0.625,1.3846153846153846,-0.2222222222222222,0.4166666666666667,1
0.16666666666666666,-0.7777777777777778,-0.2857142857142857,0.11320754716981132,0.0,0.25,0.01951219512195122,0.0,0.25,-0.5454545454545454,0.02030456852791878,0.02436738519212746,-1.0,-1.0,0.0,2.230769230769231,0.7777777777777778,1.0,2
-0.3333333333333333,-0.6666666666666666,-0.17857142857142858,-0.5094339622641509,-0.25,-0.25,-0.3902439024390244,0.46153846153846156,-0.25,-0.5909090909090909,-0.20304568527918782,-0.30178069353327086,-0.9387755102040817,0.0,0.25,-0.3076923076923077,0.0,-0.25,3
-1.4166666666666667,-0.6666666666666666,-0.75,-0.7547169811320755,-0.375,-0.75,-0.44878048780487806,0.6153846153846154,-0.25,-0.8636363636363636,-0.5076142131979695,-0.37300843486410495,-0.5918367346938775,1.6666666666666667,-0.625,0.7692307692307693,-1.3333333333333333,-1.0,1
-0.08333333333333333,-0.2222222222222222,-0.14285714285714285,0.1320754716981132,-0.125,0.0,-0.17560975609756097,0.15384615384615385,0.0,-0.18181818181818182,-0.06091370558375635,-0.13683223992502344,-0.2857142857142857,-1.1111111111111112,2.125,-0.07692307692307693,1.8888888888888888,1.25,1
1.1666666666666667,1.1111111111111112,1.0357142857142858,1.1886792452830188,0.875,1.0,1.2097560975609756,-0.9230769230769231,1.5,1.0909090909090908,0.934010152284264,1.2802249297094659,1.0204081632653061,-0.5555555555555556,1.0,1.0769230769230769,0.1111111111111111,0.6666666666666666,2
-0.6666666666666666,-0.4444444444444444,-0.14285714285714285,-0.5283018867924528,-0.625,-0.25,-0.07804878048780488,0.07692307692307693,0.0,-0.5454545454545454,-0.08121827411167512,-0.07310215557638237,-0.2857142857142857,0.4444444444444444,0.25,0.38461538461538464,-0.7777777777777778,-0.75,2
-0.4166666666666667,-0.5555555555555556,-0.10714285714285714,-0.18867924528301888,0.125,0.0,-0.37073170731707317,0.38461538461538464,-0.25,-0.4090909090909091,-0.4263959390862944,-0.29053420805998126,-1.0204081632653061,-1.0,-0.25,-0.38461538461538464,1.3333333333333333,1.0833333333333333,3
