0.20385765688388,0.5096343263366642,0.07021462464261248,0.28369303489429176,1.1868053231375393,0.285660064641387,-0.19208131975032725,0.12625034177640562,-0.21270649559640753,0.7580733843443057,-0.39357401926644386,-0.33165354775465516,0.27879037408848417,-0.34362966379248927,-0.08100061880036022,0.3771981376193444,-0.29066653404653187,0.20208558057627576,3
-0.2840870224239121,-0.626354006710155,0.13382369226309793,-0.8086131470881329,-0.5644397620824388,0.08273214986881705,-0.58484288100629,0.5139482417196978,-0.5994455784989662,-0.34612314187149007,-0.5827223464554927,-0.6090931352916267,-0.5196095110367669,-0.09266417900022159,0.5265040222023409,0.1555675934814245,0.032987850759026355,0.4691364113251022,3
1.3017331853264122,0.8342024214928982,1.5332231799137779,1.1988684846633504,0.486307289049548,0.285660064641387,1.1674779307510825,-1.1660759913679015,0.9475107531112684,0.6890611014558184,1.0880878770477722,1.1178267463160532,1.3842671381080625,0.032818563395912256,1.539011757206843,-0.3985087668633753,-0.12883934164375277,0.06856016520186257,2
-0.04011468277001606,-0.626354006710155,0.006605557022127029,-0.2772209504480344,0.1360582720055524,0.08273214986881705,-0.7359050199508911,0.6431808750341285,-0.5994455784989662,-0.34612314187149007,-0.8979695584372408,-0.7279958156646145,-1.4715478356091816,-1.2220088605654262,-0.08100061880036022,-0.2876934947944153,1.6512597747868174,1.5373397343204078,3
-1.0160040413856002,-0.13950186397580386,-0.7567032544236983,1.0807813298544395,4.806045165925494,8.808632485089325,-0.58484288100629,0.5139482417196978,-0.5994455784989662,-0.2771108589830028,1.6555328586149187,-0.6374032972851952,0.4016211256462151,6.80888665278714,0.5265040222023409,-0.17687822272545536,-1.4234568808659858,-1.667270234665509,0
1.6676916948072564,1.9701907545397173,1.5332231799137779,0.10656230268092563,-1.3816874685184286,-0.5260515944488928,2.617674464619253,-1.9414717912544857,2.881206167624062,1.4481962132291781,2.884996985343736,2.9410011787018653,2.7354054052431027,1.5386114721495183,-0.2835021658012606,-0.3985087668633753,-1.2616296884632066,-1.667270234665509,0
0.44782999653777605,-0.30178591155392087,-0.5658760515622421,0.13608409138315333,0.36955761670154946,-0.5260515944488928,-0.4639931698506092,0.12625034177640562,-0.5994455784989662,-0.34612314187149007,-0.39357401926644386,-0.4335701309315018,-0.08970188058470863,-0.8455606333770247,1.3365102102059425,-1.2850309434150549,1.8130869671895966,1.1367634881971682,0
-0.40607319225086014,-0.30178591155392087,-1.01113952490564,-0.3362645278524898,0.36955761670154946,0.08273214986881705,-0.9473920144733327,0.9016461416629898,-0.9861846614015248,-0.13908629320602836,-0.8349201160408911,-0.8865327228285982,-0.3353633837001705,-0.7200778909808908,-0.6885052598030614,-1.063400399277135,0.6802966203701428,0.8697126574483418,3
-0.8940178715586523,-1.762342339756974,-1.265575795387582,-0.8381349357903606,-0.09744107269044469,-0.3231236796763229,-1.4005784313071359,1.677041941549574,-1.3729237443040836,-1.4503196680872859,-1.496939261202562,-1.214930601953993,-1.9321631539506725,-1.0965261181692925,-0.8910068068039617,0.1555675934814245,1.8130869671895966,1.670865149694821,3
-0.04011468277001606,-0.13950186397580386,1.0243506389498942,0.8446070202366179,0.019308599657553847,0.488587979413957,0.4423796638169973,-0.6491454581101787,0.5607716702087098,-0.13908629320602836,0.42606873188610117,0.3817625344832716,-0.7038556383733633,-1.0965261181692925,-0.486003712802161,0.1555675934814245,1.003951005175701,1.1367634881971682,2
-0.8940178715586523,-1.43777424460074,-0.7567032544236983,-0.7495695696836775,-0.09744107269044469,0.08273214986881705,-1.0682417256290135,1.1601114082918513,-0.9861846614015248,-1.2432828194218242,-1.1186426068244644,-0.9714632088093037,-1.4715478356091816,-0.8455606333770247,-0.8910068068039617,-0.2876934947944153,0.8421238127729219,0.8697126574483418,3
-0.40607319225086014,-1.762342339756974,-1.01113952490564,-0.9562220905992713,-0.7979391067784359,-0.5260515944488928,-1.3703660035182157,1.677041941549574,-1.3729237443040836,-2.071430214083671,-1.2762662128153384,-1.2092685695552792,-1.7479170266140762,-0.9710433757731585,-0.2835021658012606,1.4853508583089439,1.1657781975784802,0.8697126574483418,2
-0.6500455319047562,0.18506623118043017,-0.5022669839417566,0.07704051397869793,0.7198066337455451,-0.5260515944488928,-0.49420559763952937,0.25548297509083634,-0.5994455784989662,-0.001061727429053891,-0.2674751344737446,-0.5015145197160663,0.524451877203946,-0.21814692139635544,-0.2835021658012606,-0.17687822272545536,0.032987850759026355,-0.06496525017255063,0
-0.5280593620778081,-0.4640699591320379,0.1974327598835834,-0.7200477809814498,-0.44769008973444036,0.285660064641387,-0.49420559763952937,0.38471560840526703,-0.5994455784989662,-0.2771108589830028,-0.4881481828609683,-0.524162649310921,-0.4274864473684687,-0.09266417900022159,0.32400247520144054,0.04475232141246454,-0.29066653404653187,0.20208558057627576,3
0.08187148705693198,0.6719183739147813,-0.18422164583932932,1.0217377524499842,1.0700556507895407,-0.7289795092214628,0.17046781371671532,-0.5199128247957479,0.17403258730615112,0.4130119699018695,0.23692040469705233,0.1552812385347234,0.9543595076560043,-0.21814692139635544,-0.08100061880036022,-1.174215671346095,1.3276053899812592,0.4691364113251022,0
0.325843826710828,1.6456226593834833,1.3423959770523215,0.9626941750455288,0.36955761670154946,0.08273214986881705,1.0768406473843217,-1.1660759913679015,0.9475107531112684,1.2411593645637162,1.2141867618404714,1.0555443899302024,2.1826670232333134,0.1583013057920461,-0.08100061880036022,-1.174215671346095,-0.452493726449311,-0.19849066554696385,1
-0.5280593620778081,-1.43777424460074,-1.965275539212922,-1.753310385559419,-1.1481881238224316,-0.5260515944488928,-1.5214281424628167,2.0647398414928664,-1.3729237443040836,-1.3122951023103113,-1.6230381459952614,-1.3111851527321259,-1.5329632113880471,0.9111977601688491,-0.8910068068039617,0.1555675934814245,-1.2616296884632066,-1.4002194039166826,3
0.6918023361916721,-0.626354006710155,-0.31143978108030024,0.8446070202366179,0.8365563060935437,-0.5260515944488928,0.26110509708347596,-0.6491454581101787,0.17403258730615112,-0.622172273425439,0.42606873188610117,0.2685218865089975,-0.734563326262796,-0.09266417900022159,-0.486003712802161,-0.2876934947944153,1.4894325823840384,0.4691364113251022,0
1.3017331853264122,1.4833386118053662,1.1515687741908651,0.5198673445121134,-0.09744107269044469,0.285660064641387,1.4393897808513643,-1.2953086246823322,1.334249836013827,1.724245344783127,1.1511373194441217,1.406590398650452,1.3842671381080625,0.1583013057920461,-0.2835021658012606,-0.17687822272545536,-0.6143209188520901,-0.06496525017255063,2
0.9357746758455682,1.8079067069616004,1.1515687741908651,1.3759992168767166,0.8365563060935437,0.285660064641387,1.1976903585400027,-1.1660759913679015,1.334249836013827,1.4481962132291781,1.2141867618404714,1.2084192646954723,1.4763902017763606,0.1583013057920461,-0.08100061880036022,-0.8417698551392151,-0.452493726449311,-0.332016080921377,1
-1.1379902112125484,0.3473502787585472,-0.4386579163212711,-0.4543516826614005,0.2528079443535509,-0.5260515944488928,-0.433780742061689,0.25548297509083634,-0.5994455784989662,-0.2080985760945156,-0.42509874046461865,-0.47320435772249775,0.27879037408848417,0.2837840481881799,-1.2960099008057626,-1.063400399277135,-0.6143209188520901,-0.4655414962957902,0
-1.1379902112125484,-1.275490197022623,-1.838057403971951,-1.3990489211326866,-0.3309404173864418,-0.7289795092214628,-1.3703660035182157,1.8062745748640048,-1.3729237443040836,-1.5883442338642604,-1.496939261202562,-1.2262546667514205,-1.2873017082725853,1.1621632449611168,0.12150092820054016,-1.2850309434150549,-1.5852840732687647,-1.667270234665509,3
0.08187148705693198,-0.30178591155392087,-1.138357660146611,0.13608409138315333,0.8365563060935437,-0.3231236796763229,-0.5546304532173698,0.25548297509083634,-0.5994455784989662,-0.4151354247599773,-0.6142470676536675,-0.5298246817096348,0.06383655886245503,-0.5945951485847569,0.5265040222023409,-1.2850309434150549,1.6512597747868174,1.4038143189459946,0
-0.7720317017317042,-0.9509221018663889,-0.7567032544236983,-0.601960626172539,-0.09744107269044469,-0.3231236796763229,-0.7661174477398114,0.6431808750341285,-0.9861846614015248,-0.8292091220909007,-0.7718706736445415,-0.7393198804620419,-1.0416402051571234,-0.4691124061886231,-1.0935083538048622,-1.174215671346095,0.5184694279673637,0.4691364113251022,0
0.6918023361916721,1.3210545642272493,1.4696141122932924,1.4940863716856272,0.486307289049548,0.488587979413957,1.0768406473843217,-1.1660759913679015,0.9475107531112684,1.172147081675229,1.0250384346514225,1.0498823575314886,1.5070978896657934,-0.5945951485847569,-1.2960099008057626,-0.7309545830702552,0.3566422355645846,0.7361872420739286,2
-1.0160040413856002,0.022782183602313148,-0.12061257821884387,-0.42482989395917287,0.2528079443535509,0.08273214986881705,-0.6452677365841305,0.5139482417196978,-0.5994455784989662,-0.001061727429053891,-0.6142470676536675,-0.6430653296839088,-0.028286504805843167,-0.21814692139635544,-1.0935083538048622,-0.9525851272081751,-0.12883934164375277,0.4691364113251022,3
-1.2599763810394964,-1.43777424460074,-1.7744483363514656,-1.4580924985371422,-0.5644397620824388,-0.5260515944488928,-1.2193038645736145,1.5478093082351434,-0.9861846614015248,-1.5883442338642604,-1.4338898188062126,-1.1300001159732873,-1.1030555809359888,1.1621632449611168,-0.08100061880036022,-1.063400399277135,-1.5852840732687647,-1.667270234665509,2
1.6676916948072564,1.4833386118053662,1.0243506389498942,1.0217377524499842,0.36955761670154946,0.488587979413957,1.4998146364292049,-1.2953086246823322,1.7209889189163858,1.3101716474522036,1.277236204236821,1.463210722637589,1.2614363865503315,-0.09266417900022159,-1.0935083538048622,1.706981402446864,-0.29066653404653187,0.4691364113251022,2
1.0577608456725163,0.022782183602313148,0.1974327598835834,0.7265198654277072,0.2528079443535509,-0.5260515944488928,0.7142915139172792,-1.0368433580534706,0.5607716702087098,-0.13908629320602836,0.8989395498587233,0.7497946403996624,-0.3660710715896032,0.4092667905843138,-0.08100061880036022,-0.6201393110012952,1.003951005175701,-0.332016080921377,0
-1.6259348905203403,-1.113206149444506,-1.2019667277670965,-1.1628746115148652,-0.7979391067784359,-0.3231236796763229,-0.6754801643730507,0.6431808750341285,-0.5994455784989662,-1.2432828194218242,-0.6457717888518423,-0.699685653671046,-0.5196095110367669,1.2876459873572508,0.5265040222023409,0.8204592258951843,-1.4234568808659858,-1.4002194039166826,2
-0.5280593620778081,-0.30178591155392087,0.1974327598835834,-0.2476991617458067,0.2528079443535509,0.488587979413957,-0.40356831427276874,0.25548297509083634,-0.5994455784989662,0.20597512123640782,-0.4881481828609683,-0.4618802929250703,-0.028286504805843167,-0.09266417900022159,-0.2835021658012606,-0.3985087668633753,-0.6143209188520901,0.06856016520186257,3
-0.6500455319047562,-0.4640699591320379,-0.31143978108030024,-0.5133952600658559,-0.44769008973444036,-0.1201957649037529,-0.856754731106572,0.7724135083485592,-0.9861846614015248,-0.4151354247599773,-0.7403459524463667,-0.8185883340440336,-0.5196095110367669,-1.0965261181692925,0.7290055692032413,-0.17687822272545536,1.4894325823840384,1.2702889035715814,2
-0.04011468277001606,-1.600058292178857,-1.01113952490564,-0.42482989395917287,-0.3309404173864418,-0.5260515944488928,-0.7963298755287316,0.6431808750341285,-0.9861846614015248,-1.3813073851987985,-0.8349201160408911,-0.756305977658183,-1.6865016508352106,-1.0965261181692925,-0.2835021658012606,0.04475232141246454,1.3276053899812592,0.8697126574483418,1
0.9357746758455682,0.5096343263366642,1.5968322475342633,1.5826517377923104,0.7198066337455451,0.285660064641387,1.1976903585400027,-1.1660759913679015,1.334249836013827,0.4130119699018695,1.3718103678313454,1.1517989407083353,0.8929441318771388,-0.34362966379248927,-0.2835021658012606,2.8151341231364633,0.19481504316180548,0.8697126574483418,1
-0.7720317017317042,-1.113206149444506,0.1974327598835834,0.2541712461920641,-0.09744107269044469,-0.1201957649037529,-0.13165646417248683,-0.13221492485245578,-0.21270649559640753,-1.3122951023103113,-0.07832680728469577,-0.20142680258423995,-1.3794247719408834,-1.2220088605654262,-1.0935083538048622,1.374535586239984,1.4894325823840384,1.2702889035715814,1
0.8137885060186202,0.18506623118043017,0.5154780979860106,0.10656230268092563,0.6030569613975466,0.08273214986881705,-0.34314345869492835,0.25548297509083634,-0.21270649559640753,0.13696283834792058,-0.5827223464554927,-0.4222460661340744,0.27879037408848417,-0.7200778909808908,2.146516398209544,-0.6201393110012952,0.5184694279673637,0.6026618266995154,3
-1.3819625508664444,-0.13950186397580386,-0.6294851191827274,-1.4876142872393698,-1.1481881238224316,-0.3231236796763229,-0.49420559763952937,0.38471560840526703,-0.5994455784989662,-0.07007401031754112,-0.45662346166279344,-0.5524728113044896,0.06383655886245503,1.1621632449611168,-0.8910068068039617,-1.174215671346095,-1.4234568808659858,-1.4002194039166826,0
-0.40607319225086014,0.5096343263366642,0.26104182750406885,4.062481988779436,7.491287629929461,8.199848740771616,-0.4639931698506092,0.38471560840526703,-0.5994455784989662,0.551036535678844,2.6327992157583378,-0.5185006169122074,0.7701133803194079,5.679541971221935,-1.2960099008057626,0.26638286555038443,-0.6143209188520901,-0.19849066554696385,3
1.5457055249803082,1.3210545642272493,1.0243506389498942,0.2246494574898364,-0.9146887791264345,0.285660064641387,1.4393897808513643,-1.2953086246823322,1.334249836013827,1.5862207790061524,1.4663845314258699,1.4349005606440206,1.322851762329197,0.1583013057920461,-1.0935083538048622,-0.3985087668633753,-0.29066653404653187,0.20208558057627576,2
-1.5039487206933924,0.022782183602313148,-0.8839213896646693,0.017996936574242547,1.3035549954855379,-0.5260515944488928,-0.5244180254284496,0.38471560840526703,-0.5994455784989662,-0.13908629320602836,-0.4881481828609683,-0.5751209408993444,0.34020574986734964,0.2837840481881799,0.12150092820054016,-1.395846215484015,-0.9379753036576484,-0.8661177424190298,0
0.20385765688388,0.5096343263366642,1.406005044672807,1.3464774281744887,0.6030569613975466,0.08273214986881705,1.107053075173242,-1.1660759913679015,0.9475107531112684,0.20597512123640782,1.2141867618404714,1.0781925195250572,0.8315287560982734,0.1583013057920461,-0.2835021658012606,-0.3985087668633753,-0.452493726449311,-0.332016080921377,1
-0.6500455319047562,-1.275490197022623,-1.965275539212922,-1.8713975403683298,-1.1481881238224316,-0.7289795092214628,-1.4912157146738965,2.0647398414928664,-1.3729237443040836,-1.3813073851987985,-1.6860875883916109,-1.3055231203334123,-1.5329632113880471,1.6640942145456523,0.32400247520144054,0.3771981376193444,-1.5852840732687647,-1.667270234665509,3
0.08187148705693198,0.6719183739147813,0.3246508951245543,-0.9267003018970437,-0.9146887791264345,0.488587979413957,-0.3129310309060081,0.25548297509083634,-0.21270649559640753,0.9651102330097674,-0.33052457687009423,-0.4052599689379333,0.34020574986734964,0.2837840481881799,-0.2835021658012606,-0.8417698551392151,-0.9379753036576484,-0.19849066554696385,3
-0.04011468277001606,-1.275490197022623,-0.3750488487007857,0.4313019784054303,0.1360582720055524,-0.1201957649037529,-0.13165646417248683,-0.13221492485245578,-0.21270649559640753,-0.9672336878678752,0.07929679870617828,-0.18444070538809884,-1.1030555809359888,-0.7200778909808908,-0.486003712802161,-0.6201393110012952,0.5184694279673637,0.20208558057627576,2
3.1315257327306325,1.4833386118053662,1.5332231799137779,1.5236081603878548,0.36955761670154946,0.6915158941865269,1.3487524974846037,-1.2953086246823322,1.334249836013827,1.3101716474522036,1.0880878770477722,1.3443080422646012,1.7527593927812553,-0.8455606333770247,2.7540210392122453,-1.2850309434150549,0.5184694279673637,0.8697126574483418,2
-0.04011468277001606,0.18506623118043017,0.006605557022127029,-0.6905259922792221,-0.44769008973444036,0.488587979413957,-0.2827186031170879,0.25548297509083634,-0.21270649559640753,0.8270856672327929,-0.2674751344737446,-0.37694980694436475,0.43232881353564784,0.5347495329804477,-0.8910068068039617,-0.9525851272081751,-0.9379753036576484,-0.19849066554696385,3
-0.2840870224239121,-0.30178591155392087,-0.7567032544236983,-1.0447874567059545,-0.7979391067784359,-0.1201957649037529,-1.1588790089957741,1.289344041606282,-0.9861846614015248,-0.13908629320602836,-0.9294942796354155,-1.045069629992582,-0.5810248868156324,-0.34362966379248927,-1.0935083538048622,-0.5093240389323352,0.19481504316180548,-0.19849066554696385,3
-1.0160040413856002,-0.4640699591320379,-1.01113952490564,-1.369527132430459,-0.9146887791264345,-0.5260515944488928,-0.6150553087952103,0.6431808750341285,-0.5994455784989662,-0.48414770764846454,-0.519672904059143,-0.6826995564749048,-0.028286504805843167,1.9150596993379199,-0.08100061880036022,0.1555675934814245,-1.4234568808659858,-1.8007956500399223,0
-0.5280593620778081,0.3473502787585472,-0.05700351059835842,-0.6314824148747668,0.2528079443535509,0.488587979413957,-0.37335588648384854,0.38471560840526703,-0.21270649559640753,1.0341225158982545,-0.5827223464554927,-0.4845284225199252,0.4016211256462151,0.4092667905843138,-0.08100061880036022,0.04475232141246454,-0.7761481112548693,-0.332016080921377,3
-0.2840870224239121,0.022782183602313148,-0.18422164583932932,0.2246494574898364,-0.3309404173864418,0.08273214986881705,-0.16186889196140702,-0.13221492485245578,-0.21270649559640753,-0.001061727429053891,-0.14137624968104537,-0.19010273778681255,0.1252519346413205,-1.34749160296156,-1.2960099008057626,-0.2876934947944153,1.6512597747868174,1.670865149694821,2
-1.8699072301742365,-1.113206149444506,-1.2019667277670965,-1.5761796533460528,-1.2649377961704302,-0.5260515944488928,-0.7963298755287316,0.7724135083485592,-0.5994455784989662,-1.2432828194218242,-0.8349201160408911,-0.7846161396517515,-0.8881017657099597,0.5347495329804477,-0.8910068068039617,-0.9525851272081751,-1.2616296884632066,-1.4002194039166826,2
-0.16210085259696408,-1.113206149444506,-0.6930941868032129,0.16560588008538102,0.486307289049548,-0.3231236796763229,-0.433780742061689,0.25548297509083634,-0.5994455784989662,-1.0362459707563625,-0.2359504132755698,-0.46754232532378404,-1.3794247719408834,-0.34362966379248927,-0.486003712802161,1.263720314171024,0.032987850759026355,-0.06496525017255063,2
0.5698161663647241,1.6456226593834833,1.2151778418113506,1.7597824700056766,0.9533059784415422,0.08273214986881705,1.258115214117843,-1.2953086246823322,1.334249836013827,1.3791839303406908,1.4979092526240447,1.2650395886826094,2.151959335343881,-0.09266417900022159,-1.0935083538048622,-0.7309545830702552,-0.12883934164375277,0.20208558057627576,1
0.9357746758455682,-0.4640699591320379,-1.265575795387582,0.1951276687876087,0.6030569613975466,-0.5260515944488928,-0.58484288100629,0.25548297509083634,-0.5994455784989662,-0.622172273425439,-0.6142470676536675,-0.5468107789057759,-0.30465569581073776,-0.9710433757731585,0.12150092820054016,-0.17687822272545536,2.136741351995155,1.8043905650692342,0
0.9357746758455682,1.8079067069616004,1.406005044672807,0.49034555580988565,-1.031438451474433,-0.5260515944488928,2.6780993201970933,-1.9414717912544857,2.881206167624062,1.3791839303406908,2.727373379352862,2.9353391463031517,1.69134401700239,1.2876459873572508,-0.2835021658012606,1.4853508583089439,-1.4234568808659858,-1.5337448192910959,0
0.08187148705693198,-1.43777424460074,-1.01113952490564,-0.5133952600658559,-0.09744107269044469,-0.1201957649037529,-1.0682417256290135,1.1601114082918513,-0.9861846614015248,-0.898221404979388,-1.0871178856262895,-0.9771252412080174,-1.7172093387246434,-1.34749160296156,0.5265040222023409,-1.063400399277135,1.9749141595923758,1.670865149694821,3
0.44782999653777605,-0.13950186397580386,0.8971325037089233,0.7855634428321626,0.1360582720055524,0.08273214986881705,0.5028045193948377,-0.6491454581101787,0.5607716702087098,-0.2771108589830028,0.42606873188610117,0.4213967612742675,-0.30465569581073776,-0.8455606333770247,-0.486003712802161,-0.5093240389323352,0.3566422355645846,0.4691364113251022,2
-0.5280593620778081,0.3473502787585472,0.13382369226309793,-1.0447874567059545,-0.7979391067784359,0.488587979413957,-0.34314345869492835,0.38471560840526703,-0.21270649559640753,0.8270856672327929,-0.6142470676536675,-0.47320435772249775,0.0331288709730223,0.1583013057920461,-0.2835021658012606,-0.3985087668633753,-1.0998024960604276,-0.4655414962957902,3
1.6676916948072564,1.3210545642272493,1.3423959770523215,1.5531299490900825,0.486307289049548,0.488587979413957,1.227902786328923,-1.1660759913679015,1.334249836013827,1.0341225158982545,1.0565631558495974,1.2197433294928997,1.1386056349926006,-0.8455606333770247,-1.2960099008057626,-1.2850309434150549,0.3566422355645846,0.7361872420739286,1
-1.0160040413856002,-0.9509221018663889,-0.8839213896646693,-1.4580924985371422,-1.1481881238224316,-0.7289795092214628,-1.2193038645736145,1.5478093082351434,-0.9861846614015248,-0.898221404979388,-1.2762662128153384,-1.1130140187771462,-1.0109325172676906,0.2837840481881799,0.32400247520144054,-0.5093240389323352,-1.0998024960604276,-1.1331685731678562,3
1.1797470154994643,0.8342024214928982,1.0243506389498942,1.2874338507700334,0.1360582720055524,0.08273214986881705,0.7445039417061994,-0.90761072473904,0.5607716702087098,0.8960979501212801,0.8043653862641988,0.7328085432035212,0.3094980619779169,-1.0965261181692925,-0.2835021658012606,-0.8417698551392151,1.4894325823840384,1.1367634881971682,1
-1.9918934000011845,-1.113206149444506,-1.2019667277670965,-0.985743879301499,-0.3309404173864418,-0.7289795092214628,-1.1588790089957741,1.4185766749207127,-0.9861846614015248,-1.2432828194218242,-1.370840376409863,-1.079041824384864,-1.1030555809359888,0.7857150177727154,1.3365102102059425,0.9312744979641442,-0.9379753036576484,-1.1331685731678562,1
0.325843826710828,-0.7886380542882719,-0.7567032544236983,-1.4285707098349145,-1.3816874685184286,-0.1201957649037529,-0.9473920144733327,1.1601114082918513,-0.9861846614015248,-0.48414770764846454,-0.8349201160408911,-0.9544771116131626,-1.1030555809359888,0.9111977601688491,0.7290055692032413,0.04475232141246454,-0.9379753036576484,-1.667270234665509,3
-1.2599763810394964,-0.4640699591320379,-1.01113952490564,-0.3657863165547175,0.6030569613975466,-0.3231236796763229,-0.5546304532173698,0.5139482417196978,-0.5994455784989662,-0.2771108589830028,-0.45662346166279344,-0.5921070380954855,-0.48890182314733416,0.6602322753765815,-0.486003712802161,-1.174215671346095,-1.0998024960604276,-0.999643157793443,0
-0.04011468277001606,0.022782183602313148,0.26104182750406885,0.9626941750455288,0.8365563060935437,-0.3231236796763229,0.4725920916059175,-0.7783780914246093,0.5607716702087098,-0.2080985760945156,0.45759345308427596,0.48367911766011823,0.2480826861990514,-0.09266417900022159,-1.2960099008057626,-0.9525851272081751,0.8421238127729219,0.20208558057627576,0
-0.5280593620778081,-0.626354006710155,-0.4386579163212711,-0.7495695696836775,-0.6811894344304374,-0.3231236796763229,-0.6754801643730507,0.6431808750341285,-0.5994455784989662,-0.7601968392024134,-0.5827223464554927,-0.6826995564749048,-0.5810248868156324,0.4092667905843138,2.3490179452104445,-0.8417698551392151,-0.7761481112548693,-0.999643157793443,1
-1.5039487206933924,-0.30178591155392087,-0.8839213896646693,-1.280961766323776,-0.5644397620824388,-0.1201957649037529,-0.58484288100629,0.6431808750341285,-0.5994455784989662,-0.13908629320602836,-0.6142470676536675,-0.6487273620826226,-0.08970188058470863,1.2876459873572508,-0.08100061880036022,0.5988286817572643,-1.5852840732687647,-1.5337448192910959,0
0.5698161663647241,1.6456226593834833,1.2151778418113506,1.4940863716856272,0.8365563060935437,0.488587979413957,1.7113016309516462,-1.424541257996763,1.7209889189163858,2.069306759225563,1.3402856466331705,1.7576364073707016,1.2614363865503315,0.1583013057920461,-0.08100061880036022,0.1555675934814245,-0.29066653404653187,-0.06496525017255063,1
-0.8940178715586523,-0.13950186397580386,-0.24783071345981478,-0.12961200693689592,0.7198066337455451,0.08273214986881705,-0.7963298755287316,0.6431808750341285,-0.9861846614015248,-0.07007401031754112,-0.6457717888518423,-0.7506439452594692,-0.12040956847414136,-0.34362966379248927,-1.0935083538048622,-0.17687822272545536,0.19481504316180548,0.7361872420739286,3
0.5698161663647241,0.6719183739147813,0.13382369226309793,1.4940863716856272,1.4203046678335365,-0.3231236796763229,0.6538666583394388,-0.90761072473904,0.5607716702087098,0.4130119699018695,0.61521705907515,0.6818502516150978,1.0464825713243024,0.1583013057920461,-0.486003712802161,-0.6201393110012952,1.003951005175701,-0.06496525017255063,0
0.325843826710828,1.6456226593834833,1.0243506389498942,-0.218177373043579,-0.9146887791264345,0.285660064641387,1.409177353062444,-1.2953086246823322,1.334249836013827,1.8622699105601015,1.1826620406422965,1.389604301454311,1.4149748259974952,0.4092667905843138,-0.6885052598030614,-0.7309545830702552,-0.6143209188520901,-0.332016080921377,1
0.44782999653777605,2.2947588496959512,1.6604413151547488,1.7302606813034487,0.9533059784415422,0.488587979413957,1.681089203162726,-1.424541257996763,1.7209889189163858,2.621405022333461,1.1511373194441217,1.6670438889912824,1.322851762329197,-0.34362966379248927,0.7290055692032413,1.374535586239984,-0.452493726449311,0.335610995950689,1
-0.16210085259696408,-0.9509221018663889,0.5790871656064961,0.6674762880232518,0.019308599657553847,-0.1201957649037529,0.23089266929455576,-0.5199128247957479,0.17403258730615112,-0.7601968392024134,0.23692040469705233,0.1609432709334371,-0.734563326262796,-0.7200778909808908,-0.6885052598030614,1.1529050421020641,0.5184694279673637,0.6026618266995154,1
-2.4798380793089767,-1.275490197022623,-1.838057403971951,-1.6942668081549637,-0.9146887791264345,-0.5260515944488928,-1.279728720151455,1.8062745748640048,-0.9861846614015248,-1.3813073851987985,-1.6860875883916109,-1.192282472359138,-0.8573940778205269,1.1621632449611168,-1.0935083538048622,0.26638286555038443,-2.070765650477102,-1.5337448192910959,1
-0.5280593620778081,-0.4640699591320379,0.45186903036552517,-0.6314824148747668,-0.09744107269044469,0.488587979413957,-0.5244180254284496,0.38471560840526703,-0.5994455784989662,-0.2080985760945156,-0.5827223464554927,-0.563796876101917,-0.3660710715896032,-0.09266417900022159,0.9315071162041417,1.1529050421020641,-0.29066653404653187,0.4691364113251022,3
0.9357746758455682,1.3210545642272493,1.3423959770523215,1.0217377524499842,0.1360582720055524,0.08273214986881705,0.8049287972840399,-0.90761072473904,0.5607716702087098,0.9651102330097674,0.6782665014714996,0.755456672798376,1.0771902592137352,-0.5945951485847569,-0.2835021658012606,-0.8417698551392151,0.3566422355645846,0.335610995950689,1
-0.2840870224239121,-0.9509221018663889,0.07021462464261248,0.04751872527647024,-0.21419074503844324,-0.1201957649037529,0.11004295813887491,-0.3906801914813172,0.17403258730615112,-0.9672336878678752,0.2684451258952271,0.042040590560449315,-0.7038556383733633,-0.09266417900022159,-1.2960099008057626,-0.2876934947944153,-0.12883934164375277,-0.19849066554696385,2
-0.8940178715586523,-0.7886380542882719,-1.265575795387582,-0.8381349357903606,0.019308599657553847,-0.3231236796763229,-0.5546304532173698,0.5139482417196978,-0.5994455784989662,-1.0362459707563625,-0.7403459524463667,-0.6090931352916267,-0.0589941926952759,1.1621632449611168,-0.8910068068039617,-1.063400399277135,-1.4234568808659858,-1.4002194039166826,2
1.3017331853264122,1.1587705166491322,0.7699143684679525,1.1693466959611225,0.486307289049548,-0.7289795092214628,1.1976903585400027,-1.2953086246823322,1.334249836013827,0.8960979501212801,1.2141867618404714,1.293349750676178,1.322851762329197,0.4092667905843138,0.9315071162041417,-0.9525851272081751,0.6802966203701428,-0.5990669116702034,0
-0.5280593620778081,-0.13950186397580386,-0.8839213896646693,-1.6352232307505083,-1.3816874685184286,-0.3231236796763229,-0.5546304532173698,0.5139482417196978,-0.5994455784989662,-0.07007401031754112,-0.5511976252573179,-0.6204172000890541,0.43232881353564784,1.9150596993379199,-0.08100061880036022,-0.8417698551392151,-1.5852840732687647,-1.8007956500399223,0
-0.7720317017317042,0.18506623118043017,-0.6930941868032129,-0.2772209504480344,0.486307289049548,-0.5260515944488928,-0.5244180254284496,0.38471560840526703,-0.5994455784989662,-0.13908629320602836,-0.42509874046461865,-0.5354867141083485,0.43232881353564784,0.032818563395912256,-0.8910068068039617,-1.395846215484015,-0.452493726449311,-0.7325923270446166,0
0.6918023361916721,0.9964864690710152,0.6426962332269816,1.0217377524499842,0.36955761670154946,-0.7289795092214628,1.227902786328923,-1.2953086246823322,1.334249836013827,0.7580733843443057,1.3718103678313454,1.3216599126697464,1.2000210107714662,0.6602322753765815,-0.2835021658012606,-0.17687822272545536,0.3566422355645846,-0.8661177424190298,0
0.08187148705693198,-1.43777424460074,-0.8839213896646693,-1.2219181889193205,-0.9146887791264345,-0.3231236796763229,-1.2495162923625347,1.4185766749207127,-0.9861846614015248,-1.1052582536448496,-1.055593164428115,-1.1073519863784327,-1.8093324023929416,-0.8455606333770247,-1.0935083538048622,-1.174215671346095,1.003951005175701,0.06856016520186257,3
-1.7479210603472886,-0.7886380542882719,-0.12061257821884387,-1.0447874567059545,-0.7979391067784359,-0.3231236796763229,-0.6452677365841305,0.7724135083485592,-0.5994455784989662,-0.898221404979388,-0.519672904059143,-0.716671750867187,-0.9495171414888252,0.4092667905843138,0.32400247520144054,1.9286119465847837,-1.2616296884632066,-0.332016080921377,1
-0.5280593620778081,-0.7886380542882719,-0.3750488487007857,0.5789109219165687,1.6538040125295335,-0.3231236796763229,-0.5546304532173698,0.38471560840526703,-0.5994455784989662,-0.8292091220909007,-0.45662346166279344,-0.5411487465070622,-0.8266863899310942,-0.09266417900022159,-0.6885052598030614,-0.5093240389323352,0.6802966203701428,0.20208558057627576,0
2.0336502042881004,2.132474802117834,1.5332231799137779,0.3427366122987472,-1.2649377961704302,-0.5260515944488928,2.798949031352774,-1.9414717912544857,2.881206167624062,1.5862207790061524,2.8219475429473864,3.1731445070491273,2.5204515900170734,1.2876459873572508,0.5265040222023409,0.04475232141246454,-1.2616296884632066,-1.8007956500399223,0
-0.5280593620778081,-0.626354006710155,0.13382369226309793,-0.8086131470881329,-0.44769008973444036,0.08273214986881705,-0.58484288100629,0.5139482417196978,-0.5994455784989662,-0.2080985760945156,-0.519672904059143,-0.6090931352916267,-0.39677875947903596,-0.09266417900022159,-0.486003712802161,0.5988286817572643,-0.12883934164375277,0.6026618266995154,3
-0.8940178715586523,-1.275490197022623,-1.3927939306285528,-1.5761796533460528,-0.9146887791264345,-0.7289795092214628,-1.4912157146738965,1.9355072081784355,-1.3729237443040836,-1.1052582536448496,-1.496939261202562,-1.2941990555359848,-1.4101324598303162,-0.09266417900022159,-0.8910068068039617,-0.5093240389323352,-0.452493726449311,-0.7325923270446166,3
-0.2840870224239121,-0.4640699591320379,0.13382369226309793,1.1988684846633504,1.5370543401815349,-0.5260515944488928,0.07983053034995469,-0.3906801914813172,-0.21270649559640753,-0.6911845563139263,0.016247356309828664,0.04770262295916302,-0.4274864473684687,-0.4691124061886231,-0.6885052598030614,-0.06606295065649542,1.1657781975784802,0.7361872420739286,0
-1.6259348905203403,-1.275490197022623,-1.5836211334900092,-1.5466578646438252,-0.7979391067784359,-0.5260515944488928,-1.3099411479403753,1.677041941549574,-0.9861846614015248,-1.5883442338642604,-1.4654145400043872,-1.1809584075617108,-1.3180093961620178,1.036680502564983,0.32400247520144054,-0.8417698551392151,-1.747111265671544,-1.5337448192910959,1
1.3017331853264122,1.6456226593834833,1.5968322475342633,1.5826517377923104,0.7198066337455451,0.488587979413957,1.4998146364292049,-1.2953086246823322,1.334249836013827,1.724245344783127,1.3718103678313454,1.502844949428585,1.660636329112957,-0.21814692139635544,-0.6885052598030614,-0.2876934947944153,-0.12883934164375277,0.4691364113251022,2
0.08187148705693198,-1.113206149444506,0.13382369226309793,-0.30674273915026207,-0.7979391067784359,0.08273214986881705,0.019405674772114256,-0.2614475581668865,-0.21270649559640753,-1.2432828194218242,0.23692040469705233,-0.042889895420256244,-0.611732574705065,-0.4691124061886231,0.5265040222023409,0.26638286555038443,0.19481504316180548,-0.06496525017255063,1
1.3017331853264122,1.1587705166491322,1.1515687741908651,0.6674762880232518,-0.3309404173864418,0.08273214986881705,0.8653536528618803,-1.0368433580534706,0.9475107531112684,0.6890611014558184,0.9304642710568981,0.8234010615829405,1.8141747685601208,-0.34362966379248927,0.7290055692032413,-0.2876934947944153,0.3566422355645846,0.335610995950689,2
0.08187148705693198,0.5096343263366642,0.3246508951245543,-0.1886555843413513,0.2528079443535509,0.285660064641387,-0.34314345869492835,0.25548297509083634,-0.21270649559640753,0.8960979501212801,-0.2989998556719194,-0.4222460661340744,0.34020574986734964,0.2837840481881799,-0.486003712802161,0.26638286555038443,-0.7761481112548693,-0.06496525017255063,3
-1.1379902112125484,0.022782183602313148,-1.01113952490564,-0.42482989395917287,0.36955761670154946,-0.5260515944488928,-0.7056925921619709,0.6431808750341285,-0.5994455784989662,-0.2771108589830028,-0.6457717888518423,-0.7110097184684733,0.06383655886245503,0.032818563395912256,-0.8910068068039617,-1.063400399277135,-0.7761481112548693,-0.999643157793443,0
0.44782999653777605,0.8342024214928982,1.6604413151547488,1.2579120620678057,0.36955761670154946,0.285660064641387,1.3789649252735239,-1.2953086246823322,1.334249836013827,0.551036535678844,1.3718103678313454,1.389604301454311,1.322851762329197,-0.09266417900022159,0.12150092820054016,1.8177966745158238,-0.12883934164375277,0.20208558057627576,1
-0.5280593620778081,-0.4640699591320379,-0.12061257821884387,-0.5133952600658559,0.019308599657553847,-0.5260515944488928,-0.7359050199508911,0.6431808750341285,-0.5994455784989662,-0.622172273425439,-0.708821231248192,-0.7336578480633281,-0.1511172563635741,0.1583013057920461,2.146516398209544,0.04475232141246454,-0.6143209188520901,-0.8661177424190298,2
-0.8940178715586523,-0.30178591155392087,-0.8839213896646693,-0.48387347136362824,0.019308599657553847,-0.3231236796763229,-0.5546304532173698,0.38471560840526703,-0.5994455784989662,-0.4151354247599773,-0.2989998556719194,-0.5694589085006307,-0.3353633837001705,0.2837840481881799,-0.486003712802161,-0.3985087668633753,-0.12883934164375277,-0.4655414962957902,0
0.20385765688388,0.18506623118043017,1.4696141122932924,1.4940863716856272,0.7198066337455451,0.08273214986881705,0.9862033640175611,-1.0368433580534706,0.9475107531112684,-0.001061727429053891,1.0880878770477722,0.9309796771585008,0.8008210682088406,-0.4691124061886231,-0.2835021658012606,2.8151341231364633,0.3566422355645846,0.8697126574483418,1
-0.7720317017317042,-0.13950186397580386,-1.0747485925261255,-1.3104835550260037,-0.6811894344304374,-0.5260515944488928,-0.58484288100629,0.6431808750341285,-0.5994455784989662,-0.2771108589830028,-0.5827223464554927,-0.66005142688005,-0.12040956847414136,1.789576956941786,-0.486003712802161,-0.06606295065649542,-1.5852840732687647,-1.8007956500399223,0
-1.3819625508664444,0.022782183602313148,-1.01113952490564,2.4683053988591412,7.491287629929461,8.808632485089325,-0.6150553087952103,0.5139482417196978,-0.5994455784989662,-0.2771108589830028,1.5294339738222194,-0.6317412648864814,0.3094980619779169,5.805024713618069,-1.0935083538048622,-1.2850309434150549,-1.2616296884632066,-1.4002194039166826,0
0.20385765688388,-0.4640699591320379,0.1974327598835834,0.16560588008538102,0.486307289049548,0.08273214986881705,-0.4639931698506092,0.38471560840526703,-0.5994455784989662,-0.2771108589830028,-0.6457717888518423,-0.5128385845134936,-0.7652710141522288,-0.9710433757731585,0.9315071162041417,-0.8417698551392151,1.1657781975784802,1.1367634881971682,3
0.08187148705693198,-0.4640699591320379,-0.8839213896646693,-0.5429170487680837,0.2528079443535509,-0.3231236796763229,-1.2193038645736145,1.4185766749207127,-0.9861846614015248,-0.34612314187149007,-1.0871178856262895,-1.0847038567835778,-0.48890182314733416,-0.4691124061886231,1.539011757206843,-0.8417698551392151,0.5184694279673637,0.06856016520186257,3
-0.16210085259696408,-1.113206149444506,-1.3927939306285528,-1.1333528228126375,0.019308599657553847,-0.7289795092214628,-1.6422778536184977,2.193972474807297,-1.3729237443040836,-1.1052582536448496,-1.6860875883916109,-1.3791295415166904,-1.1644709567148543,-0.09266417900022159,1.539011757206843,-0.8417698551392151,0.19481504316180548,-0.19849066554696385,3
1.0577608456725163,0.022782183602313148,0.07021462464261248,0.8741288089388457,0.36955761670154946,-0.7289795092214628,0.7747163694951197,-1.0368433580534706,0.5607716702087098,-0.13908629320602836,1.1511373194441217,0.7837668347919445,-0.2432403200318723,0.7857150177727154,-1.2960099008057626,1.596166130377904,0.6802966203701428,-0.5990669116702034,0
1.7896778646342044,1.3210545642272493,1.3423959770523215,0.9922159637477564,0.2528079443535509,0.285660064641387,1.5602394920070453,-1.424541257996763,1.7209889189163858,1.3791839303406908,1.1196125982459468,1.5481412086182946,1.2000210107714662,0.032818563395912256,0.9315071162041417,-0.2876934947944153,-0.12883934164375277,0.4691364113251022,2
0.6918023361916721,0.18506623118043017,1.4696141122932924,1.1988684846633504,0.2528079443535509,0.488587979413957,0.8653536528618803,-0.90761072473904,0.9475107531112684,0.27498740412489503,0.7413159438678493,0.7781048023932309,-0.48890182314733416,-0.9710433757731585,-1.2960099008057626,2.2610577627916637,0.8421238127729219,1.2702889035715814,1
-1.0160040413856002,-0.9509221018663889,-0.31143978108030024,-0.5133952600658559,-0.3309404173864418,-0.1201957649037529,-0.5546304532173698,0.5139482417196978,-0.5994455784989662,-0.9672336878678752,-0.39357401926644386,-0.6034311028929129,-1.2873017082725853,0.032818563395912256,-1.2960099008057626,0.3771981376193444,-0.7761481112548693,-0.332016080921377,1
-1.6259348905203403,-0.13950186397580386,-0.8839213896646693,-0.985743879301499,-0.3309404173864418,-0.1201957649037529,-0.5546304532173698,0.5139482417196978,-0.5994455784989662,-0.2080985760945156,-0.5827223464554927,-0.6147551676903403,-0.0589941926952759,0.9111977601688491,0.12150092820054016,-0.06606295065649542,-1.4234568808659858,-1.4002194039166826,0
0.6918023361916721,0.5096343263366642,-0.18422164583932932,0.9036505976410734,0.7198066337455451,-0.5260515944488928,0.5028045193948377,-0.7783780914246093,0.5607716702087098,0.3439996870133823,0.42606873188610117,0.48934115005883194,-0.12040956847414136,0.1583013057920461,-0.2835021658012606,-0.5093240389323352,1.003951005175701,-0.06496525017255063,0
-0.5280593620778081,-0.7886380542882719,-0.31143978108030024,-0.2772209504480344,0.36955761670154946,0.08273214986881705,-0.7359050199508911,0.6431808750341285,-0.5994455784989662,-0.48414770764846454,-0.6457717888518423,-0.699685653671046,-0.9802248293782578,-0.34362966379248927,-1.2960099008057626,-0.8417698551392151,0.19481504316180548,0.6026618266995154,3
0.08187148705693198,0.5096343263366642,0.07021462464261248,-0.1886555843413513,0.2528079443535509,0.285660064641387,-0.37335588648384854,0.25548297509083634,-0.5994455784989662,0.3439996870133823,-0.362049298068269,-0.4562182605263566,0.37091343775678237,0.1583013057920461,-0.486003712802161,0.1555675934814245,-0.6143209188520901,0.06856016520186257,3
-1.9918934000011845,-1.113206149444506,-0.4386579163212711,-0.7200477809814498,-0.3309404173864418,-0.5260515944488928,-0.6452677365841305,0.6431808750341285,-0.5994455784989662,-1.1052582536448496,-0.6772965100500171,-0.6940236212723322,-1.195178644604287,0.9111977601688491,1.9440148512086437,0.8204592258951843,-1.2616296884632066,-1.1331685731678562,1
-0.6500455319047562,-1.600058292178857,-2.028884606833407,-1.3990489211326866,-0.44769008973444036,-0.7289795092214628,-1.6422778536184977,2.3232051081217278,-1.3729237443040836,-1.795381082529722,-1.7806617519861354,-1.3904536063141177,-1.1337632688254216,0.1583013057920461,2.9565225862131457,-0.9525851272081751,-1.0998024960604276,-1.1331685731678562,1
-0.04011468277001606,-0.30178591155392087,0.1974327598835834,-1.0447874567059545,-0.9146887791264345,0.285660064641387,-0.40356831427276874,0.38471560840526703,-0.5994455784989662,0.3439996870133823,-0.45662346166279344,-0.4901904549186389,-0.30465569581073776,0.2837840481881799,1.1340086632050421,0.04475232141246454,-0.7761481112548693,0.06856016520186257,3
0.20385765688388,0.3473502787585472,0.3882599627450397,-0.1886555843413513,0.2528079443535509,0.488587979413957,-0.2827186031170879,0.25548297509083634,-0.21270649559640753,0.6200488185673312,-0.39357401926644386,-0.37694980694436475,0.3094980619779169,-0.21814692139635544,1.1340086632050421,0.04475232141246454,0.032987850759026355,0.335610995950689,3
0.8137885060186202,0.022782183602313148,1.1515687741908651,1.1988684846633504,0.36955761670154946,-0.1201957649037529,0.9862033640175611,-1.1660759913679015,0.9475107531112684,-0.07007401031754112,1.3402856466331705,0.9819379687469242,0.43232881353564784,-0.09266417900022159,-0.2835021658012606,-0.8417698551392151,0.032987850759026355,-0.06496525017255063,1
1.9116640344611524,1.3210545642272493,1.7240503827752343,1.5531299490900825,0.8365563060935437,0.6915158941865269,1.5904519197959655,-1.2953086246823322,1.7209889189163858,1.4481962132291781,1.1826620406422965,1.5538032410170082,1.1386056349926006,-0.09266417900022159,1.3365102102059425,1.706981402446864,-0.12883934164375277,0.7361872420739286,2
-1.0160040413856002,-0.30178591155392087,-1.138357660146611,-1.1923964002170928,-0.6811894344304374,-0.1201957649037529,-0.5546304532173698,0.6431808750341285,-0.5994455784989662,-0.2771108589830028,-0.6457717888518423,-0.6430653296839088,-0.0589941926952759,1.1621632449611168,0.5265040222023409,0.1555675934814245,-1.4234568808659858,-1.5337448192910959,0
-0.04011468277001606,0.6719183739147813,-0.18422164583932932,0.3427366122987472,0.36955761670154946,-0.3231236796763229,0.14025538592779513,-0.5199128247957479,0.17403258730615112,0.6890611014558184,0.016247356309828664,0.143957173737296,0.5858672529828115,-0.34362966379248927,-0.2835021658012606,-0.2876934947944153,1.3276053899812592,0.8697126574483418,0
-0.5280593620778081,-1.275490197022623,-1.7744483363514656,-1.4580924985371422,-1.031438451474433,-0.7289795092214628,-1.0380292978400933,1.1601114082918513,-0.9861846614015248,-1.4503196680872859,-1.181692049220814,-0.9714632088093037,-0.8881017657099597,0.7857150177727154,1.9440148512086437,0.1555675934814245,-0.7761481112548693,-1.4002194039166826,2
-0.40607319225086014,0.5096343263366642,-0.24783071345981478,-0.7790913583859052,-0.3309404173864418,0.488587979413957,-0.25250617532816766,0.25548297509083634,-0.21270649559640753,0.8270856672327929,-0.4881481828609683,-0.38261183934307846,0.3094980619779169,0.4092667905843138,0.7290055692032413,-0.17687822272545536,-0.9379753036576484,-0.4655414962957902,3
-0.16210085259696408,-0.7886380542882719,0.006605557022127029,-0.1591337956391236,0.1360582720055524,0.08273214986881705,-0.6754801643730507,0.5139482417196978,-0.5994455784989662,-0.5531599905369518,-0.7403459524463667,-0.6713754916774773,-1.1644709567148543,-1.0965261181692925,0.5265040222023409,-1.395846215484015,1.6512597747868174,1.4038143189459946,3
-0.40607319225086014,-1.43777424460074,-1.5836211334900092,-1.1333528228126375,-0.5644397620824388,-0.5260515944488928,-1.430790859096056,1.9355072081784355,-1.3729237443040836,-1.4503196680872859,-1.6230381459952614,-1.2545648287449889,-1.3180093961620178,-0.5945951485847569,3.159024133214046,1.1529050421020641,0.19481504316180548,-0.06496525017255063,2
-1.0160040413856002,0.022782183602313148,-0.6930941868032129,-0.5429170487680837,0.1360582720055524,-0.1201957649037529,-0.7661174477398114,0.6431808750341285,-0.5994455784989662,-0.07007401031754112,-0.5511976252573179,-0.7393198804620419,0.1252519346413205,-0.09266417900022159,-0.8910068068039617,-1.063400399277135,-0.29066653404653187,0.06856016520186257,3
-0.40607319225086014,0.18506623118043017,-0.12061257821884387,-0.7495695696836775,0.019308599657553847,0.488587979413957,-0.2827186031170879,0.25548297509083634,-0.21270649559640753,0.551036535678844,-0.6142470676536675,-0.4052599689379333,0.34020574986734964,0.1583013057920461,2.146516398209544,-0.6201393110012952,-0.6143209188520901,-0.332016080921377,3
-0.5280593620778081,-0.4640699591320379,-0.7567032544236983,-0.601960626172539,0.019308599657553847,-0.3231236796763229,-0.6452677365841305,0.5139482417196978,-0.5994455784989662,-0.34612314187149007,-0.39357401926644386,-0.6487273620826226,-0.6731479504839305,0.4092667905843138,-0.8910068068039617,-0.7309545830702552,-0.452493726449311,-0.8661177424190298,0
-1.0160040413856002,-0.626354006710155,-1.01113952490564,-0.39530810525694515,0.36955761670154946,2.7207950419122264,-0.58484288100629,0.5139482417196978,-0.5994455784989662,-0.622172273425439,-0.4881481828609683,-0.6090931352916267,-0.611732574705065,0.2837840481881799,-0.08100061880036022,0.3771981376193444,-0.7761481112548693,-0.5990669116702034,0
0.44782999653777605,0.022782183602313148,0.3882599627450397,0.13608409138315333,0.6030569613975466,0.285660064641387,-0.34314345869492835,0.25548297509083634,-0.21270649559640753,0.6200488185673312,-0.4881481828609683,-0.410922001336647,-0.5503171989261996,-0.7200778909808908,0.32400247520144054,-0.06606295065649542,0.5184694279673637,0.6026618266995154,3
0.8137885060186202,0.5096343263366642,0.8335234360884379,1.1988684846633504,0.7198066337455451,-0.3231236796763229,0.9257785084397208,-1.1660759913679015,0.9475107531112684,0.13696283834792058,0.8674148286605485,0.9479657743546419,0.7701133803194079,0.032818563395912256,0.12150092820054016,-0.17687822272545536,0.5184694279673637,-0.19849066554696385,0
0.8137885060186202,0.18506623118043017,1.406005044672807,0.46082376710765793,-0.21419074503844324,0.08273214986881705,0.8653536528618803,-0.90761072473904,0.9475107531112684,-0.07007401031754112,1.0565631558495974,0.795090899589372,0.7086980045405424,0.032818563395912256,1.3365102102059425,0.04475232141246454,0.032987850759026355,0.20208558057627576,2
-0.8940178715586523,-1.43777424460074,-0.31143978108030024,-0.10009021823466822,-0.21419074503844324,-0.3231236796763229,-0.5546304532173698,0.5139482417196978,-0.5994455784989662,-1.3813073851987985,-0.45662346166279344,-0.6034311028929129,-1.3487170840514506,-0.8455606333770247,-1.2960099008057626,2.150242490722704,1.1657781975784802,1.003238072822755,2
0.44782999653777605,-0.4640699591320379,1.2151778418113506,0.5198673445121134,-0.3309404173864418,0.08273214986881705,0.5330169471837579,-0.6491454581101787,0.5607716702087098,-0.6911845563139263,0.61521705907515,0.4157347288755538,-0.21253263214243956,-0.7200778909808908,0.12150092820054016,3.1475799393433435,0.8421238127729219,1.4038143189459946,2
0.5698161663647241,-0.9509221018663889,-0.8839213896646693,-1.3990489211326866,-1.4984371408664272,-0.3231236796763229,-1.0380292978400933,1.289344041606282,-0.9861846614015248,-0.4151354247599773,-0.7718706736445415,-0.9997733708028722,-1.2565940203831525,0.2837840481881799,-0.486003712802161,-1.2850309434150549,-0.452493726449311,-1.2666939885422694,3
1.0577608456725163,1.4833386118053662,1.1515687741908651,-0.1591337956391236,-1.031438451474433,0.285660064641387,1.3487524974846037,-1.2953086246823322,1.334249836013827,1.724245344783127,0.961988992255073,1.310335847872319,0.8008210682088406,0.4092667905843138,1.1340086632050421,1.596166130377904,-0.29066653404653187,-0.06496525017255063,1
-0.5280593620778081,0.3473502787585472,0.07021462464261248,4.5348306080150795,8.308535336365452,7.996920825999045,-0.3129310309060081,0.25548297509083634,-0.21270649559640753,1.0341225158982545,1.277236204236821,-0.4165840337353607,0.0331288709730223,3.0444043809031247,-1.2960099008057626,0.1555675934814245,-0.7761481112548693,-0.19849066554696385,3
-0.8940178715586523,0.5096343263366642,-0.4386579163212711,-0.9562220905992713,-0.44769008973444036,0.285660064641387,-0.22229374753924747,0.25548297509083634,-0.21270649559640753,1.0341225158982545,-0.5827223464554927,-0.37694980694436475,0.3094980619779169,0.2837840481881799,-0.6885052598030614,-1.2850309434150549,-0.9379753036576484,-0.4655414962957902,3
-0.7720317017317042,-0.4640699591320379,-1.138357660146611,-0.5429170487680837,0.2528079443535509,0.285660064641387,-1.0682417256290135,1.1601114082918513,-0.9861846614015248,-0.4151354247599773,-0.9925437220317652,-0.9827872736067311,-0.48890182314733416,-0.7200778909808908,0.12150092820054016,-1.2850309434150549,0.6802966203701428,0.7361872420739286,3
-0.6500455319047562,-1.275490197022623,-1.2019667277670965,-1.1333528228126375,-0.44769008973444036,-0.7289795092214628,-1.3099411479403753,1.677041941549574,-0.9861846614015248,-1.2432828194218242,-1.496939261202562,-1.175296375162997,-0.9188094535993924,0.1583013057920461,1.539011757206843,0.8204592258951843,-0.7761481112548693,-0.999643157793443,2
-0.2840870224239121,-0.4640699591320379,-0.12061257821884387,-0.1886555843413513,0.486307289049548,-0.1201957649037529,-0.6150553087952103,0.38471560840526703,-0.5994455784989662,-0.2080985760945156,-0.5511976252573179,-0.6034311028929129,-0.8573940778205269,-0.34362966379248927,-0.6885052598030614,-0.8417698551392151,0.032987850759026355,0.4691364113251022,3
-0.40607319225086014,-1.275490197022623,-0.12061257821884387,0.07704051397869793,-0.44769008973444036,0.08273214986881705,-0.34314345869492835,0.12625034177640562,-0.21270649559640753,-1.1052582536448496,-0.519672904059143,-0.3656257421469374,-1.8400400902823744,-1.5984570877538278,-0.6885052598030614,0.5988286817572643,1.9749141595923758,1.8043905650692342,2
-1.5039487206933924,-0.4640699591320379,-1.2019667277670965,-1.280961766323776,-0.7979391067784359,-0.1201957649037529,-0.58484288100629,0.6431808750341285,-0.5994455784989662,-0.2080985760945156,-0.708821231248192,-0.6657134592787637,-0.08970188058470863,1.6640942145456523,0.12150092820054016,-0.6201393110012952,-1.5852840732687647,-1.8007956500399223,0
1.5457055249803082,0.6719183739147813,1.5968322475342633,0.7560416541299348,-0.5644397620824388,0.488587979413957,1.3789649252735239,-1.2953086246823322,1.334249836013827,0.8960979501212801,1.1196125982459468,1.3159978802710328,-0.08970188058470863,-0.7200778909808908,-1.2960099008057626,2.925949395205423,0.5184694279673637,1.4038143189459946,1
-1.6259348905203403,-0.30178591155392087,-0.8839213896646693,-1.4285707098349145,-0.9146887791264345,-0.1201957649037529,-0.5546304532173698,0.5139482417196978,-0.5994455784989662,-0.2080985760945156,-0.5511976252573179,-0.6147551676903403,0.0331288709730223,1.5386114721495183,-0.486003712802161,-0.5093240389323352,-1.5852840732687647,-1.667270234665509,0
0.20385765688388,0.022782183602313148,-0.12061257821884387,0.5198673445121134,0.019308599657553847,-0.3231236796763229,-0.13165646417248683,-0.13221492485245578,-0.21270649559640753,-0.2080985760945156,-0.015277364888346143,-0.17877867298938513,0.09454424675188776,-0.9710433757731585,0.9315071162041417,0.5988286817572643,1.6512597747868174,1.1367634881971682,1
1.1797470154994643,1.4833386118053662,1.5968322475342633,1.4645645829833995,0.2528079443535509,0.6915158941865269,1.6206643475848856,-1.424541257996763,1.7209889189163858,1.7932576276716141,1.0250384346514225,1.6443957593964276,0.7394056924299751,-0.7200778909808908,-1.2960099008057626,0.5988286817572643,0.032987850759026355,0.6026618266995154,1
0.8137885060186202,0.18506623118043017,0.1974327598835834,-0.12961200693689592,0.2528079443535509,0.488587979413957,-0.16186889196140702,0.12625034177640562,-0.21270649559640753,1.0341225158982545,-0.39357401926644386,-0.2863572885649455,-0.1511172563635741,-0.21814692139635544,2.3490179452104445,-1.395846215484015,0.032987850759026355,0.06856016520186257,3
-0.2840870224239121,-0.7886380542882719,-0.3750488487007857,0.07704051397869793,0.6030569613975466,-0.3231236796763229,-0.58484288100629,0.38471560840526703,-0.5994455784989662,-0.898221404979388,-0.6142470676536675,-0.5977690704941993,-0.9495171414888252,-0.5945951485847569,-0.486003712802161,0.48801340968830437,0.5184694279673637,0.6026618266995154,0
-0.40607319225086014,-0.30178591155392087,-0.6294851191827274,0.10656230268092563,-0.3309404173864418,-0.1201957649037529,-0.433780742061689,0.12625034177640562,-0.5994455784989662,-0.2771108589830028,-0.45662346166279344,-0.43923216333021553,-0.5196095110367669,-1.472974345357694,1.7415133042077433,-0.3985087668633753,2.298568544397934,1.8043905650692342,2
-0.04011468277001606,-1.43777424460074,-1.138357660146611,-0.10009021823466822,0.8365563060935437,-0.1201957649037529,-0.9776044422622528,1.0308787749774206,-0.9861846614015248,-0.8292091220909007,-0.866444837239066,-0.8978567876260255,-1.4715478356091816,-0.7200778909808908,-0.8910068068039617,1.8177966745158238,0.6802966203701428,1.1367634881971682,3
1.3017331853264122,0.8342024214928982,0.8971325037089233,1.2579120620678057,0.36955761670154946,0.285660064641387,0.5632293749726781,-0.7783780914246093,0.5607716702087098,0.551036535678844,0.5836923378769752,0.506327247254973,0.6165749408722442,-0.9710433757731585,-0.6885052598030614,-0.6201393110012952,1.003951005175701,1.4038143189459946,2
0.08187148705693198,-0.13950186397580386,0.13382369226309793,1.4055210055789442,1.4203046678335365,-0.5260515944488928,0.4725920916059175,-0.7783780914246093,0.5607716702087098,-0.2080985760945156,0.61521705907515,0.49500318245754565,-0.6424402625944978,0.032818563395912256,-0.486003712802161,1.0420897700331042,1.1657781975784802,0.20208558057627576,0
-0.04011468277001606,-1.600058292178857,-0.6294851191827274,0.10656230268092563,0.019308599657553847,-0.3231236796763229,-0.58484288100629,0.38471560840526703,-0.5994455784989662,-1.6573565167527475,-0.6142470676536675,-0.5864450056967718,-1.5329632113880471,-1.34749160296156,-0.2835021658012606,1.9286119465847837,2.298568544397934,1.9379159804436474,1
1.5457055249803082,0.6719183739147813,1.5332231799137779,1.2579120620678057,0.2528079443535509,0.08273214986881705,1.1976903585400027,-1.1660759913679015,1.334249836013827,0.6890611014558184,1.1196125982459468,1.1744470703031902,0.27879037408848417,-0.5945951485847569,-1.0935083538048622,1.263720314171024,0.19481504316180548,0.8697126574483418,2
-0.5280593620778081,-0.7886380542882719,-0.18422164583932932,-0.42482989395917287,0.2528079443535509,0.08273214986881705,-0.7359050199508911,0.6431808750341285,-0.5994455784989662,-0.622172273425439,-0.6457717888518423,-0.716671750867187,-0.7959787020416614,-0.21814692139635544,0.32400247520144054,-0.6201393110012952,-0.12883934164375277,0.20208558057627576,3
2.0336502042881004,1.8079067069616004,1.3423959770523215,1.612173526494538,0.2528079443535509,-0.7289795092214628,2.4666123256746517,-1.9414717912544857,2.494467084721503,1.4481962132291781,2.884996985343736,2.7768022391391685,1.9677132080072843,1.5386114721495183,-0.486003712802161,-0.7309545830702552,-0.7761481112548693,-1.667270234665509,0
-1.0160040413856002,-1.43777424460074,-0.24783071345981478,-0.5724388374703113,-0.7979391067784359,-0.3231236796763229,-0.6452677365841305,0.5139482417196978,-0.5994455784989662,-1.3813073851987985,-0.6457717888518423,-0.66005142688005,-1.2565940203831525,-1.0965261181692925,0.7290055692032413,1.263720314171024,1.3276053899812592,1.003238072822755,1
-0.04011468277001606,-0.4640699591320379,-0.7567032544236983,-1.1038310341104098,-0.6811894344304374,-0.3231236796763229,-1.2495162923625347,1.5478093082351434,-0.9861846614015248,-0.2080985760945156,-1.02406844322994,-1.11867605117586,-0.7038556383733633,0.1583013057920461,-0.2835021658012606,-0.9525851272081751,0.032987850759026355,-0.7325923270446166,3
-0.7720317017317042,-0.9509221018663889,-0.5022669839417566,-0.48387347136362824,-0.44769008973444036,-0.5260515944488928,-0.5244180254284496,0.38471560840526703,-0.5994455784989662,-0.8292091220909007,-0.45662346166279344,-0.5694589085006307,-1.072347893046556,-0.34362966379248927,-1.0935083538048622,2.2610577627916637,-0.29066653404653187,0.06856016520186257,2
-0.2840870224239121,0.022782183602313148,-0.4386579163212711,-0.42482989395917287,-0.5644397620824388,-0.5260515944488928,-0.5546304532173698,0.38471560840526703,-0.5994455784989662,-0.13908629320602836,-0.5827223464554927,-0.5807829732980582,0.15595962253075324,-0.8455606333770247,1.9440148512086437,-1.174215671346095,0.6802966203701428,0.335610995950689,1
-1.3819625508664444,-1.113206149444506,-1.838057403971951,-1.280961766323776,-0.3309404173864418,-0.7289795092214628,-1.0682417256290135,1.289344041606282,-0.9861846614015248,-1.3813073851987985,-1.1501673280226392,-1.0110974356002995,-0.8881017657099597,1.789576956941786,-1.2960099008057626,-1.395846215484015,-1.908938458074323,-1.667270234665509,1
1.6676916948072564,1.1587705166491322,1.2151778418113506,1.4645645829833995,0.2528079443535509,0.488587979413957,1.0164157918064813,-1.0368433580534706,0.9475107531112684,1.103134798786742,0.961988992255073,0.9762759363482105,0.524451877203946,-0.9710433757731585,2.146516398209544,-1.174215671346095,1.3276053899812592,1.4038143189459946,1
0.5698161663647241,-0.9509221018663889,-0.05700351059835842,0.6674762880232518,0.2528079443535509,0.08273214986881705,-0.07123160859464639,-0.13221492485245578,-0.21270649559640753,-0.6911845563139263,-0.14137624968104537,-0.1278203814009618,-1.3487170840514506,-1.34749160296156,0.32400247520144054,0.7096439538262242,1.3276053899812592,1.2702889035715814,2
-1.0160040413856002,-0.7886380542882719,-0.6294851191827274,-0.8676567244925882,-0.3309404173864418,-0.7289795092214628,-1.0984541534179337,1.1601114082918513,-0.9861846614015248,-0.898221404979388,-0.9294942796354155,-1.005435403201586,-0.7652710141522288,-0.5945951485847569,-0.6885052598030614,-0.3985087668633753,0.3566422355645846,-0.06496525017255063,2
0.5698161663647241,1.4833386118053662,1.406005044672807,0.5198673445121134,-0.3309404173864418,0.285660064641387,1.3487524974846037,-1.1660759913679015,1.334249836013827,1.6552330618946398,1.0880878770477722,1.2876877182774642,1.2921440744397643,0.032818563395912256,-1.0935083538048622,1.4853508583089439,-0.452493726449311,-0.06496525017255063,1
1.1797470154994643,1.4833386118053662,0.5790871656064961,0.3132148235965195,-0.5644397620824388,0.488587979413957,1.5602394920070453,-1.2953086246823322,1.7209889189163858,1.5172084961176653,0.9935137134532477,1.5254930790234398,0.7086980045405424,-0.09266417900022159,-1.0935083538048622,2.150242490722704,-0.452493726449311,0.335610995950689,1
-0.16210085259696408,-1.43777424460074,-0.24783071345981478,-0.10009021823466822,-0.5644397620824388,-0.1201957649037529,-0.4639931698506092,0.25548297509083634,-0.5994455784989662,-1.3813073851987985,-0.6142470676536675,-0.5015145197160663,-1.5636708992774797,-1.5984570877538278,-0.486003712802161,0.7096439538262242,2.298568544397934,2.0714413958180606,2
2.0336502042881004,0.9964864690710152,1.406005044672807,0.6674762880232518,-0.5644397620824388,0.6915158941865269,1.3487524974846037,-1.2953086246823322,1.334249836013827,0.9651102330097674,1.1826620406422965,1.3386460098658874,0.46303650142508057,-0.5945951485847569,2.3490179452104445,-1.174215671346095,0.3566422355645846,0.4691364113251022,2
-1.3819625508664444,0.022782183602313148,-0.8839213896646693,-0.8676567244925882,0.2528079443535509,-0.5260515944488928,-0.6452677365841305,0.6431808750341285,-0.5994455784989662,-0.34612314187149007,-0.6142470676536675,-0.6657134592787637,0.27879037408848417,0.9111977601688491,-1.2960099008057626,-1.2850309434150549,-1.2616296884632066,-1.5337448192910959,0
0.5698161663647241,-1.113206149444506,-0.7567032544236983,-1.280961766323776,-1.1481881238224316,-0.1201957649037529,-1.1588790089957741,1.5478093082351434,-0.9861846614015248,-0.622172273425439,-0.9925437220317652,-1.101689953979719,-1.3180093961620178,0.1583013057920461,-1.2960099008057626,0.04475232141246454,-0.452493726449311,-1.4002194039166826,3
1.7896778646342044,0.9964864690710152,1.3423959770523215,0.8446070202366179,-0.21419074503844324,0.488587979413957,1.2883276419067633,-1.2953086246823322,1.334249836013827,0.8270856672327929,1.0565631558495974,1.2650395886826094,0.37091343775678237,-0.7200778909808908,0.12150092820054016,-1.063400399277135,0.19481504316180548,0.6026618266995154,1
1.5457055249803082,1.4833386118053662,1.3423959770523215,-0.218177373043579,-1.7319364855624244,-0.9319074239940327,2.375975042307891,-1.812239157940055,2.494467084721503,1.2411593645637162,2.4436508885692887,2.572969072785475,2.0598362716755827,1.5386114721495183,-0.486003712802161,-0.17687822272545536,-1.2616296884632066,-1.667270234665509,0
0.08187148705693198,0.022782183602313148,-0.05700351059835842,-0.07056842953244054,0.6030569613975466,0.08273214986881705,-0.7056925921619709,0.6431808750341285,-0.5994455784989662,-0.07007401031754112,-0.7718706736445415,-0.7053476860697596,0.1252519346413205,-0.8455606333770247,0.9315071162041417,0.1555675934814245,0.8421238127729219,0.8697126574483418,3
0.325843826710828,0.6719183739147813,1.0243506389498942,0.549389133214341,-0.3309404173864418,-0.5260515944488928,1.3487524974846037,-1.2953086246823322,1.334249836013827,0.27498740412489503,1.2457114830386462,1.3726182042581698,1.0771902592137352,0.5347495329804477,0.32400247520144054,1.706981402446864,-0.12883934164375277,-0.8661177424190298,0
-0.04011468277001606,0.5096343263366642,0.13382369226309793,-0.5429170487680837,0.1360582720055524,0.488587979413957,-0.37335588648384854,0.38471560840526703,-0.21270649559640753,1.172147081675229,-0.5511976252573179,-0.47320435772249775,0.4016211256462151,0.032818563395912256,0.32400247520144054,0.26638286555038443,-0.6143209188520901,-0.06496525017255063,3
-0.6500455319047562,-0.7886380542882719,-0.24783071345981478,0.5198673445121134,1.3035549954855379,-0.5260515944488928,-0.3129310309060081,-0.002982291538025084,-0.21270649559640753,-0.9672336878678752,-0.10985152848287057,-0.33165354775465516,-0.8266863899310942,0.032818563395912256,-1.0935083538048622,-0.17687822272545536,0.6802966203701428,0.20208558057627576,0
-1.1379902112125484,-0.9509221018663889,0.5154780979860106,0.3427366122987472,-0.21419074503844324,-0.3231236796763229,0.26110509708347596,-0.5199128247957479,0.17403258730615112,-1.1742705365333368,0.6467417802733249,0.1779293681295782,-0.9188094535993924,-0.21814692139635544,-0.486003712802161,2.8151341231364633,0.19481504316180548,0.335610995950689,1
-0.5280593620778081,-0.13950186397580386,-0.6294851191827274,-0.2476991617458067,0.486307289049548,-0.3231236796763229,-0.7359050199508911,0.6431808750341285,-0.5994455784989662,-0.07007401031754112,-0.708821231248192,-0.7110097184684733,-0.18182494425300683,-0.4691124061886231,0.9315071162041417,-1.2850309434150549,0.3566422355645846,0.335610995950689,0
-0.04011468277001606,-1.275490197022623,-0.5658760515622421,0.16560588008538102,0.7198066337455451,-0.3231236796763229,-0.5244180254284496,0.25548297509083634,-0.5994455784989662,-1.1742705365333368,-0.42509874046461865,-0.5128385845134936,-1.2258863324937197,-0.5945951485847569,-1.0935083538048622,1.0420897700331042,1.1657781975784802,1.2702889035715814,0
-0.5280593620778081,-0.13950186397580386,-0.7567032544236983,-0.9267003018970437,-0.44769008973444036,-0.5260515944488928,-0.9776044422622528,1.0308787749774206,-0.9861846614015248,-0.13908629320602836,-0.6457717888518423,-0.9318289820183078,-0.273948007921305,0.6602322753765815,0.7290055692032413,-1.063400399277135,-0.452493726449311,-1.1331685731678562,3
1.0577608456725163,1.4833386118053662,1.5332231799137779,1.5531299490900825,0.7198066337455451,0.488587979413957,1.1674779307510825,-1.1660759913679015,1.334249836013827,1.103134798786742,1.2457114830386462,1.1348128435121942,1.9370055201178518,-0.21814692139635544,-1.2960099008057626,1.4853508583089439,0.032987850759026355,0.6026618266995154,2
-1.8699072301742365,-1.43777424460074,-1.3927939306285528,-1.5466578646438252,-0.6811894344304374,-0.5260515944488928,-1.3703660035182157,1.8062745748640048,-1.3729237443040836,-1.6573565167527475,-1.496939261202562,-1.2262546667514205,-1.655793962945778,0.6602322753765815,-0.6885052598030614,0.3771981376193444,-1.747111265671544,-1.4002194039166826,1
-0.2840870224239121,-0.4640699591320379,-1.01113952490564,0.017996936574242547,0.486307289049548,-0.3231236796763229,-0.7056925921619709,0.38471560840526703,-0.5994455784989662,-0.5531599905369518,-0.6142470676536675,-0.6374032972851952,-0.48890182314733416,-0.7200778909808908,-0.486003712802161,-1.395846215484015,1.9749141595923758,1.5373397343204078,0
-1.1379902112125484,-1.600058292178857,-1.838057403971951,-1.369527132430459,-0.5644397620824388,-0.9319074239940327,-1.581852998040657,2.3232051081217278,-1.3729237443040836,-1.7263687996412347,-1.6860875883916109,-1.367805476719263,-1.4408401477197488,0.4092667905843138,0.7290055692032413,1.596166130377904,-0.9379753036576484,-0.7325923270446166,2
1.1797470154994643,0.18506623118043017,1.5332231799137779,1.1988684846633504,0.486307289049548,0.285660064641387,1.0466282195954015,-1.0368433580534706,0.9475107531112684,0.06795055545943335,0.8989395498587233,0.9876000011456378,1.0771902592137352,-0.34362966379248927,0.5265040222023409,-0.2876934947944153,0.3566422355645846,0.4691364113251022,2
0.8137885060186202,-0.626354006710155,-0.4386579163212711,1.0807813298544395,1.0700556507895407,-0.7289795092214628,0.23089266929455576,-0.6491454581101787,0.17403258730615112,-0.6911845563139263,0.4891181742824508,0.23454969211671525,-0.734563326262796,-0.09266417900022159,0.12150092820054016,0.7096439538262242,1.3276053899812592,0.20208558057627576,0
-0.2840870224239121,-0.4640699591320379,-0.05700351059835842,0.7265198654277072,0.8365563060935437,-0.7289795092214628,0.019405674772114256,-0.3906801914813172,-0.21270649559640753,-0.7601968392024134,-0.14137624968104537,-0.020241765825401426,-0.5810248868156324,-0.5945951485847569,-0.6885052598030614,1.1529050421020641,1.4894325823840384,1.1367634881971682,0
0.5698161663647241,0.022782183602313148,-0.3750488487007857,-0.07056842953244054,-0.21419074503844324,-0.3231236796763229,-0.34314345869492835,0.12625034177640562,-0.21270649559640753,-0.001061727429053891,-0.14137624968104537,-0.37694980694436475,0.34020574986734964,-0.4691124061886231,1.3365102102059425,-0.2876934947944153,0.19481504316180548,0.06856016520186257,1
0.9357746758455682,0.9964864690710152,1.4696141122932924,1.2874338507700334,0.7198066337455451,0.285660064641387,1.227902786328923,-1.1660759913679015,1.334249836013827,0.9651102330097674,1.0565631558495974,1.2197433294928997,1.5070978896657934,0.032818563395912256,-0.2835021658012606,1.1529050421020641,-0.452493726449311,-0.06496525017255063,1
-0.40607319225086014,-1.43777424460074,-0.24783071345981478,0.3132148235965195,0.2528079443535509,-0.1201957649037529,-0.34314345869492835,0.12625034177640562,-0.5994455784989662,-1.519331950975773,-0.204425692077395,-0.3995979365392196,-1.0109325172676906,-0.8455606333770247,-1.0935083538048622,0.8204592258951843,0.5184694279673637,0.335610995950689,1
0.44782999653777605,0.5096343263366642,0.7699143684679525,0.8741288089388457,0.1360582720055524,0.08273214986881705,0.38195480823915684,-0.6491454581101787,0.17403258730615112,0.48202425279035677,0.36301928948975154,0.3194801780974208,0.43232881353564784,-1.0965261181692925,2.7540210392122453,-0.17687822272545536,1.6512597747868174,1.003238072822755,1
-0.7720317017317042,-0.7886380542882719,-0.05700351059835842,-0.1886555843413513,0.7198066337455451,0.285660064641387,-0.6754801643730507,0.6431808750341285,-0.5994455784989662,-0.622172273425439,-0.6772965100500171,-0.6826995564749048,-0.5503171989261996,-0.34362966379248927,-1.2960099008057626,0.04475232141246454,0.032987850759026355,0.4691364113251022,3
-0.04011468277001606,-0.30178591155392087,-0.3750488487007857,-0.5724388374703113,-0.5644397620824388,-0.3231236796763229,-0.58484288100629,0.38471560840526703,-0.5994455784989662,-0.34612314187149007,-0.519672904059143,-0.5807829732980582,0.0331288709730223,-0.4691124061886231,1.539011757206843,-1.395846215484015,0.032987850759026355,-0.19849066554696385,2
1.6676916948072564,1.6456226593834833,1.0243506389498942,0.9036505976410734,-0.3309404173864418,-0.3231236796763229,2.1644880477854493,-1.812239157940055,2.1077280018189444,1.3791839303406908,2.1914531189838904,2.425756230418919,2.151959335343881,0.9111977601688491,-0.6885052598030614,-1.2850309434150549,-0.452493726449311,-1.5337448192910959,0
-0.16210085259696408,-1.275490197022623,0.26104182750406885,-0.04104664083021284,-0.21419074503844324,-0.3231236796763229,-0.3129310309060081,0.12625034177640562,-0.21270649559640753,-1.1742705365333368,-0.2359504132755698,-0.3656257421469374,-0.9495171414888252,-0.5945951485847569,0.5265040222023409,0.9312744979641442,0.19481504316180548,0.06856016520186257,2
-0.8940178715586523,-0.30178591155392087,-1.01113952490564,-1.1333528228126375,-0.6811894344304374,-0.3231236796763229,-0.49420559763952937,0.38471560840526703,-0.5994455784989662,-0.4151354247599773,-0.362049298068269,-0.5524728113044896,-0.0589941926952759,1.036680502564983,-0.08100061880036022,0.1555675934814245,-1.2616296884632066,-1.4002194039166826,0
1.6676916948072564,1.8079067069616004,1.406005044672807,1.8483478361123595,1.0700556507895407,0.488587979413957,1.530027064218125,-1.2953086246823322,1.7209889189163858,1.6552330618946398,1.1826620406422965,1.5141690142260125,1.2921440744397643,-0.21814692139635544,2.551519492211345,-0.17687822272545536,0.032987850759026355,0.06856016520186257,2
-1.3819625508664444,-0.13950186397580386,-0.6294851191827274,-0.5429170487680837,0.2528079443535509,-0.3231236796763229,-0.433780742061689,0.38471560840526703,-0.5994455784989662,-0.2771108589830028,-0.2359504132755698,-0.49585248731735254,0.06383655886245503,0.9111977601688491,-1.2960099008057626,0.3771981376193444,-0.9379753036576484,-1.1331685731678562,0
-1.5039487206933924,0.18506623118043017,-0.6930941868032129,-1.1333528228126375,-0.6811894344304374,-0.3231236796763229,-0.4639931698506092,0.38471560840526703,-0.5994455784989662,0.06795055545943335,-0.519672904059143,-0.5411487465070622,0.4937441893145133,1.036680502564983,-0.6885052598030614,0.1555675934814245,-1.4234568808659858,-1.2666939885422694,0
-1.3819625508664444,-0.13950186397580386,-0.6294851191827274,-0.9562220905992713,-0.09744107269044469,-0.3231236796763229,-0.6452677365841305,0.6431808750341285,-0.5994455784989662,-0.34612314187149007,-0.4881481828609683,-0.6826995564749048,0.2480826861990514,1.036680502564983,-0.08100061880036022,0.48801340968830437,-1.2616296884632066,-1.4002194039166826,0
-0.04011468277001606,0.3473502787585472,0.1974327598835834,-0.1591337956391236,0.486307289049548,0.488587979413957,-0.37335588648384854,0.38471560840526703,-0.21270649559640753,0.6890611014558184,-0.519672904059143,-0.46754232532378404,0.09454424675188776,0.1583013057920461,0.12150092820054016,0.26638286555038443,-0.9379753036576484,-0.06496525017255063,3
-0.40607319225086014,-1.43777424460074,-0.5022669839417566,0.07704051397869793,-0.21419074503844324,-0.1201957649037529,-0.34314345869492835,0.12625034177640562,-0.5994455784989662,-1.3813073851987985,-0.362049298068269,-0.3995979365392196,-1.5943785871669125,-1.472974345357694,-0.08100061880036022,0.9312744979641442,1.3276053899812592,1.1367634881971682,2
2.1556363741150486,1.4833386118053662,1.3423959770523215,0.07704051397869793,-1.3816874685184286,0.488587979413957,1.5904519197959655,-1.424541257996763,1.7209889189163858,1.6552330618946398,1.2141867618404714,1.6387337269977138,0.8008210682088406,-0.4691124061886231,1.7415133042077433,-0.7309545830702552,0.19481504316180548,0.335610995950689,1
1.1797470154994643,1.6456226593834833,1.1515687741908651,0.7560416541299348,0.019308599657553847,0.488587979413957,1.3185400696956835,-1.2953086246823322,1.334249836013827,1.8622699105601015,0.8989395498587233,1.293349750676178,1.35355945021863,0.032818563395912256,0.7290055692032413,0.1555675934814245,-0.29066653404653187,-0.19849066554696385,1
-0.5280593620778081,-0.7886380542882719,-1.5200120658695238,-0.9267003018970437,-0.44769008973444036,-0.3231236796763229,-1.4005784313071359,1.677041941549574,-1.3729237443040836,-0.5531599905369518,-1.339315655211688,-1.2036065371565656,-0.7652710141522288,-1.2220088605654262,0.12150092820054016,-0.9525851272081751,1.6512597747868174,1.4038143189459946,3
-0.7720317017317042,0.3473502787585472,-0.05700351059835842,-0.5724388374703113,0.019308599657553847,0.08273214986881705,-0.6452677365841305,0.5139482417196978,-0.5994455784989662,0.27498740412489503,-0.5511976252573179,-0.6374032972851952,0.18666731042018597,-0.09266417900022159,-1.2960099008057626,-0.7309545830702552,-0.12883934164375277,0.335610995950689,3
-0.16210085259696408,0.18506623118043017,-0.18422164583932932,0.2246494574898364,0.2528079443535509,-0.1201957649037529,-0.19208131975032725,-0.002982291538025084,-0.21270649559640753,0.06795055545943335,-0.17290097087922018,-0.23539899697652217,0.09454424675188776,-0.7200778909808908,-0.8910068068039617,-0.2876934947944153,0.3566422355645846,0.335610995950689,1
-1.0160040413856002,-0.4640699591320379,-1.138357660146611,-1.3990489211326866,-0.7979391067784359,-0.3231236796763229,-0.58484288100629,0.6431808750341285,-0.5994455784989662,-0.13908629320602836,-0.6772965100500171,-0.6487273620826226,-0.08970188058470863,1.5386114721495183,-1.0935083538048622,-0.7309545830702552,-1.5852840732687647,-1.8007956500399223,0
-0.8940178715586523,0.18506623118043017,-0.7567032544236983,-0.5724388374703113,0.36955761670154946,-0.1201957649037529,-0.58484288100629,0.5139482417196978,-0.5994455784989662,-0.13908629320602836,-0.5827223464554927,-0.6034311028929129,0.3094980619779169,0.5347495329804477,-0.08100061880036022,-0.7309545830702552,-0.9379753036576484,-0.999643157793443,0
0.9357746758455682,1.8079067069616004,1.1515687741908651,-0.011524852127985145,-0.7979391067784359,0.488587979413957,1.3789649252735239,-1.2953086246823322,1.334249836013827,1.8622699105601015,0.961988992255073,1.3782802366568834,1.5070978896657934,0.1583013057920461,-0.8910068068039617,-1.063400399277135,-0.6143209188520901,-0.4655414962957902,1
0.08187148705693198,-0.9509221018663889,0.45186903036552517,0.7560416541299348,0.019308599657553847,0.08273214986881705,0.11004295813887491,-0.3906801914813172,0.17403258730615112,-0.898221404979388,0.07929679870617828,0.03637855816173561,-1.655793962945778,-1.2220088605654262,-0.486003712802161,1.1529050421020641,1.9749141595923758,1.8043905650692342,1
-0.8940178715586523,-1.275490197022623,-0.8203123220441838,-0.5429170487680837,0.1360582720055524,-0.1201957649037529,-0.9171795866844125,0.9016461416629898,-0.9861846614015248,-0.9672336878678752,-0.8033953948427164,-0.869546625632457,-1.5636708992774797,-0.21814692139635544,-1.0935083538048622,-0.7309545830702552,0.032987850759026355,-0.06496525017255063,3
-0.40607319225086014,-0.626354006710155,-0.6930941868032129,0.017996936574242547,0.7198066337455451,-0.3231236796763229,-0.5546304532173698,0.38471560840526703,-0.5994455784989662,-0.6911845563139263,-0.42509874046461865,-0.5751209408993444,-0.5503171989261996,-0.21814692139635544,-0.6885052598030614,0.5988286817572643,0.5184694279673637,0.20208558057627576,0
1.3017331853264122,0.6719183739147813,0.45186903036552517,-0.011524852127985145,-0.9146887791264345,-0.9319074239940327,1.3185400696956835,-1.2953086246823322,1.334249836013827,0.3439996870133823,1.5609586950203942,1.3839422690555971,0.7086980045405424,0.6602322753765815,-1.0935083538048622,1.1529050421020641,0.19481504316180548,-0.8661177424190298,0
-0.5280593620778081,-1.43777424460074,-0.6294851191827274,-0.8086131470881329,-0.6811894344304374,-0.3231236796763229,-0.9171795866844125,0.9016461416629898,-0.9861846614015248,-1.519331950975773,-0.8033953948427164,-0.8582225608350296,-1.3794247719408834,-0.09266417900022159,-1.0935083538048622,-1.2850309434150549,-0.29066653404653187,-0.4655414962957902,1
-0.40607319225086014,-0.9509221018663889,0.26104182750406885,0.017996936574242547,0.019308599657553847,-0.3231236796763229,-0.19208131975032725,-0.002982291538025084,-0.21270649559640753,-1.1742705365333368,0.1738709623007027,-0.2806952561662318,-0.8573940778205269,0.1583013057920461,-1.0935083538048622,1.0420897700331042,-0.6143209188520901,-0.5990669116702034,1
-1.1379902112125484,-0.13950186397580386,-0.31143978108030024,-0.5429170487680837,-0.3309404173864418,-0.7289795092214628,-0.49420559763952937,0.38471560840526703,-0.5994455784989662,-0.34612314187149007,-0.42509874046461865,-0.5298246817096348,0.06383655886245503,0.5347495329804477,0.32400247520144054,-1.174215671346095,-0.9379753036576484,-1.1331685731678562,2
1.3017331853264122,1.9701907545397173,1.3423959770523215,1.4055210055789442,0.8365563060935437,0.488587979413957,1.530027064218125,-1.424541257996763,1.7209889189163858,1.9312821934485886,1.2457114830386462,1.5311551114221535,1.35355945021863,0.032818563395912256,-0.486003712802161,-1.063400399277135,-0.452493726449311,0.06856016520186257,1
-1.2599763810394964,-0.13950186397580386,-0.8839213896646693,-0.7200477809814498,-0.09744107269044469,-0.1201957649037529,-0.6452677365841305,0.5139482417196978,-0.5994455784989662,-0.34612314187149007,-0.5827223464554927,-0.6374032972851952,0.15595962253075324,0.1583013057920461,-1.0935083538048622,-1.2850309434150549,-0.6143209188520901,-0.5990669116702034,0
-1.0160040413856002,-0.9509221018663889,-1.5836211334900092,-1.2514399776215483,-0.6811894344304374,-0.5260515944488928,-1.6422778536184977,2.193972474807297,-1.3729237443040836,-0.898221404979388,-1.7176123095897857,-1.3734675091179767,-0.9188094535993924,-1.0965261181692925,2.146516398209544,-0.6201393110012952,1.3276053899812592,0.8697126574483418,3
0.6918023361916721,1.6456226593834833,1.2151778418113506,1.1103031185566672,0.019308599657553847,0.8944438089590969,1.6206643475848856,-1.424541257996763,1.7209889189163858,2.2073313250025377,1.1511373194441217,1.6104235650041454,1.1693133228820334,-0.21814692139635544,-0.8910068068039617,-1.063400399277135,-0.452493726449311,0.06856016520186257,1
-0.6500455319047562,-0.13950186397580386,0.1974327598835834,-0.8676567244925882,-0.6811894344304374,0.488587979413957,-0.34314345869492835,0.25548297509083634,-0.21270649559640753,0.48202425279035677,-0.39357401926644386,-0.4222460661340744,0.002421183083589566,0.4092667905843138,-0.2835021658012606,0.3771981376193444,-0.7761481112548693,-0.06496525017255063,3
0.8137885060186202,0.8342024214928982,-0.05700351059835842,0.8446070202366179,0.6030569613975466,-0.5260515944488928,0.5330169471837579,-0.90761072473904,0.5607716702087098,0.6890611014558184,0.5521676166788004,0.5289753768498279,0.7086980045405424,0.1583013057920461,-0.08100061880036022,-1.2850309434150549,1.3276053899812592,0.335610995950689,0
-1.5039487206933924,-0.13950186397580386,-0.6294851191827274,-0.8676567244925882,-0.21419074503844324,-0.5260515944488928,-0.4639931698506092,0.38471560840526703,-0.5994455784989662,-0.13908629320602836,-0.2674751344737446,-0.5128385845134936,0.09454424675188776,1.036680502564983,-1.0935083538048622,0.26638286555038443,-1.0998024960604276,-1.2666939885422694,0
-0.8940178715586523,-0.626354006710155,-1.01113952490564,-1.0447874567059545,-0.6811894344304374,-0.5260515944488928,-0.9776044422622528,1.0308787749774206,-0.9861846614015248,-0.8292091220909007,-1.055593164428115,-0.9261669496195941,-0.39677875947903596,0.1583013057920461,-0.2835021658012606,0.1555675934814245,-0.9379753036576484,-0.8661177424190298,2
-0.04011468277001606,-0.626354006710155,-0.18422164583932932,-0.2772209504480344,0.1360582720055524,-0.1201957649037529,-0.7359050199508911,0.6431808750341285,-0.5994455784989662,0.13696283834792058,-0.7403459524463667,-0.7279958156646145,-1.2565940203831525,-0.7200778909808908,-0.486003712802161,-0.3985087668633753,1.003951005175701,1.003238072822755,3
1.6676916948072564,1.4833386118053662,1.0243506389498942,1.228390273365578,0.486307289049548,0.488587979413957,1.4998146364292049,-1.2953086246823322,1.334249836013827,1.4481962132291781,1.0250384346514225,1.5085069818272987,1.2614363865503315,-0.21814692139635544,1.539011757206843,-1.395846215484015,-0.12883934164375277,0.20208558057627576,2
0.08187148705693198,-1.600058292178857,-1.01113952490564,-0.6314824148747668,0.019308599657553847,0.08273214986881705,-1.128666581206854,1.1601114082918513,-0.9861846614015248,-1.4503196680872859,-0.9294942796354155,-1.0167594679990133,-1.8400400902823744,-0.8455606333770247,0.32400247520144054,-0.6201393110012952,1.1657781975784802,0.7361872420739286,3
1.4237193551533602,1.4833386118053662,1.5332231799137779,1.3759992168767166,0.7198066337455451,0.285660064641387,1.1976903585400027,-1.1660759913679015,1.334249836013827,1.2411593645637162,0.8989395498587233,1.1461369083096216,1.322851762329197,-0.4691124061886231,1.539011757206843,1.1529050421020641,0.032987850759026355,0.4691364113251022,2
-0.8940178715586523,-0.626354006710155,-1.138357660146611,-0.601960626172539,-0.09744107269044469,-0.7289795092214628,-0.5546304532173698,0.5139482417196978,-0.5994455784989662,-0.6911845563139263,-0.7403459524463667,-0.5921070380954855,-0.0589941926952759,0.9111977601688491,-0.2835021658012606,-0.5093240389323352,-1.0998024960604276,-1.4002194039166826,2
-1.0160040413856002,-1.600058292178857,-2.219711809694864,-1.7237885968571913,-0.7979391067784359,-1.1348353387666028,-1.5516405702517369,2.0647398414928664,-1.3729237443040836,-1.795381082529722,-1.6545628671934363,-1.328171249928267,-1.1030555809359888,2.0405424417340536,-0.2835021658012606,-0.3985087668633753,-1.4234568808659858,-1.5337448192910959,3
-1.0160040413856002,-1.924626387335091,-2.664975283038262,-1.5761796533460528,-0.5644397620824388,-1.1348353387666028,-1.702702709196338,2.581670374750589,-1.3729237443040836,-2.0024179311951835,-1.843711194382485,-1.4357498655038274,-1.4715478356091816,1.6640942145456523,1.1340086632050421,0.9312744979641442,-1.2616296884632066,-1.667270234665509,2
-1.5039487206933924,-0.13950186397580386,-0.8839213896646693,-1.4285707098349145,-1.031438451474433,-0.5260515944488928,-0.5244180254284496,0.5139482417196978,-0.5994455784989662,-0.07007401031754112,-0.5827223464554927,-0.5921070380954855,0.09454424675188776,1.6640942145456523,-0.486003712802161,-0.8417698551392151,-1.5852840732687647,-1.667270234665509,0
0.8137885060186202,1.1587705166491322,1.406005044672807,0.6084327106187964,-0.3309404173864418,0.285660064641387,1.1976903585400027,-1.1660759913679015,1.334249836013827,1.0341225158982545,0.9935137134532477,1.157460973107049,0.6779903166511096,-0.34362966379248927,-1.0935083538048622,1.0420897700331042,-0.29066653404653187,0.335610995950689,2
-0.04011468277001606,-0.4640699591320379,-1.138357660146611,-0.30674273915026207,0.7198066337455451,0.08273214986881705,-1.0380292978400933,1.0308787749774206,-0.9861846614015248,-0.4151354247599773,-0.8033953948427164,-0.9601391440118763,-0.1511172563635741,-0.21814692139635544,0.12150092820054016,0.04475232141246454,0.5184694279673637,0.7361872420739286,3
-0.40607319225086014,0.5096343263366642,-0.24783071345981478,-1.0152656680037266,-0.6811894344304374,0.488587979413957,-0.25250617532816766,0.25548297509083634,-0.21270649559640753,1.3101716474522036,-0.6142470676536675,-0.4052599689379333,0.3094980619779169,0.4092667905843138,-1.0935083538048622,0.1555675934814245,-1.0998024960604276,-0.4655414962957902,3
0.325843826710828,-1.275490197022623,-0.5022669839417566,0.9036505976410734,1.4203046678335365,-0.7289795092214628,-0.1014440363835666,-0.2614475581668865,-0.21270649559640753,-1.3813073851987985,-0.015277364888346143,-0.10517225180610698,-1.195178644604287,-0.09266417900022159,-1.0935083538048622,-1.063400399277135,1.1657781975784802,0.6026618266995154,0
-1.0160040413856002,0.022782183602313148,-1.0747485925261255,-1.1923964002170928,-0.6811894344304374,-0.1201957649037529,-0.5244180254284496,0.5139482417196978,-0.5994455784989662,-0.2080985760945156,-0.5827223464554927,-0.5977690704941993,0.34020574986734964,1.036680502564983,-1.0935083538048622,-0.2876934947944153,-1.5852840732687647,-1.5337448192910959,0
0.8137885060186202,1.6456226593834833,1.2151778418113506,0.6084327106187964,-0.5644397620824388,0.285660064641387,1.6206643475848856,-1.424541257996763,1.7209889189163858,2.000294476337076,1.1511373194441217,1.6613818565925687,1.107897947103168,-0.21814692139635544,0.12150092820054016,0.48801340968830437,-0.12883934164375277,0.20208558057627576,1
-1.7479210603472886,0.3473502787585472,-0.5022669839417566,-0.8086131470881329,-0.09744107269044469,-0.3231236796763229,-0.4639931698506092,0.25548297509083634,-0.5994455784989662,0.06795055545943335,-0.42509874046461865,-0.5015145197160663,0.7394056924299751,0.5347495329804477,-0.08100061880036022,-0.2876934947944153,-0.9379753036576484,-0.8661177424190298,0
-0.5280593620778081,-1.43777424460074,-0.31143978108030024,0.10656230268092563,0.019308599657553847,-0.1201957649037529,-0.34314345869492835,0.12625034177640562,-0.5994455784989662,-1.5883442338642604,-0.45662346166279344,-0.3995979365392196,-1.5022555234986144,-1.2220088605654262,-0.2835021658012606,1.0420897700331042,1.4894325823840384,1.2702889035715814,1
-0.04011468277001606,0.022782183602313148,-0.5658760515622421,-0.12961200693689592,-0.3309404173864418,-0.3231236796763229,-0.2827186031170879,0.12625034177640562,-0.21270649559640753,-0.13908629320602836,-0.204425692077395,-0.33165354775465516,0.4016211256462151,-0.9710433757731585,0.9315071162041417,0.26638286555038443,1.003951005175701,0.7361872420739286,1
-1.0160040413856002,-0.4640699591320379,-1.4564029982490383,-1.0743092454081822,-0.44769008973444036,-0.3231236796763229,-0.58484288100629,0.6431808750341285,-0.5994455784989662,-0.2771108589830028,-0.708821231248192,-0.6657134592787637,-0.08970188058470863,1.2876459873572508,0.32400247520144054,-0.9525851272081751,-1.5852840732687647,-1.8007956500399223,0
0.9357746758455682,1.6456226593834833,1.6604413151547488,1.7597824700056766,0.8365563060935437,0.6915158941865269,1.409177353062444,-1.2953086246823322,1.334249836013827,1.3791839303406908,1.277236204236821,1.3952663338530247,1.2000210107714662,-0.21814692139635544,-0.8910068068039617,0.3771981376193444,-0.12883934164375277,0.4691364113251022,2
-1.0160040413856002,0.3473502787585472,-0.4386579163212711,-1.3990489211326866,-1.031438451474433,0.08273214986881705,-0.34314345869492835,0.38471560840526703,-0.21270649559640753,1.172147081675229,-0.6457717888518423,-0.45055622812764295,0.0331288709730223,0.5347495329804477,-1.0935083538048622,-0.6201393110012952,-1.0998024960604276,-0.5990669116702034,3
-0.04011468277001606,-0.626354006710155,-0.4386579163212711,-1.3104835550260037,-1.2649377961704302,-0.3231236796763229,-0.856754731106572,1.0308787749774206,-0.9861846614015248,-0.48414770764846454,-0.7718706736445415,-0.869546625632457,-0.7959787020416614,0.5347495329804477,-0.2835021658012606,0.26638286555038443,-0.7761481112548693,-1.4002194039166826,3
0.20385765688388,-1.43777424460074,-0.5658760515622421,0.6674762880232518,1.3035549954855379,-0.5260515944488928,-0.37335588648384854,-0.002982291538025084,-0.5994455784989662,-1.519331950975773,-0.14137624968104537,-0.35996370974822367,-1.5636708992774797,-0.21814692139635544,-0.8910068068039617,0.7096439538262242,1.6512597747868174,1.1367634881971682,0
-0.2840870224239121,-0.9509221018663889,0.07021462464261248,0.2246494574898364,-0.3309404173864418,-0.3231236796763229,0.019405674772114256,-0.2614475581668865,-0.21270649559640753,-1.1052582536448496,0.047772077508003476,-0.06553802501511106,-1.0109325172676906,-0.7200778909808908,-1.2960099008057626,1.263720314171024,0.5184694279673637,0.4691364113251022,2
1.1797470154994643,1.6456226593834833,1.3423959770523215,1.2579120620678057,0.36955761670154946,0.488587979413957,1.3185400696956835,-1.2953086246823322,1.334249836013827,1.172147081675229,1.277236204236821,1.332983977467174,2.2747900869016116,-0.09266417900022159,-0.2835021658012606,0.3771981376193444,-0.12883934164375277,0.06856016520186257,1
-1.0160040413856002,-1.762342339756974,-1.838057403971951,-1.2219181889193205,-0.44769008973444036,-0.5260515944488928,-1.581852998040657,2.193972474807297,-1.3729237443040836,-1.8643933654182092,-1.6230381459952614,-1.3621434443205493,-1.4715478356091816,-0.34362966379248927,-0.6885052598030614,0.8204592258951843,-0.6143209188520901,-0.8661177424190298,2
0.20385765688388,-1.113206149444506,-1.01113952490564,-1.2514399776215483,-1.1481881238224316,-0.1201957649037529,-1.0682417256290135,1.4185766749207127,-0.9861846614015248,-0.5531599905369518,-0.9610190008335904,-1.045069629992582,-1.072347893046556,0.6602322753765815,0.9315071162041417,-0.5093240389323352,-0.7761481112548693,-1.667270234665509,3
1.3017331853264122,2.132474802117834,1.3423959770523215,1.8188260474101319,0.8365563060935437,0.488587979413957,1.530027064218125,-1.424541257996763,1.7209889189163858,1.9312821934485886,1.3402856466331705,1.576451370611863,2.1826670232333134,-0.21814692139635544,0.12150092820054016,-0.9525851272081751,-0.29066653404653187,0.06856016520186257,1
-1.1379902112125484,-0.13950186397580386,-0.12061257821884387,-0.8381349357903606,-0.44769008973444036,0.488587979413957,-0.37335588648384854,0.38471560840526703,-0.21270649559640753,0.6200488185673312,-0.708821231248192,-0.5015145197160663,0.0331288709730223,0.1583013057920461,-0.2835021658012606,0.48801340968830437,-0.9379753036576484,-0.332016080921377,3
0.08187148705693198,-0.30178591155392087,-0.8839213896646693,0.04751872527647024,0.6030569613975466,-0.5260515944488928,-0.7963298755287316,0.6431808750341285,-0.9861846614015248,-0.4151354247599773,-0.7718706736445415,-0.7223337832659007,0.06383655886245503,-0.9710433757731585,0.7290055692032413,-0.5093240389323352,1.4894325823840384,1.003238072822755,0
-0.04011468277001606,0.3473502787585472,0.1974327598835834,-0.218177373043579,0.36955761670154946,0.6915158941865269,-0.40356831427276874,0.25548297509083634,-0.5994455784989662,0.6200488185673312,-0.2989998556719194,-0.47320435772249775,0.09454424675188776,0.4092667905843138,-0.8910068068039617,-0.3985087668633753,-0.7761481112548693,0.06856016520186257,3
2.2776225439419964,0.8342024214928982,1.7876594503957197,0.5198673445121134,-0.6811894344304374,0.488587979413957,1.3789649252735239,-1.2953086246823322,1.334249836013827,0.7580733843443057,1.3718103678313454,1.349970074663315,0.862236443987706,-0.21814692139635544,2.3490179452104445,1.596166130377904,0.3566422355645846,0.8697126574483418,2
-0.2840870224239121,-1.43777424460074,-0.31143978108030024,-0.3362645278524898,-0.6811894344304374,-0.3231236796763229,-0.40356831427276874,0.12625034177640562,-0.5994455784989662,-1.519331950975773,-0.362049298068269,-0.4335701309315018,-1.5943785871669125,-0.9710433757731585,0.32400247520144054,0.26638286555038443,1.003951005175701,0.7361872420739286,2
-0.16210085259696408,-0.30178591155392087,-0.8203123220441838,-0.30674273915026207,-0.6811894344304374,-0.3231236796763229,-0.58484288100629,0.38471560840526703,-0.5994455784989662,-0.34612314187149007,-0.5827223464554927,-0.5921070380954855,-0.21253263214243956,-1.2220088605654262,1.539011757206843,0.5988286817572643,1.4894325823840384,1.003238072822755,1
0.6918023361916721,0.5096343263366642,1.406005044672807,0.8150852315343903,0.1360582720055524,0.285660064641387,0.9862033640175611,-1.0368433580534706,0.9475107531112684,0.27498740412489503,1.0250384346514225,0.9423037419559283,0.7394056924299751,0.032818563395912256,0.32400247520144054,-0.9525851272081751,-0.12883934164375277,0.20208558057627576,2
0.5698161663647241,2.132474802117834,1.2151778418113506,1.1693466959611225,0.36955761670154946,0.6915158941865269,1.7415140587405664,-1.424541257996763,1.7209889189163858,2.345355890779512,1.1511373194441217,1.7576364073707016,1.2614363865503315,-0.21814692139635544,-0.08100061880036022,-1.2850309434150549,-0.6143209188520901,0.06856016520186257,1
-1.2599763810394964,-1.275490197022623,-1.7744483363514656,-1.4876142872393698,-0.7979391067784359,-0.9319074239940327,-1.1890914367846943,1.4185766749207127,-0.9861846614015248,-1.4503196680872859,-1.339315655211688,-1.0903658891822914,-1.072347893046556,1.036680502564983,-0.486003712802161,0.04475232141246454,-1.4234568808659858,-1.5337448192910959,2
-0.2840870224239121,-0.9509221018663889,0.3882599627450397,0.6084327106187964,0.1360582720055524,0.08273214986881705,0.20068024150563554,-0.3906801914813172,0.17403258730615112,-1.1052582536448496,0.2684451258952271,0.10998497934501376,-0.5810248868156324,-0.4691124061886231,-1.2960099008057626,1.1529050421020641,0.3566422355645846,0.335610995950689,2
-0.5280593620778081,-0.7886380542882719,-1.3927939306285528,-1.1038310341104098,-0.6811894344304374,-0.5260515944488928,-1.5214281424628167,1.9355072081784355,-1.3729237443040836,-0.7601968392024134,-1.4338898188062126,-1.2941990555359848,-0.6731479504839305,-0.9710433757731585,0.7290055692032413,-0.5093240389323352,0.6802966203701428,0.4691364113251022,3
-0.5280593620778081,-1.600058292178857,-0.7567032544236983,-0.8971785131948159,-0.44769008973444036,-0.3231236796763229,-1.279728720151455,1.5478093082351434,-1.3729237443040836,-1.3813073851987985,-1.3077909340135132,-1.135662148372001,-1.9321631539506725,-1.0965261181692925,-0.486003712802161,0.7096439538262242,1.6512597747868174,1.5373397343204078,3
1.1797470154994643,0.6719183739147813,1.1515687741908651,0.7560416541299348,-0.21419074503844324,0.285660064641387,0.5028045193948377,-0.7783780914246093,0.5607716702087098,0.8270856672327929,0.42606873188610117,0.4553689556665497,0.09454424675188776,-1.34749160296156,1.3365102102059425,-0.5093240389323352,1.4894325823840384,1.670865149694821,2
-1.6259348905203403,0.022782183602313148,-0.6930941868032129,-1.1923964002170928,-0.6811894344304374,-0.3231236796763229,-0.5244180254284496,0.5139482417196978,-0.5994455784989662,-0.07007401031754112,-0.5511976252573179,-0.5694589085006307,0.0331288709730223,0.7857150177727154,-0.6885052598030614,0.3771981376193444,-1.2616296884632066,-1.1331685731678562,0
-0.8940178715586523,-0.4640699591320379,-1.0747485925261255,-1.5466578646438252,-1.031438451474433,-0.5260515944488928,-0.49420559763952937,0.5139482417196978,-0.5994455784989662,-0.48414770764846454,-0.42509874046461865,-0.5807829732980582,-0.08970188058470863,1.5386114721495183,-0.2835021658012606,-0.9525851272081751,-1.5852840732687647,-1.667270234665509,0
0.8137885060186202,0.18506623118043017,-0.05700351059835842,0.549389133214341,-0.09744107269044469,0.08273214986881705,-0.07123160859464639,-0.13221492485245578,-0.21270649559640753,0.4130119699018695,0.016247356309828664,-0.1278203814009618,0.002421183083589566,-1.2220088605654262,1.3365102102059425,-0.3985087668633753,1.4894325823840384,1.5373397343204078,2
-0.8940178715586523,-0.9509221018663889,-1.3927939306285528,-0.8381349357903606,-0.21419074503844324,-0.3231236796763229,-1.4912157146738965,1.8062745748640048,-1.3729237443040836,-0.9672336878678752,-1.5284639824007369,-1.2772129583398437,-1.0416402051571234,-1.472974345357694,0.12150092820054016,-0.5093240389323352,1.8130869671895966,1.5373397343204078,3
-1.2599763810394964,-1.275490197022623,-1.265575795387582,-1.6352232307505083,-1.031438451474433,-0.5260515944488928,-1.4005784313071359,1.8062745748640048,-1.3729237443040836,-1.3122951023103113,-1.4338898188062126,-1.2432407639475616,-1.2258863324937197,0.7857150177727154,-1.2960099008057626,-0.6201393110012952,-1.2616296884632066,-1.4002194039166826,3
-1.3819625508664444,0.022782183602313148,-0.8839213896646693,-0.5429170487680837,0.8365563060935437,-0.7289795092214628,-0.6150553087952103,0.5139482417196978,-0.5994455784989662,-0.2771108589830028,-0.6142470676536675,-0.6543893944813363,0.27879037408848417,0.9111977601688491,-0.2835021658012606,-1.395846215484015,-1.2616296884632066,-1.5337448192910959,0
-0.04011468277001606,0.3473502787585472,0.3882599627450397,0.933172386343301,0.486307289049548,-0.3231236796763229,0.14025538592779513,-0.3906801914813172,0.17403258730615112,0.20597512123640782,0.2684451258952271,0.08167481735144524,0.9236518197665715,-0.8455606333770247,-1.2960099008057626,-1.063400399277135,1.003951005175701,0.8697126574483418,2
-0.2840870224239121,-0.30178591155392087,0.3882599627450397,-0.3362645278524898,-0.09744107269044469,0.08273214986881705,-0.58484288100629,0.5139482417196978,-0.5994455784989662,0.6200488185673312,-0.7403459524463667,-0.6317412648864814,-1.072347893046556,-1.0965261181692925,-1.0935083538048622,1.4853508583089439,1.3276053899812592,1.5373397343204078,3
0.325843826710828,0.022782183602313148,-0.12061257821884387,-0.1886555843413513,0.1360582720055524,0.08273214986881705,-0.6754801643730507,0.6431808750341285,-0.5994455784989662,-0.001061727429053891,-0.866444837239066,-0.6883615888736185,-0.4274864473684687,-1.0965261181692925,-0.2835021658012606,-0.2876934947944153,1.6512597747868174,1.5373397343204078,3
1.6676916948072564,1.9701907545397173,1.5332231799137779,0.3132148235965195,-1.2649377961704302,-0.1201957649037529,2.6780993201970933,-1.9414717912544857,2.881206167624062,1.6552330618946398,2.727373379352862,2.924015081505724,1.7527593927812553,1.2876459873572508,-0.8910068068039617,0.8204592258951843,-1.2616296884632066,-1.5337448192910959,0
-0.7720317017317042,-0.13950186397580386,-0.7567032544236983,0.3132148235965195,1.5370543401815349,-0.5260515944488928,-0.6754801643730507,0.5139482417196978,-0.5994455784989662,-0.48414770764846454,-0.6772965100500171,-0.6317412648864814,0.09454424675188776,-0.4691124061886231,-0.08100061880036022,-1.2850309434150549,0.8421238127729219,0.7361872420739286,0
-1.2599763810394964,0.18506623118043017,-0.5658760515622421,-0.9267003018970437,-0.3309404173864418,-0.5260515944488928,-0.6150553087952103,0.5139482417196978,-0.5994455784989662,-0.13908629320602836,-0.6772965100500171,-0.6260792324877678,0.2480826861990514,0.2837840481881799,0.32400247520144054,-1.395846215484015,-0.6143209188520901,-0.5990669116702034,0
-0.8940178715586523,-0.626354006710155,-1.01113952490564,-1.1628746115148652,-0.7979391067784359,-0.3231236796763229,-1.0078168700511732,1.1601114082918513,-0.9861846614015248,-0.8292091220909007,-1.0871178856262895,-0.9714632088093037,-0.30465569581073776,0.1583013057920461,-0.6885052598030614,-0.9525851272081751,-1.4234568808659858,-1.1331685731678562,1
1.9116640344611524,1.4833386118053662,1.7240503827752343,1.6712171038989934,0.7198066337455451,0.488587979413957,1.3789649252735239,-1.2953086246823322,1.334249836013827,1.4481962132291781,1.1826620406422965,1.3443080422646012,1.1386056349926006,-0.5945951485847569,0.9315071162041417,2.150242490722704,0.032987850759026355,0.8697126574483418,2
0.08187148705693198,-1.275490197022623,-0.5658760515622421,0.5198673445121134,1.0700556507895407,-0.3231236796763229,-0.433780742061689,0.12625034177640562,-0.5994455784989662,-1.4503196680872859,-0.5511976252573179,-0.4279080985327881,-1.3180093961620178,-0.7200778909808908,-0.8910068068039617,-0.5093240389323352,1.3276053899812592,1.4038143189459946,0
0.8137885060186202,-0.13950186397580386,0.706305300847467,0.7265198654277072,0.019308599657553847,-0.1201957649037529,0.5330169471837579,-0.7783780914246093,0.5607716702087098,-0.07007401031754112,0.42606873188610117,0.4723550528626908,-0.734563326262796,-0.8455606333770247,-1.2960099008057626,-1.174215671346095,0.6802966203701428,0.335610995950689,1
-1.3819625508664444,-0.30178591155392087,-0.5658760515622421,-0.42482989395917287,0.36955761670154946,-0.3231236796763229,-0.5244180254284496,0.38471560840526703,-0.5994455784989662,-0.34612314187149007,-0.33052457687009423,-0.5468107789057759,-0.4581941352579014,0.4092667905843138,-0.2835021658012606,-0.17687822272545536,-0.6143209188520901,-0.8661177424190298,0
-0.8940178715586523,0.18506623118043017,-0.5658760515622421,-1.280961766323776,-0.5644397620824388,-0.5260515944488928,-0.5244180254284496,0.5139482417196978,-0.5994455784989662,-0.07007401031754112,-0.5827223464554927,-0.5864450056967718,0.4016211256462151,1.1621632449611168,0.5265040222023409,-0.17687822272545536,-1.4234568808659858,-1.5337448192910959,0
2.7655672232497888,1.3210545642272493,1.7876594503957197,1.8483478361123595,0.6030569613975466,0.6915158941865269,1.4696022086402847,-1.2953086246823322,1.334249836013827,1.172147081675229,1.3402856466331705,1.4405625930427342,1.445682513886928,-0.7200778909808908,1.9440148512086437,1.706981402446864,0.5184694279673637,1.4038143189459946,2
-0.5280593620778081,0.18506623118043017,-0.31143978108030024,-1.280961766323776,-1.1481881238224316,0.285660064641387,-0.37335588648384854,0.38471560840526703,-0.21270649559640753,0.8270856672327929,-0.5511976252573179,-0.4901904549186389,0.06383655886245503,0.6602322753765815,0.12150092820054016,0.48801340968830437,-0.9379753036576484,-0.5990669116702034,3
-0.5280593620778081,0.5096343263366642,0.1974327598835834,0.6084327106187964,0.2528079443535509,-0.1201957649037529,0.019405674772114256,-0.2614475581668865,-0.21270649559640753,0.3439996870133823,-0.015277364888346143,-0.05987599261639735,0.46303650142508057,-1.0965261181692925,1.9440148512086437,-0.8417698551392151,1.003951005175701,0.7361872420739286,2
-1.2599763810394964,-0.626354006710155,-0.7567032544236983,-0.39530810525694515,0.36955761670154946,-0.3231236796763229,-0.7359050199508911,0.6431808750341285,-0.5994455784989662,-0.48414770764846454,-0.6457717888518423,-0.7279958156646145,-0.8573940778205269,-0.21814692139635544,-0.486003712802161,-0.06606295065649542,-0.12883934164375277,-0.06496525017255063,0
-0.6500455319047562,-0.30178591155392087,0.13382369226309793,-0.9562220905992713,-0.7979391067784359,0.488587979413957,-0.433780742061689,0.38471560840526703,-0.5994455784989662,0.13696283834792058,-0.45662346166279344,-0.49585248731735254,-0.3353633837001705,0.032818563395912256,-0.08100061880036022,-1.174215671346095,-0.6143209188520901,0.06856016520186257,3
0.325843826710828,0.3473502787585472,1.3423959770523215,1.3759992168767166,0.8365563060935437,0.285660064641387,0.955990936228641,-1.0368433580534706,0.9475107531112684,-0.07007401031754112,0.9935137134532477,0.908331547563646,0.7701133803194079,0.032818563395912256,-0.08100061880036022,-0.7309545830702552,-0.29066653404653187,-0.19849066554696385,1
-0.6500455319047562,-1.275490197022623,-1.5836211334900092,-1.0743092454081822,0.019308599657553847,-0.5260515944488928,-1.0078168700511732,1.1601114082918513,-0.9861846614015248,-1.5883442338642604,-1.181692049220814,-0.9771252412080174,-0.9495171414888252,1.2876459873572508,1.9440148512086437,0.3771981376193444,-1.4234568808659858,-1.5337448192910959,2
0.5698161663647241,-1.113206149444506,-1.01113952490564,-1.1333528228126375,-0.7979391067784359,-0.3231236796763229,-1.1588790089957741,1.289344041606282,-0.9861846614015248,-0.6911845563139263,-0.8979695584372408,-1.0563936947900092,-1.5943785871669125,-0.4691124061886231,-0.6885052598030614,-0.06606295065649542,0.3566422355645846,-0.19849066554696385,3
-0.5280593620778081,0.022782183602313148,-0.05700351059835842,2.291174666645775,4.689295493577496,6.982281252136196,-0.40356831427276874,0.38471560840526703,-0.21270649559640753,0.8270856672327929,0.36301928948975154,-0.5128385845134936,0.06383655886245503,2.166025184130188,0.5265040222023409,0.48801340968830437,-0.9379753036576484,-0.4655414962957902,3
-0.7720317017317042,-0.4640699591320379,-0.3750488487007857,-0.2772209504480344,0.36955761670154946,-0.7289795092214628,-0.40356831427276874,0.12625034177640562,-0.5994455784989662,-0.6911845563139263,-0.14137624968104537,-0.4279080985327881,-0.5503171989261996,0.4092667905843138,-0.08100061880036022,-0.06606295065649542,0.032987850759026355,-0.332016080921377,0
-0.04011468277001606,-1.43777424460074,-1.2019667277670965,-0.8676567244925882,-0.5644397620824388,-0.1201957649037529,-1.0984541534179337,1.1601114082918513,-0.9861846614015248,-0.8292091220909007,-0.9610190008335904,-1.005435403201586,-1.655793962945778,-0.7200778909808908,-0.6885052598030614,1.596166130377904,0.6802966203701428,0.7361872420739286,3
1.9116640344611524,1.6456226593834833,1.278786909431836,0.017996936574242547,-1.2649377961704302,-0.5260515944488928,2.1947004755743698,-1.812239157940055,2.1077280018189444,1.172147081675229,2.412126167371114,2.4484043600137735,2.2133747111227464,1.4131287297533845,0.7290055692032413,-0.17687822272545536,-0.7761481112548693,-1.667270234665509,0
-0.40607319225086014,-1.113206149444506,-0.4386579163212711,-0.12961200693689592,0.2528079443535509,-0.3231236796763229,-0.5244180254284496,0.25548297509083634,-0.5994455784989662,-1.1742705365333368,-0.6457717888518423,-0.524162649310921,-1.1030555809359888,-0.8455606333770247,-1.2960099008057626,-1.395846215484015,1.003951005175701,1.1367634881971682,0
0.5698161663647241,1.1587705166491322,0.26104182750406885,1.1398249072588948,0.8365563060935437,-0.7289795092214628,0.7142915139172792,-1.0368433580534706,0.5607716702087098,0.8960979501212801,0.7413159438678493,0.7497946403996624,1.4149748259974952,0.2837840481881799,-0.486003712802161,-0.7309545830702552,0.8421238127729219,-0.06496525017255063,0
-1.3819625508664444,-1.275490197022623,-1.01113952490564,-1.2514399776215483,-0.9146887791264345,-0.3231236796763229,-1.0984541534179337,1.4185766749207127,-0.9861846614015248,-1.4503196680872859,-1.2762662128153384,-1.0507316623912955,-1.0109325172676906,-0.09266417900022159,2.146516398209544,-0.6201393110012952,-0.9379753036576484,-1.1331685731678562,2
-0.2840870224239121,-0.7886380542882719,1.0243506389498942,0.6969980767254795,0.2528079443535509,0.08273214986881705,0.26110509708347596,-0.3906801914813172,0.17403258730615112,-0.898221404979388,0.1738709623007027,0.1552812385347234,-0.30465569581073776,-0.8455606333770247,0.5265040222023409,2.4826883069295835,1.003951005175701,1.2702889035715814,2
0.5698161663647241,-0.7886380542882719,-0.31143978108030024,0.07704051397869793,-0.09744107269044469,-0.5260515944488928,0.11004295813887491,-0.5199128247957479,0.17403258730615112,-0.622172273425439,0.2684451258952271,0.10998497934501376,-1.0416402051571234,-0.09266417900022159,-0.486003712802161,0.48801340968830437,1.6512597747868174,0.7361872420739286,0
1.5457055249803082,1.3210545642272493,1.0243506389498942,0.7265198654277072,-0.21419074503844324,0.285660064641387,1.409177353062444,-1.2953086246823322,1.334249836013827,1.4481962132291781,1.1196125982459468,1.3782802366568834,1.322851762329197,0.032818563395912256,0.32400247520144054,0.9312744979641442,-0.12883934164375277,0.20208558057627576,2
-0.04011468277001606,-0.30178591155392087,-0.24783071345981478,-0.07056842953244054,-0.3309404173864418,-0.3231236796763229,-0.5244180254284496,0.38471560840526703,-0.5994455784989662,-0.48414770764846454,-0.204425692077395,-0.5411487465070622,-0.028286504805843167,-0.5945951485847569,1.7415133042077433,-1.174215671346095,0.6802966203701428,0.20208558057627576,1
0.08187148705693198,-1.275490197022623,-0.6294851191827274,0.7265198654277072,1.1868053231375393,-0.5260515944488928,-0.3129310309060081,-0.002982291538025084,-0.5994455784989662,-1.0362459707563625,-0.14137624968104537,-0.29768135336237295,-1.4715478356091816,-0.34362966379248927,-1.2960099008057626,0.1555675934814245,1.8130869671895966,1.1367634881971682,0
-0.5280593620778081,-1.43777424460074,-0.8839213896646693,-0.5724388374703113,-0.21419074503844324,-0.1201957649037529,-1.0682417256290135,1.1601114082918513,-0.9861846614015248,-0.9672336878678752,-1.1186426068244644,-0.9771252412080174,-1.7172093387246434,-1.34749160296156,-0.08100061880036022,0.5988286817572643,1.9749141595923758,1.8043905650692342,3
-1.0160040413856002,0.022782183602313148,-0.7567032544236983,-1.1333528228126375,-0.44769008973444036,-0.1201957649037529,-0.5244180254284496,0.5139482417196978,-0.5994455784989662,-0.13908629320602836,-0.5511976252573179,-0.5864450056967718,0.37091343775678237,0.7857150177727154,-0.8910068068039617,-0.8417698551392151,-1.2616296884632066,-1.2666939885422694,0
-0.8940178715586523,0.022782183602313148,-0.5658760515622421,-0.48387347136362824,0.1360582720055524,-0.5260515944488928,-0.58484288100629,0.38471560840526703,-0.5994455784989662,-0.2080985760945156,-0.5827223464554927,-0.5807829732980582,0.0331288709730223,-0.21814692139635544,-0.08100061880036022,-1.2850309434150549,0.032987850759026355,0.06856016520186257,0
1.5457055249803082,0.5096343263366642,1.5968322475342633,0.9922159637477564,-0.09744107269044469,0.285660064641387,1.1674779307510825,-1.1660759913679015,1.334249836013827,0.3439996870133823,1.2141867618404714,1.1178267463160532,0.7701133803194079,-0.34362966379248927,-0.2835021658012606,1.706981402446864,0.19481504316180548,1.003238072822755,2
1.6676916948072564,1.1587705166491322,1.3423959770523215,0.5198673445121134,-0.5644397620824388,0.488587979413957,1.3789649252735239,-1.2953086246823322,1.334249836013827,0.9651102330097674,0.8989395498587233,1.349970074663315,0.43232881353564784,-0.8455606333770247,-0.08100061880036022,-0.8417698551392151,0.032987850759026355,0.335610995950689,1
1.9116640344611524,0.9964864690710152,1.1515687741908651,0.8446070202366179,-0.3309404173864418,0.285660064641387,0.7142915139172792,-0.90761072473904,0.5607716702087098,0.8960979501212801,0.6782665014714996,0.6535400896215293,0.6165749408722442,-1.0965261181692925,1.539011757206843,-1.063400399277135,1.1657781975784802,0.8697126574483418,1
1.9116640344611524,0.5096343263366642,1.5968322475342633,1.3759992168767166,0.019308599657553847,0.285660064641387,1.107053075173242,-1.1660759913679015,0.9475107531112684,0.6890611014558184,1.0565631558495974,1.0555443899302024,-0.21253263214243956,-0.9710433757731585,0.5265040222023409,2.150242490722704,1.003951005175701,1.4038143189459946,1
-0.40607319225086014,0.8342024214928982,0.5154780979860106,0.5789109219165687,-0.09744107269044469,0.285660064641387,0.38195480823915684,-0.6491454581101787,0.17403258730615112,0.6890611014558184,0.7097912226696744,0.30815611329999343,1.3842671381080625,-0.4691124061886231,-0.08100061880036022,0.7096439538262242,0.3566422355645846,0.4691364113251022,2
-0.04011468277001606,0.022782183602313148,0.07021462464261248,-0.7790913583859052,-0.6811894344304374,0.285660064641387,-0.34314345869492835,0.25548297509083634,-0.21270649559640753,0.48202425279035677,-0.2674751344737446,-0.4165840337353607,0.4016211256462151,0.2837840481881799,-1.0935083538048622,0.9312744979641442,-0.7761481112548693,0.20208558057627576,3
-1.3819625508664444,-0.626354006710155,-0.7567032544236983,-0.39530810525694515,0.2528079443535509,-0.3231236796763229,-0.6150553087952103,0.5139482417196978,-0.5994455784989662,-0.6911845563139263,-0.519672904059143,-0.6204172000890541,-0.7038556383733633,-0.09266417900022159,-0.2835021658012606,0.48801340968830437,-0.29066653404653187,-0.06496525017255063,0
0.325843826710828,1.1587705166491322,1.406005044672807,1.5826517377923104,0.6030569613975466,0.08273214986881705,0.8955660806508005,-1.0368433580534706,0.9475107531112684,1.0341225158982545,0.8989395498587233,0.8573732559752227,1.568513265444659,-0.7200778909808908,1.1340086632050421,0.8204592258951843,0.5184694279673637,0.7361872420739286,1
-0.40607319225086014,-0.4640699591320379,-1.2019667277670965,-1.2514399776215483,-0.7979391067784359,-0.3231236796763229,-0.49420559763952937,0.5139482417196978,-0.5994455784989662,-0.4151354247599773,-0.4881481828609683,-0.5751209408993444,-0.0589941926952759,1.036680502564983,-1.2960099008057626,0.26638286555038443,-1.4234568808659858,-1.5337448192910959,0
-0.04011468277001606,-0.7886380542882719,-1.265575795387582,-1.5171360759415975,-1.4984371408664272,-0.3231236796763229,-1.128666581206854,1.4185766749207127,-0.9861846614015248,-0.2080985760945156,-0.8979695584372408,-1.0677177595874368,-0.5810248868156324,0.6602322753765815,0.32400247520144054,-0.7309545830702552,-0.7761481112548693,-1.5337448192910959,3
-0.2840870224239121,-0.626354006710155,-1.01113952490564,-1.1038310341104098,-0.6811894344304374,0.08273214986881705,-1.279728720151455,1.5478093082351434,-0.9861846614015248,-0.2771108589830028,-0.9294942796354155,-1.135662148372001,-0.611732574705065,-0.09266417900022159,-0.6885052598030614,-0.2876934947944153,0.3566422355645846,-0.19849066554696385,3
0.20385765688388,0.022782183602313148,1.4696141122932924,1.1693466959611225,0.2528079443535509,0.285660064641387,0.5632293749726781,-0.6491454581101787,0.5607716702087098,0.13696283834792058,0.42606873188610117,0.4666930204639771,-0.5196095110367669,-1.0965261181692925,0.12150092820054016,2.150242490722704,1.4894325823840384,2.0714413958180606,2
-0.5280593620778081,-1.275490197022623,-1.965275539212922,-1.6942668081549637,-0.9146887791264345,-0.7289795092214628,-1.4610032868849763,1.9355072081784355,-1.3729237443040836,-1.4503196680872859,-1.5915134247970866,-1.27155092594113,-0.8573940778205269,1.1621632449611168,0.12150092820054016,-0.9525851272081751,-1.2616296884632066,-1.667270234665509,3
1.0577608456725163,0.9964864690710152,0.6426962332269816,0.7560416541299348,-0.21419074503844324,-0.5260515944488928,1.5602394920070453,-1.424541257996763,1.7209889189163858,0.9651102330097674,1.8446811858039676,1.6613818565925687,1.0464825713243024,0.9111977601688491,0.12150092820054016,-0.6201393110012952,-0.12883934164375277,-1.2666939885422694,0
1.4237193551533602,1.4833386118053662,1.1515687741908651,1.5236081603878548,0.8365563060935437,0.285660064641387,1.5904519197959655,-1.424541257996763,1.7209889189163858,1.5172084961176653,1.3718103678313454,1.5877754354092906,0.8315287560982734,0.032818563395912256,-1.2960099008057626,0.04475232141246454,-0.29066653404653187,0.4691364113251022,2
2.3996087137689446,1.9701907545397173,1.7240503827752343,0.7560416541299348,-0.6811894344304374,-0.5260515944488928,2.7687366035638536,-1.9414717912544857,2.881206167624062,1.8622699105601015,3.137194754929135,3.082551988669708,2.6432823415748046,1.5386114721495183,0.9315071162041417,0.9312744979641442,-1.0998024960604276,-1.667270234665509,0
-0.7720317017317042,-0.30178591155392087,-1.0747485925261255,-1.2219181889193205,-0.6811894344304374,-0.1201957649037529,-0.58484288100629,0.6431808750341285,-0.5994455784989662,-0.34612314187149007,-0.6142470676536675,-0.6543893944813363,-0.12040956847414136,1.5386114721495183,-0.08100061880036022,-1.063400399277135,-1.4234568808659858,-1.8007956500399223,0
0.5698161663647241,0.9964864690710152,0.8971325037089233,1.0217377524499842,0.486307289049548,0.285660064641387,0.5934418027615983,-0.7783780914246093,0.5607716702087098,0.6200488185673312,0.5836923378769752,0.5402994416472553,1.7220517048918225,-0.5945951485847569,0.7290055692032413,-1.2850309434150549,0.3566422355645846,0.4691364113251022,2
0.08187148705693198,-1.113206149444506,0.3882599627450397,0.3132148235965195,-0.21419074503844324,-0.3231236796763229,0.04961810256103447,-0.2614475581668865,0.17403258730615112,-1.1742705365333368,-0.015277364888346143,-0.014579733426687723,-0.9495171414888252,-0.8455606333770247,-0.8910068068039617,1.706981402446864,1.003951005175701,1.1367634881971682,2
-1.3819625508664444,-0.13950186397580386,-1.2019667277670965,-1.3400053437282313,-0.9146887791264345,-0.3231236796763229,-0.5244180254284496,0.5139482417196978,-0.5994455784989662,-0.07007401031754112,-0.708821231248192,-0.6147551676903403,0.3094980619779169,1.036680502564983,-0.6885052598030614,-0.9525851272081751,-1.5852840732687647,-1.8007956500399223,0
1.5457055249803082,0.6719183739147813,0.8971325037089233,0.9626941750455288,-0.09744107269044469,0.285660064641387,0.38195480823915684,-0.6491454581101787,0.17403258730615112,0.6890611014558184,0.2684451258952271,0.3194801780974208,0.15595962253075324,-1.34749160296156,2.551519492211345,0.26638286555038443,2.136741351995155,1.8043905650692342,1
-0.5280593620778081,-0.13950186397580386,0.006605557022127029,-0.9562220905992713,-0.9146887791264345,-0.5260515944488928,-0.58484288100629,0.5139482417196978,-0.5994455784989662,-0.2771108589830028,-0.5827223464554927,-0.5977690704941993,-0.21253263214243956,-0.5945951485847569,0.7290055692032413,0.1555675934814245,-0.12883934164375277,-0.332016080921377,1
-0.04011468277001606,-0.30178591155392087,0.3882599627450397,0.04751872527647024,0.486307289049548,0.08273214986881705,-0.5546304532173698,0.5139482417196978,-0.5994455784989662,-0.07007401031754112,-0.7718706736445415,-0.5864450056967718,-0.9802248293782578,-0.9710433757731585,-0.8910068068039617,0.48801340968830437,1.1657781975784802,1.4038143189459946,3
-0.5280593620778081,-1.113206149444506,-0.12061257821884387,0.017996936574242547,-0.3309404173864418,-0.3231236796763229,-0.22229374753924747,-0.002982291538025084,-0.21270649559640753,-1.1742705365333368,-0.07832680728469577,-0.2750332237675181,-1.1644709567148543,-0.5945951485847569,-0.2835021658012606,0.26638286555038443,0.5184694279673637,0.20208558057627576,2
0.5698161663647241,-0.13950186397580386,-0.24783071345981478,-0.2476991617458067,0.1360582720055524,-0.1201957649037529,-0.7963298755287316,0.7724135083485592,-0.9861846614015248,-0.001061727429053891,-0.8979695584372408,-0.7789541072530377,-0.12040956847414136,-1.2220088605654262,2.551519492211345,-1.174215671346095,1.9749141595923758,1.5373397343204078,3
1.3017331853264122,1.1587705166491322,0.8971325037089233,0.5789109219165687,-0.3309404173864418,0.08273214986881705,0.5934418027615983,-0.7783780914246093,0.5607716702087098,0.8960979501212801,0.5521676166788004,0.5233133444511141,0.9236518197665715,-0.7200778909808908,0.9315071162041417,-0.5093240389323352,0.6802966203701428,0.6026618266995154,1
0.6918023361916721,1.9701907545397173,1.7240503827752343,1.5236081603878548,0.486307289049548,0.488587979413957,1.5904519197959655,-1.424541257996763,1.7209889189163858,1.9312821934485886,1.434859810227695,1.6274096622002865,1.8755901443389862,-0.34362966379248927,0.7290055692032413,1.374535586239984,-0.12883934164375277,0.6026618266995154,1
-0.8940178715586523,-0.4640699591320379,-1.0747485925261255,-1.280961766323776,-0.9146887791264345,-0.3231236796763229,-0.5546304532173698,0.5139482417196978,-0.5994455784989662,-0.5531599905369518,-0.5511976252573179,-0.6260792324877678,-0.08970188058470863,1.5386114721495183,-0.8910068068039617,-0.5093240389323352,-1.4234568808659858,-1.8007956500399223,0
1.6676916948072564,1.9701907545397173,1.278786909431836,0.46082376710765793,-0.7979391067784359,-0.3231236796763229,1.9832134810519282,-1.6830065246256243,2.1077280018189444,1.5862207790061524,1.7185823010112682,2.1766268048755157,1.660636329112957,0.5347495329804477,0.12150092820054016,-0.17687822272545536,-0.29066653404653187,-1.1331685731678562,0
1.9116640344611524,1.4833386118053662,1.3423959770523215,1.0807813298544395,0.1360582720055524,0.488587979413957,1.6206643475848856,-1.424541257996763,1.7209889189163858,1.8622699105601015,1.277236204236821,1.5990995002067179,1.1693133228820334,-0.21814692139635544,-0.08100061880036022,0.1555675934814245,-0.29066653404653187,0.6026618266995154,2
-0.5280593620778081,-0.13950186397580386,-0.3750488487007857,-1.280961766323776,-0.9146887791264345,0.285660064641387,-0.37335588648384854,0.38471560840526703,-0.21270649559640753,0.20597512123640782,-0.8033953948427164,-0.4845284225199252,0.0331288709730223,0.4092667905843138,1.1340086632050421,-0.06606295065649542,-0.7761481112548693,-0.332016080921377,3
0.6918023361916721,0.9964864690710152,0.3882599627450397,0.5789109219165687,0.019308599657553847,-0.7289795092214628,1.0466282195954015,-1.1660759913679015,0.9475107531112684,0.6890611014558184,1.0565631558495974,1.061206422328916,1.35355945021863,0.5347495329804477,0.32400247520144054,1.4853508583089439,0.3566422355645846,-0.7325923270446166,0
0.44782999653777605,0.022782183602313148,0.5790871656064961,-0.218177373043579,0.1360582720055524,0.285660064641387,-0.5244180254284496,0.5139482417196978,-0.5994455784989662,-0.001061727429053891,-0.708821231248192,-0.5864450056967718,-0.12040956847414136,-0.9710433757731585,2.3490179452104445,0.8204592258951843,1.3276053899812592,1.2702889035715814,3
-0.7720317017317042,-0.626354006710155,-0.5658760515622421,-0.30674273915026207,0.2528079443535509,-0.3231236796763229,-0.5244180254284496,0.38471560840526703,-0.5994455784989662,-0.6911845563139263,-0.42509874046461865,-0.5468107789057759,-0.7038556383733633,0.032818563395912256,-0.6885052598030614,-0.5093240389323352,0.19481504316180548,-0.19849066554696385,0
-0.5280593620778081,-0.7886380542882719,-0.6294851191827274,-0.39530810525694515,0.1360582720055524,-0.3231236796763229,-0.6754801643730507,0.5139482417196978,-0.5994455784989662,-0.898221404979388,-0.42509874046461865,-0.66005142688005,-0.9188094535993924,-0.09266417900022159,-0.486003712802161,-0.2876934947944153,0.5184694279673637,0.06856016520186257,0
-0.8940178715586523,-0.7886380542882719,-0.4386579163212711,-0.6610042035769944,0.019308599657553847,-0.5260515944488928,-0.856754731106572,0.9016461416629898,-0.9861846614015248,-0.898221404979388,-0.9610190008335904,-0.8355744312401748,-0.39677875947903596,-0.09266417900022159,-0.6885052598030614,0.9312744979641442,-0.9379753036576484,-0.7325923270446166,1
-1.2599763810394964,-1.275490197022623,-1.7744483363514656,-1.1038310341104098,-0.09744107269044469,-0.9319074239940327,-1.0078168700511732,1.1601114082918513,-0.9861846614015248,-1.4503196680872859,-1.1501673280226392,-0.9431530468157352,-1.0416402051571234,1.5386114721495183,-0.6885052598030614,-0.7309545830702552,-1.4234568808659858,-1.667270234665509,2
1.0577608456725163,1.4833386118053662,1.2151778418113506,0.6379544993210241,-0.44769008973444036,0.285660064641387,1.6206643475848856,-1.424541257996763,1.7209889189163858,1.5862207790061524,1.1196125982459468,1.6443957593964276,0.862236443987706,-0.21814692139635544,1.3365102102059425,-0.7309545830702552,0.032987850759026355,0.335610995950689,1
0.6918023361916721,1.6456226593834833,1.2151778418113506,1.4940863716856272,0.7198066337455451,0.285660064641387,1.681089203162726,-1.424541257996763,1.7209889189163858,2.069306759225563,1.2457114830386462,1.6953540509848508,1.1693133228820334,0.1583013057920461,0.9315071162041417,0.8204592258951843,-0.29066653404653187,0.06856016520186257,1
0.9357746758455682,1.4833386118053662,1.5332231799137779,0.5789109219165687,-0.5644397620824388,-0.3231236796763229,2.0436383366297686,-1.6830065246256243,2.1077280018189444,1.103134798786742,2.1284036765875407,2.2389091612613665,2.3976208384593427,1.036680502564983,-0.08100061880036022,0.1555675934814245,-0.6143209188520901,-1.4002194039166826,0
2.8875533930767365,1.1587705166491322,1.7876594503957197,1.7597824700056766,0.36955761670154946,0.6915158941865269,1.3185400696956835,-1.2953086246823322,1.334249836013827,1.0341225158982545,1.2457114830386462,1.3046738154736053,1.3842671381080625,-0.8455606333770247,2.9565225862131457,1.374535586239984,0.8421238127729219,1.2702889035715814,2
-0.6500455319047562,-0.13950186397580386,-0.31143978108030024,-0.04104664083021284,-0.3309404173864418,-0.5260515944488928,-0.5244180254284496,0.38471560840526703,-0.5994455784989662,-0.2080985760945156,-0.42509874046461865,-0.5354867141083485,0.06383655886245503,-1.0965261181692925,0.5265040222023409,-0.06606295065649542,2.136741351995155,1.670865149694821,1
0.20385765688388,-0.13950186397580386,0.13382369226309793,-0.30674273915026207,0.019308599657553847,0.285660064641387,-0.7056925921619709,0.6431808750341285,-0.5994455784989662,-0.001061727429053891,-0.8033953948427164,-0.7110097184684733,-0.273948007921305,-1.0965261181692925,0.7290055692032413,-0.7309545830702552,1.6512597747868174,1.4038143189459946,3
-0.5280593620778081,-0.7886380542882719,-0.8203123220441838,-0.6314824148747668,-0.44769008973444036,-0.5260515944488928,-1.0984541534179337,1.1601114082918513,-0.9861846614015248,-0.7601968392024134,-1.055593164428115,-1.005435403201586,-0.734563326262796,-1.472974345357694,1.9440148512086437,-0.7309545830702552,2.298568544397934,1.8043905650692342,1
0.44782999653777605,0.18506623118043017,1.2151778418113506,1.228390273365578,0.486307289049548,-0.1201957649037529,0.7142915139172792,-0.7783780914246093,0.5607716702087098,0.20597512123640782,0.61521705907515,0.6139058628305334,-0.18182494425300683,-0.8455606333770247,-1.0935083538048622,2.150242490722704,0.3566422355645846,0.6026618266995154,1
-0.6500455319047562,-1.113206149444506,-1.5200120658695238,-0.9267003018970437,-0.21419074503844324,-0.7289795092214628,-0.6150553087952103,0.6431808750341285,-0.5994455784989662,-1.1742705365333368,-0.8033953948427164,-0.6713754916774773,-0.5503171989261996,1.6640942145456523,1.1340086632050421,-1.395846215484015,-1.4234568808659858,-1.667270234665509,2
-0.2840870224239121,0.18506623118043017,-0.24783071345981478,-0.601960626172539,-0.09744107269044469,0.08273214986881705,-0.6452677365841305,0.5139482417196978,-0.5994455784989662,0.27498740412489503,-0.6457717888518423,-0.6487273620826226,0.7394056924299751,-0.34362966379248927,1.3365102102059425,-0.17687822272545536,0.032987850759026355,0.6026618266995154,3
-1.5039487206933924,0.3473502787585472,-0.8203123220441838,-0.6610042035769944,0.2528079443535509,-0.5260515944488928,-0.5244180254284496,0.38471560840526703,-0.5994455784989662,-0.07007401031754112,-0.5511976252573179,-0.5524728113044896,0.6165749408722442,0.2837840481881799,-0.2835021658012606,-1.395846215484015,-0.9379753036576484,-0.999643157793443,0
0.5698161663647241,0.8342024214928982,0.5154780979860106,0.6969980767254795,0.1360582720055524,0.08273214986881705,0.26110509708347596,-0.5199128247957479,0.17403258730615112,0.48202425279035677,0.20539568349887752,0.19491546532571932,0.6779903166511096,-0.9710433757731585,0.7290055692032413,-1.2850309434150549,0.6802966203701428,0.7361872420739286,2
-0.04011468277001606,-0.4640699591320379,0.3882599627450397,0.5789109219165687,0.019308599657553847,0.285660064641387,0.4423796638169973,-0.6491454581101787,0.17403258730615112,-0.48414770764846454,0.61521705907515,0.37610050208455786,-0.21253263214243956,-0.34362966379248927,-0.6885052598030614,-0.06606295065649542,0.032987850759026355,0.20208558057627576,1
-0.2840870224239121,0.022782183602313148,-0.3750488487007857,0.07704051397869793,0.8365563060935437,-0.3231236796763229,-0.5546304532173698,0.38471560840526703,-0.5994455784989662,-0.2771108589830028,-0.5827223464554927,-0.5524728113044896,0.1252519346413205,-0.4691124061886231,1.1340086632050421,-1.2850309434150549,1.003951005175701,0.7361872420739286,0
1.9116640344611524,0.6719183739147813,1.7240503827752343,0.7265198654277072,-0.3309404173864418,0.285660064641387,1.1674779307510825,-1.1660759913679015,1.334249836013827,0.551036535678844,1.1511373194441217,1.1178267463160532,1.1693133228820334,-0.34362966379248927,1.3365102102059425,2.039427218653744,0.3566422355645846,0.8697126574483418,2
-0.7720317017317042,0.022782183602313148,0.006605557022127029,-0.12961200693689592,-0.21419074503844324,-0.1201957649037529,-0.37335588648384854,0.12625034177640562,-0.5994455784989662,-0.2771108589830028,-0.2359504132755698,-0.4052599689379333,-0.028286504805843167,-0.34362966379248927,-0.8910068068039617,-1.174215671346095,0.19481504316180548,0.06856016520186257,1
0.8137885060186202,0.6719183739147813,0.8971325037089233,1.1103031185566672,0.1360582720055524,0.08273214986881705,0.5330169471837579,-0.7783780914246093,0.5607716702087098,0.551036535678844,0.42606873188610117,0.46103098806526344,0.0331288709730223,-1.34749160296156,-0.6885052598030614,-0.8417698551392151,1.3276053899812592,1.2702889035715814,1
1.7896778646342044,1.1587705166491322,1.7240503827752343,0.40178018970320256,-0.7979391067784359,0.6915158941865269,1.4393897808513643,-1.2953086246823322,1.334249836013827,1.5862207790061524,1.277236204236821,1.4122524310491658,1.2000210107714662,-0.09266417900022159,0.7290055692032413,1.706981402446864,0.032987850759026355,0.7361872420739286,2
0.9357746758455682,0.18506623118043017,1.4696141122932924,0.7855634428321626,-0.09744107269044469,0.285660064641387,0.8955660806508005,-0.90761072473904,0.9475107531112684,0.13696283834792058,0.772840665066024,0.795090899589372,0.6165749408722442,-0.8455606333770247,0.12150092820054016,2.8151341231364633,0.5184694279673637,1.2702889035715814,2
0.20385765688388,0.3473502787585472,-0.05700351059835842,0.2246494574898364,-0.3309404173864418,-0.3231236796763229,-0.010806753016805958,-0.2614475581668865,-0.21270649559640753,0.27498740412489503,0.23692040469705233,-0.07120005741382476,0.3094980619779169,-0.7200778909808908,-0.486003712802161,-0.9525851272081751,0.3566422355645846,0.335610995950689,2
-0.5280593620778081,0.3473502787585472,0.1974327598835834,-0.6314824148747668,-0.44769008973444036,0.285660064641387,-0.4639931698506092,0.38471560840526703,-0.5994455784989662,0.20597512123640782,-0.42509874046461865,-0.5015145197160663,0.34020574986734964,0.1583013057920461,1.3365102102059425,-0.6201393110012952,-0.452493726449311,0.20208558057627576,3
-0.7720317017317042,0.022782183602313148,-0.31143978108030024,-0.4543516826614005,-0.3309404173864418,-0.3231236796763229,-0.433780742061689,0.38471560840526703,-0.5994455784989662,-0.2080985760945156,-0.2359504132755698,-0.49585248731735254,-0.08970188058470863,0.2837840481881799,1.7415133042077433,0.1555675934814245,-0.7761481112548693,-0.8661177424190298,1
1.7896778646342044,1.4833386118053662,1.4696141122932924,1.0217377524499842,0.019308599657553847,0.488587979413957,1.0164157918064813,-1.0368433580534706,0.9475107531112684,1.103134798786742,0.8674148286605485,0.9649518715507831,1.8448824564495534,-0.5945951485847569,1.1340086632050421,-1.063400399277135,0.19481504316180548,0.6026618266995154,2
-0.40607319225086014,0.3473502787585472,0.1974327598835834,-0.5724388374703113,-0.21419074503844324,0.285660064641387,-0.40356831427276874,0.25548297509083634,-0.5994455784989662,0.48202425279035677,-0.2989998556719194,-0.46754232532378404,0.34020574986734964,0.2837840481881799,-1.0935083538048622,-0.8417698551392151,-0.6143209188520901,0.06856016520186257,3
-1.3819625508664444,-1.275490197022623,-1.4564029982490383,-1.0152656680037266,0.1360582720055524,-0.3231236796763229,-1.0078168700511732,1.289344041606282,-0.9861846614015248,-1.3813073851987985,-1.181692049220814,-0.9827872736067311,-0.9802248293782578,1.1621632449611168,0.9315071162041417,1.263720314171024,-1.5852840732687647,-1.4002194039166826,2
-1.1379902112125484,0.022782183602313148,-0.8839213896646693,-0.601960626172539,0.2528079443535509,-0.5260515944488928,-0.6754801643730507,0.6431808750341285,-0.5994455784989662,-0.4151354247599773,-0.6457717888518423,-0.6826995564749048,0.15595962253075324,0.2837840481881799,-0.2835021658012606,-1.2850309434150549,-0.9379753036576484,-1.1331685731678562,0
-0.5280593620778081,0.3473502787585472,-0.05700351059835842,-0.3657863165547175,-0.5644397620824388,-0.1201957649037529,-0.22229374753924747,-0.002982291538025084,-0.21270649559640753,0.06795055545943335,-0.04680208608652095,-0.2806952561662318,0.6779903166511096,-0.09266417900022159,0.5265040222023409,0.26638286555038443,-0.29066653404653187,-0.332016080921377,1
0.325843826710828,-0.626354006710155,-0.31143978108030024,0.2541712461920641,0.2528079443535509,-0.7289795092214628,0.26110509708347596,-0.6491454581101787,0.17403258730615112,-0.9672336878678752,0.5206428954806256,0.2685218865089975,-0.8266863899310942,0.1583013057920461,-1.2960099008057626,-0.9525851272081751,1.1657781975784802,0.335610995950689,0
0.44782999653777605,0.022782183602313148,-0.6294851191827274,0.549389133214341,1.0700556507895407,-0.7289795092214628,-0.22229374753924747,-0.13221492485245578,-0.21270649559640753,-0.2771108589830028,-0.33052457687009423,-0.21841289978038106,0.34020574986734964,-0.34362966379248927,0.12150092820054016,-0.6201393110012952,1.1657781975784802,1.003238072822755,0
0.44782999653777605,0.3473502787585472,0.3246508951245543,-0.12961200693689592,0.2528079443535509,0.08273214986881705,-0.37335588648384854,0.25548297509083634,-0.21270649559640753,0.06795055545943335,-0.4881481828609683,-0.44489419572892924,0.21737499830961868,-0.5945951485847569,-1.0935083538048622,0.04475232141246454,0.5184694279673637,0.8697126574483418,3
0.325843826710828,0.3473502787585472,-0.31143978108030024,1.0512595411522119,1.1868053231375393,-0.5260515944488928,-0.041019180805726176,-0.3906801914813172,-0.21270649559640753,0.13696283834792058,-0.015277364888346143,-0.04855192781896995,0.21737499830961868,-0.4691124061886231,-0.08100061880036022,0.3771981376193444,1.6512597747868174,1.003238072822755,0
-0.7720317017317042,-1.43777424460074,-1.838057403971951,-1.5171360759415975,-0.44769008973444036,-0.9319074239940327,-1.5214281424628167,2.0647398414928664,-1.3729237443040836,-1.5883442338642604,-1.5915134247970866,-1.3168471851308396,-1.1337632688254216,1.5386114721495183,0.5265040222023409,0.26638286555038443,-1.4234568808659858,-1.667270234665509,3
1.9116640344611524,1.1587705166491322,0.8335234360884379,0.6084327106187964,-0.44769008973444036,-0.9319074239940327,1.7717264865294868,-1.5537738913111936,1.7209889189163858,0.6890611014558184,2.3175520037765898,1.9161733145346853,1.2921440744397643,1.1621632449611168,-1.2960099008057626,0.7096439538262242,-0.29066653404653187,-1.2666939885422694,0
1.3017331853264122,0.9964864690710152,1.6604413151547488,0.7265198654277072,-0.3309404173864418,0.488587979413957,1.4696022086402847,-1.2953086246823322,1.334249836013827,1.0341225158982545,1.3718103678313454,1.4518866578401617,0.862236443987706,-0.09266417900022159,1.7415133042077433,1.0420897700331042,0.19481504316180548,0.7361872420739286,2
-0.7720317017317042,-1.275490197022623,-1.3927939306285528,-1.0743092454081822,-0.5644397620824388,-0.5260515944488928,-1.2193038645736145,1.4185766749207127,-0.9861846614015248,-1.3122951023103113,-1.0871178856262895,-1.101689953979719,-1.3180093961620178,-0.21814692139635544,-1.0935083538048622,0.1555675934814245,-0.452493726449311,-0.4655414962957902,2
-1.3819625508664444,-1.43777424460074,-1.7744483363514656,-1.5171360759415975,-1.031438451474433,-0.3231236796763229,-1.3099411479403753,1.677041941549574,-0.9861846614015248,-1.519331950975773,-1.339315655211688,-1.1809584075617108,-1.4408401477197488,0.6602322753765815,-1.0935083538048622,-0.8417698551392151,-1.4234568808659858,-1.5337448192910959,2
1.4237193551533602,1.8079067069616004,1.0243506389498942,1.1988684846633504,0.2528079443535509,0.488587979413957,1.4696022086402847,-1.2953086246823322,1.334249836013827,1.724245344783127,1.1511373194441217,1.463210722637589,1.2614363865503315,-0.09266417900022159,-0.8910068068039617,0.7096439538262242,-0.12883934164375277,0.4691364113251022,1
-1.6259348905203403,-0.9509221018663889,-1.3927939306285528,-1.369527132430459,-0.6811894344304374,-0.5260515944488928,-0.8869671588954922,1.0308787749774206,-0.9861846614015248,-1.1742705365333368,-1.181692049220814,-0.8865327228285982,-1.0109325172676906,0.9111977601688491,-1.2960099008057626,-0.8417698551392151,-1.5852840732687647,-1.2666939885422694,1
1.5457055249803082,1.4833386118053662,1.1515687741908651,1.7302606813034487,0.6030569613975466,-0.9319074239940327,2.4666123256746517,-1.812239157940055,2.494467084721503,0.9651102330097674,2.884996985343736,2.7484920771456,2.673990029464237,1.9150596993379199,-0.2835021658012606,-0.17687822272545536,-1.0998024960604276,-1.8007956500399223,0
-1.5039487206933924,0.18506623118043017,-0.6930941868032129,-0.8086131470881329,-0.09744107269044469,-0.3231236796763229,-0.4639931698506092,0.38471560840526703,-0.5994455784989662,-0.001061727429053891,-0.362049298068269,-0.5128385845134936,0.46303650142508057,0.9111977601688491,-1.0935083538048622,0.1555675934814245,-1.0998024960604276,-1.1331685731678562,0
0.8137885060186202,0.9964864690710152,1.7240503827752343,1.6416953151967657,0.6030569613975466,0.08273214986881705,1.4696022086402847,-1.424541257996763,1.334249836013827,0.9651102330097674,1.5609586950203942,1.5085069818272987,0.9543595076560043,-0.09266417900022159,-0.08100061880036022,0.5988286817572643,0.032987850759026355,0.4691364113251022,1
-0.6500455319047562,-0.13950186397580386,-0.6930941868032129,-0.6905259922792221,-0.6811894344304374,-0.1201957649037529,-0.7963298755287316,0.9016461416629898,-0.5994455784989662,-0.34612314187149007,-0.9294942796354155,-0.8016022368478926,-0.028286504805843167,-0.5945951485847569,0.12150092820054016,0.5988286817572643,-0.12883934164375277,0.20208558057627576,1
0.08187148705693198,0.6719183739147813,0.3246508951245543,-0.2772209504480344,0.2528079443535509,0.285660064641387,-0.34314345869492835,0.25548297509083634,-0.21270649559640753,0.6890611014558184,-0.2989998556719194,-0.4222460661340744,0.862236443987706,0.2837840481881799,-0.486003712802161,-1.395846215484015,-0.9379753036576484,-0.19849066554696385,3
0.6918023361916721,-0.30178591155392087,0.45186903036552517,0.7855634428321626,0.1360582720055524,-0.1201957649037529,0.5330169471837579,-0.7783780914246093,0.5607716702087098,-0.2771108589830028,0.6782665014714996,0.4723550528626908,-0.273948007921305,-0.5945951485847569,-0.08100061880036022,0.04475232141246454,0.3566422355645846,0.4691364113251022,2
-0.40607319225086014,0.3473502787585472,0.1974327598835834,-0.6905259922792221,-0.44769008973444036,0.08273214986881705,-0.49420559763952937,0.38471560840526703,-0.5994455784989662,0.48202425279035677,-0.42509874046461865,-0.524162649310921,0.27879037408848417,0.032818563395912256,-0.486003712802161,-1.174215671346095,-0.452493726449311,0.20208558057627576,3
0.08187148705693198,0.3473502787585472,0.1974327598835834,4.859570283739584,8.892283698105445,8.199848740771616,-0.40356831427276874,0.25548297509083634,-0.5994455784989662,0.48202425279035677,4.1459858332707284,-0.47320435772249775,0.37091343775678237,7.81274859195621,1.1340086632050421,-0.3985087668633753,-0.12883934164375277,0.06856016520186257,3
0.8137885060186202,1.9701907545397173,1.5968322475342633,1.1398249072588948,0.1360582720055524,0.488587979413957,1.7717264865294868,-1.424541257996763,1.7209889189163858,2.2073313250025377,1.434859810227695,1.8029326665604113,0.9236518197665715,-0.09266417900022159,-0.08100061880036022,0.7096439538262242,-0.452493726449311,0.335610995950689,1
-0.8940178715586523,-0.4640699591320379,-1.0747485925261255,-1.6352232307505083,-1.3816874685184286,-0.1201957649037529,-0.49420559763952937,0.5139482417196978,-0.5994455784989662,-0.48414770764846454,-0.6142470676536675,-0.5977690704941993,-0.12040956847414136,1.5386114721495183,-0.486003712802161,0.3771981376193444,-1.5852840732687647,-1.667270234665509,0
-0.2840870224239121,-1.113206149444506,-0.7567032544236983,-0.2476991617458067,0.486307289049548,3.3295787862299364,-0.856754731106572,0.7724135083485592,-0.9861846614015248,-0.622172273425439,-0.8349201160408911,-0.8016022368478926,-1.3794247719408834,-0.7200778909808908,-0.486003712802161,-0.17687822272545536,0.5184694279673637,0.8697126574483418,3
-0.04011468277001606,-0.13950186397580386,0.5154780979860106,-0.07056842953244054,0.36955761670154946,0.285660064641387,-0.4639931698506092,0.38471560840526703,-0.5994455784989662,0.551036535678844,-0.5827223464554927,-0.50717655211478,-0.9802248293782578,-0.8455606333770247,0.5265040222023409,0.48801340968830437,0.8421238127729219,1.003238072822755,3
-0.8940178715586523,0.3473502787585472,-0.4386579163212711,-0.10009021823466822,0.7198066337455451,-0.5260515944488928,-0.433780742061689,0.25548297509083634,-0.5994455784989662,-0.13908629320602836,-0.39357401926644386,-0.4618802929250703,0.46303650142508057,0.1583013057920461,0.12150092820054016,-1.063400399277135,-0.12883934164375277,-0.19849066554696385,0
-0.40607319225086014,0.6719183739147813,0.07021462464261248,0.549389133214341,0.1360582720055524,-0.3231236796763229,0.23089266929455576,-0.5199128247957479,0.17403258730615112,0.4130119699018695,0.5206428954806256,0.16660530333215082,1.445682513886928,-0.34362966379248927,-1.0935083538048622,-1.174215671346095,0.032987850759026355,-0.06496525017255063,2
0.44782999653777605,-1.275490197022623,-0.3750488487007857,0.017996936574242547,-0.21419074503844324,-0.1201957649037529,-0.22229374753924747,-0.002982291538025084,-0.21270649559640753,-1.1742705365333368,0.016247356309828664,-0.2637091589700907,-1.195178644604287,-0.09266417900022159,-1.2960099008057626,-1.395846215484015,-0.12883934164375277,-0.4655414962957902,1
1.7896778646342044,1.9701907545397173,1.5332231799137779,0.2541712461920641,-1.2649377961704302,-0.7289795092214628,2.647886892408173,-1.9414717912544857,2.881206167624062,1.5172084961176653,3.04262059133461,2.991959470290289,2.6432823415748046,1.789576956941786,0.9315071162041417,-1.174215671346095,-1.0998024960604276,-1.9343210654143355,0
-0.5280593620778081,-0.626354006710155,-0.4386579163212711,-0.1886555843413513,0.486307289049548,-0.7289795092214628,-0.4639931698506092,0.25548297509083634,-0.5994455784989662,-0.8292091220909007,-0.42509874046461865,-0.4845284225199252,-0.6424402625944978,-0.09266417900022159,-0.8910068068039617,-1.395846215484015,-0.12883934164375277,-0.06496525017255063,0
0.5698161663647241,-1.113206149444506,-0.7567032544236983,0.5198673445121134,0.7198066337455451,-0.5260515944488928,-0.13165646417248683,-0.2614475581668865,-0.21270649559640753,-0.8292091220909007,0.016247356309828664,-0.1391444461983892,-1.4101324598303162,-0.21814692139635544,-0.6885052598030614,0.48801340968830437,1.8130869671895966,1.003238072822755,0
-0.7720317017317042,-0.4640699591320379,-1.138357660146611,-0.5429170487680837,0.2528079443535509,0.285660064641387,-1.0682417256290135,1.1601114082918513,-0.9861846614015248,-0.48414770764846454,-0.9925437220317652,-0.9771252412080174,-0.48890182314733416,-0.7200778909808908,0.12150092820054016,-1.395846215484015,0.6802966203701428,0.7361872420739286,3
1.6676916948072564,1.3210545642272493,1.6604413151547488,1.316955639472261,0.2528079443535509,0.6915158941865269,1.1372655029621621,-1.1660759913679015,0.9475107531112684,1.0341225158982545,0.8674148286605485,1.0725304871263435,0.8315287560982734,-0.9710433757731585,2.9565225862131457,1.0420897700331042,0.8421238127729219,1.2702889035715814,2
-1.0160040413856002,-1.275490197022623,-0.12061257821884387,-0.30674273915026207,-0.3309404173864418,-0.1201957649037529,-0.4639931698506092,0.38471560840526703,-0.5994455784989662,-1.519331950975773,-0.2989998556719194,-0.50717655211478,-1.195178644604287,-0.4691124061886231,-0.08100061880036022,0.9312744979641442,0.3566422355645846,0.20208558057627576,1
0.9357746758455682,1.1587705166491322,1.4696141122932924,-0.1886555843413513,-1.031438451474433,0.285660064641387,1.3185400696956835,-1.2953086246823322,1.334249836013827,1.0341225158982545,1.1826620406422965,1.310335847872319,0.8929441318771388,0.1583013057920461,1.1340086632050421,-0.17687822272545536,-0.452493726449311,-0.19849066554696385,1
0.325843826710828,-0.9509221018663889,-0.31143978108030024,-0.2476991617458067,0.019308599657553847,-0.1201957649037529,-0.856754731106572,0.7724135083485592,-0.9861846614015248,0.13696283834792058,-0.866444837239066,-0.81292630164532,-1.5636708992774797,-1.34749160296156,1.7415133042077433,-1.063400399277135,1.9749141595923758,1.670865149694821,3
1.1797470154994643,0.5096343263366642,1.2151778418113506,1.0512595411522119,0.019308599657553847,0.6915158941865269,0.955990936228641,-1.0368433580534706,0.9475107531112684,0.6890611014558184,0.8358901074623737,0.8913454503675049,-0.3353633837001705,-0.8455606333770247,0.32400247520144054,1.0420897700331042,0.5184694279673637,0.8697126574483418,1
-0.6500455319047562,-0.7886380542882719,-0.5658760515622421,0.13608409138315333,0.7198066337455451,-0.3231236796763229,-0.5546304532173698,0.38471560840526703,-0.5994455784989662,-0.7601968392024134,-0.45662346166279344,-0.5468107789057759,-0.734563326262796,-0.4691124061886231,-0.8910068068039617,0.8204592258951843,1.1657781975784802,0.6026618266995154,0
-1.6259348905203403,-1.113206149444506,-1.138357660146611,-1.1333528228126375,-0.3309404173864418,-0.1201957649037529,-1.0380292978400933,1.289344041606282,-0.9861846614015248,-1.519331950975773,-1.1501673280226392,-1.0110974356002995,-1.2258863324937197,0.4092667905843138,-1.0935083538048622,1.1529050421020641,-1.5852840732687647,-0.999643157793443,1
-0.2840870224239121,-1.113206149444506,-0.4386579163212711,-0.9562220905992713,-1.031438451474433,-0.5260515944488928,-0.7359050199508911,0.7724135083485592,-0.5994455784989662,-1.1742705365333368,-0.7403459524463667,-0.7506439452594692,-0.7959787020416614,-0.4691124061886231,-1.0935083538048622,-0.6201393110012952,-0.452493726449311,-0.5990669116702034,2
-0.8940178715586523,0.022782183602313148,-0.6930941868032129,-0.39530810525694515,0.486307289049548,-0.3231236796763229,-0.6754801643730507,0.5139482417196978,-0.5994455784989662,-0.2771108589830028,-0.6772965100500171,-0.6543893944813363,0.0331288709730223,-0.09266417900022159,-0.2835021658012606,-0.7309545830702552,0.032987850759026355,0.06856016520186257,0
-0.8940178715586523,-1.113206149444506,0.26104182750406885,0.1951276687876087,-0.21419074503844324,0.08273214986881705,0.04961810256103447,-0.2614475581668865,0.17403258730615112,-0.9672336878678752,0.07929679870617828,-0.02590379822411513,-1.1337632688254216,-0.5945951485847569,-1.0935083538048622,1.706981402446864,0.3566422355645846,0.4691364113251022,2
-0.5280593620778081,0.022782183602313148,-0.31143978108030024,0.5789109219165687,0.2528079443535509,0.08273214986881705,-0.22229374753924747,-0.002982291538025084,-0.21270649559640753,0.20597512123640782,0.047772077508003476,-0.2693711913688044,-0.028286504805843167,-0.8455606333770247,-0.486003712802161,-1.174215671346095,0.8421238127729219,0.7361872420739286,2
-1.8699072301742365,-1.43777424460074,-1.965275539212922,-1.5466578646438252,-0.6811894344304374,-0.9319074239940327,-1.4610032868849763,2.0647398414928664,-1.3729237443040836,-1.6573565167527475,-1.6860875883916109,-1.2941990555359848,-1.2258863324937197,1.4131287297533845,-1.0935083538048622,-0.06606295065649542,-1.908938458074323,-1.5337448192910959,1
-1.6259348905203403,-0.30178591155392087,-0.6930941868032129,-1.0447874567059545,-0.21419074503844324,-0.3231236796763229,-0.5546304532173698,0.5139482417196978,-0.5994455784989662,-0.13908629320602836,-0.5827223464554927,-0.6090931352916267,0.0331288709730223,1.036680502564983,-0.08100061880036022,0.26638286555038443,-1.4234568808659858,-1.5337448192910959,0
-0.6500455319047562,-1.43777424460074,-0.24783071345981478,-0.2476991617458067,0.019308599657553847,-0.5260515944488928,-0.856754731106572,0.9016461416629898,-0.9861846614015248,-1.7263687996412347,-0.866444837239066,-0.8525605284363159,-1.4101324598303162,-0.8455606333770247,-0.486003712802161,2.4826883069295835,0.8421238127729219,0.8697126574483418,1
-1.0160040413856002,0.022782183602313148,0.006605557022127029,-1.0447874567059545,-0.6811894344304374,0.488587979413957,-0.2827186031170879,0.25548297509083634,-0.21270649559640753,0.551036535678844,-0.5827223464554927,-0.4279080985327881,-0.0589941926952759,0.4092667905843138,0.7290055692032413,0.9312744979641442,-0.9379753036576484,-0.332016080921377,3
0.9357746758455682,1.3210545642272493,1.6604413151547488,0.46082376710765793,-0.9146887791264345,0.6915158941865269,1.4393897808513643,-1.2953086246823322,1.334249836013827,1.6552330618946398,0.9935137134532477,1.4009283662517382,0.37091343775678237,-0.5945951485847569,-0.486003712802161,1.263720314171024,0.19481504316180548,0.7361872420739286,1
-0.5280593620778081,-0.13950186397580386,-0.7567032544236983,-0.30674273915026207,0.2528079443535509,-0.5260515944488928,-0.8265423033176518,0.7724135083485592,-0.9861846614015248,-0.34612314187149007,-0.7718706736445415,-0.7846161396517515,-0.0589941926952759,-0.8455606333770247,0.5265040222023409,-0.17687822272545536,0.6802966203701428,0.4691364113251022,0
0.325843826710828,-1.43777424460074,-0.5022669839417566,0.4313019784054303,0.9533059784415422,-0.5260515944488928,-0.58484288100629,0.25548297509083634,-0.5994455784989662,-1.4503196680872859,-0.33052457687009423,-0.5468107789057759,-1.4715478356091816,-0.4691124061886231,-1.2960099008057626,0.48801340968830437,1.9749141595923758,1.2702889035715814,0
-0.7720317017317042,-0.30178591155392087,-0.7567032544236983,0.017996936574242547,1.1868053231375393,-0.3231236796763229,-0.49420559763952937,0.38471560840526703,-0.5994455784989662,-0.2080985760945156,-0.362049298068269,-0.5468107789057759,-0.12040956847414136,0.4092667905843138,-0.08100061880036022,-0.06606295065649542,-0.7761481112548693,-1.1331685731678562,0
-0.04011468277001606,-1.762342339756974,-0.6294851191827274,-0.7200477809814498,-0.6811894344304374,-0.5260515944488928,-1.0682417256290135,1.1601114082918513,-0.9861846614015248,-1.7263687996412347,-0.9610190008335904,-0.9884493060054448,-1.5329632113880471,-1.2220088605654262,-0.2835021658012606,0.8204592258951843,1.8130869671895966,1.4038143189459946,2
0.325843826710828,-0.9509221018663889,-1.5200120658695238,-1.5171360759415975,-1.2649377961704302,-0.5260515944488928,-1.0682417256290135,1.4185766749207127,-0.9861846614015248,-0.622172273425439,-1.0871178856262895,-1.0337455651951544,-0.7652710141522288,1.6640942145456523,-0.08100061880036022,-1.395846215484015,-1.2616296884632066,-1.8007956500399223,3
0.5698161663647241,0.5096343263366642,1.2151778418113506,0.7855634428321626,-0.09744107269044469,0.488587979413957,1.1674779307510825,-1.2953086246823322,0.9475107531112684,0.27498740412489503,1.2141867618404714,1.2027572322967586,0.5551595650933787,-0.21814692139635544,-0.2835021658012606,-0.6201393110012952,0.032987850759026355,0.06856016520186257,1
-0.40607319225086014,-1.762342339756974,-1.01113952490564,-0.30674273915026207,-0.3309404173864418,-0.3231236796763229,-0.856754731106572,0.7724135083485592,-0.9861846614015248,-1.6573565167527475,-0.7403459524463667,-0.7902781720504651,-1.778624714503509,-1.472974345357694,-1.0935083538048622,-1.063400399277135,1.9749141595923758,1.5373397343204078,2
-1.0160040413856002,0.022782183602313148,-0.7567032544236983,-1.4285707098349145,-0.9146887791264345,-0.3231236796763229,-0.58484288100629,0.5139482417196978,-0.5994455784989662,-0.2080985760945156,-0.6142470676536675,-0.6317412648864814,0.34020574986734964,1.036680502564983,0.32400247520144054,-0.9525851272081751,-1.2616296884632066,-1.5337448192910959,0
-0.2840870224239121,-0.626354006710155,0.706305300847467,0.8446070202366179,0.36955761670154946,0.08273214986881705,0.4423796638169973,-0.6491454581101787,0.17403258730615112,-0.7601968392024134,0.42606873188610117,0.37610050208455786,-0.6731479504839305,-0.8455606333770247,0.9315071162041417,1.263720314171024,0.6802966203701428,0.6026618266995154,1
-0.5280593620778081,-1.43777424460074,-0.8203123220441838,-0.7790913583859052,-0.5644397620824388,-0.3231236796763229,-1.0078168700511732,1.1601114082918513,-0.9861846614015248,-1.519331950975773,-1.0871178856262895,-0.9714632088093037,-1.4408401477197488,-0.8455606333770247,-0.6885052598030614,2.5935035789985434,0.6802966203701428,1.003238072822755,1
1.5457055249803082,1.3210545642272493,1.0243506389498942,1.0217377524499842,0.1360582720055524,0.488587979413957,1.5602394920070453,-1.424541257996763,1.7209889189163858,1.3101716474522036,1.2457114830386462,1.5424791762195809,1.2000210107714662,-0.21814692139635544,0.7290055692032413,1.263720314171024,-0.12883934164375277,0.20208558057627576,1
-0.8940178715586523,-1.113206149444506,0.45186903036552517,0.2246494574898364,-0.3309404173864418,0.08273214986881705,0.019405674772114256,-0.2614475581668865,-0.21270649559640753,-1.1052582536448496,0.047772077508003476,-0.054213960217683654,-0.8266863899310942,-0.7200778909808908,0.12150092820054016,2.2610577627916637,0.6802966203701428,0.8697126574483418,1
2.2776225439419964,0.8342024214928982,1.406005044672807,0.8446070202366179,-0.44769008973444036,0.488587979413957,1.1976903585400027,-1.1660759913679015,1.334249836013827,0.7580733843443057,1.0880878770477722,1.1404748759109078,0.34020574986734964,-0.7200778909808908,1.7415133042077433,1.0420897700331042,0.3566422355645846,0.8697126574483418,2
-1.1379902112125484,-1.275490197022623,-0.7567032544236983,-0.6905259922792221,0.019308599657553847,0.08273214986881705,-0.9776044422622528,0.9016461416629898,-0.9861846614015248,-0.9672336878678752,-0.9294942796354155,-0.8921947552273118,-1.072347893046556,-0.5945951485847569,0.9315071162041417,-0.3985087668633753,0.8421238127729219,0.8697126574483418,3
1.3017331853264122,1.3210545642272493,1.6604413151547488,1.1103031185566672,-0.09744107269044469,0.488587979413957,1.4696022086402847,-1.2953086246823322,1.334249836013827,1.3791839303406908,1.1826620406422965,1.4518866578401617,1.0464825713243024,-0.7200778909808908,-1.2960099008057626,-0.3985087668633753,-0.12883934164375277,0.7361872420739286,2
0.6918023361916721,0.3473502787585472,0.5790871656064961,1.700738892601221,1.4203046678335365,-0.7289795092214628,1.0164157918064813,-1.1660759913679015,0.9475107531112684,-0.001061727429053891,1.434859810227695,1.0838545519237708,0.34020574986734964,0.7857150177727154,-0.486003712802161,-0.17687822272545536,0.5184694279673637,-0.5990669116702034,0
-1.1379902112125484,-1.113206149444506,0.07021462464261248,-0.8086131470881329,-0.9146887791264345,-0.3231236796763229,-0.58484288100629,0.5139482417196978,-0.5994455784989662,-1.1052582536448496,-0.362049298068269,-0.6260792324877678,-0.7959787020416614,0.1583013057920461,-0.08100061880036022,1.8177966745158238,-0.6143209188520901,-0.5990669116702034,2
-1.0160040413856002,-0.4640699591320379,-0.7567032544236983,-1.1333528228126375,-0.6811894344304374,-0.3231236796763229,-0.5546304532173698,0.5139482417196978,-0.5994455784989662,-0.2080985760945156,-0.362049298068269,-0.6204172000890541,-0.08970188058470863,1.1621632449611168,0.7290055692032413,0.1555675934814245,-1.2616296884632066,-1.4002194039166826,0
1.3017331853264122,0.9964864690710152,1.4696141122932924,-0.011524852127985145,-0.9146887791264345,0.285660064641387,1.1976903585400027,-1.1660759913679015,1.334249836013827,0.9651102330097674,0.9935137134532477,1.1517989407083353,1.4149748259974952,-0.09266417900022159,0.5265040222023409,0.8204592258951843,-0.29066653404653187,0.20208558057627576,2
-1.0160040413856002,-1.275490197022623,-0.8839213896646693,-0.6905259922792221,-0.21419074503844324,-0.5260515944488928,-1.1588790089957741,1.289344041606282,-0.9861846614015248,-1.2432828194218242,-1.213216770418989,-1.045069629992582,-1.655793962945778,-0.9710433757731585,-0.6885052598030614,0.1555675934814245,1.003951005175701,1.003238072822755,3
-0.04011468277001606,-0.4640699591320379,-1.138357660146611,-1.3400053437282313,-1.2649377961704302,-0.3231236796763229,-1.0078168700511732,1.289344041606282,-0.9861846614015248,-0.2771108589830028,-0.7718706736445415,-0.9941113384041586,-0.611732574705065,0.6602322753765815,1.9440148512086437,-0.06606295065649542,-0.6143209188520901,-1.4002194039166826,3
-1.1379902112125484,-0.7886380542882719,-0.6930941868032129,-1.1038310341104098,-0.7979391067784359,-0.3231236796763229,-0.5546304532173698,0.5139482417196978,-0.5994455784989662,-0.9672336878678752,-0.6772965100500171,-0.6090931352916267,-0.30465569581073776,0.9111977601688491,1.1340086632050421,-1.2850309434150549,-1.4234568808659858,-1.2666939885422694,1
-0.2840870224239121,0.6719183739147813,0.26104182750406885,0.7855634428321626,0.1360582720055524,-0.1201957649037529,0.26110509708347596,-0.5199128247957479,0.17403258730615112,0.551036535678844,0.45759345308427596,0.20057749772443303,0.8008210682088406,-0.7200778909808908,0.12150092820054016,-0.8417698551392151,0.5184694279673637,0.335610995950689,1
0.5698161663647241,0.3473502787585472,1.7240503827752343,0.9922159637477564,-0.3309404173864418,0.488587979413957,0.9257785084397208,-0.90761072473904,0.9475107531112684,0.4130119699018695,0.5836923378769752,0.8403871587790815,-0.30465569581073776,-1.472974345357694,-1.0935083538048622,2.2610577627916637,0.8421238127729219,1.670865149694821,2
0.9357746758455682,0.9964864690710152,1.0243506389498942,0.7560416541299348,-0.21419074503844324,0.285660064641387,0.8049287972840399,-0.90761072473904,0.5607716702087098,0.8960979501212801,0.961988992255073,0.7611187051970897,1.35355945021863,-0.7200778909808908,-1.2960099008057626,-0.2876934947944153,0.5184694279673637,0.7361872420739286,2
-0.40607319225086014,0.3473502787585472,-0.5658760515622421,-0.9562220905992713,-0.44769008973444036,0.488587979413957,-0.22229374753924747,0.12625034177640562,-0.21270649559640753,0.3439996870133823,-0.519672904059143,-0.34863964495079625,0.3094980619779169,0.5347495329804477,0.9315071162041417,-0.5093240389323352,-0.9379753036576484,-0.5990669116702034,3
-0.2840870224239121,-1.43777424460074,-1.3927939306285528,-1.2514399776215483,-0.6811894344304374,-0.5260515944488928,-1.4912157146738965,1.9355072081784355,-1.3729237443040836,-1.2432828194218242,-1.5599887035989117,-1.2828749907385575,-1.7479170266140762,-0.7200778909808908,-0.08100061880036022,0.1555675934814245,0.5184694279673637,0.335610995950689,3
0.6918023361916721,0.8342024214928982,0.3882599627450397,1.0512595411522119,0.2528079443535509,0.285660064641387,0.5028045193948377,-0.7783780914246093,0.5607716702087098,0.7580733843443057,0.6467417802733249,0.449706923267836,0.5551595650933787,-0.8455606333770247,1.1340086632050421,-0.17687822272545536,0.8421238127729219,0.7361872420739286,1
1.0577608456725163,1.3210545642272493,1.2151778418113506,2.0550003570279536,1.1868053231375393,-0.9319074239940327,2.104063192207609,-1.6830065246256243,2.1077280018189444,1.0341225158982545,2.4751756097674638,2.3011915176472173,2.0598362716755827,1.5386114721495183,0.12150092820054016,1.0420897700331042,-0.7761481112548693,-1.5337448192910959,0
-0.5280593620778081,0.18506623118043017,-0.5022669839417566,-0.985743879301499,-0.3309404173864418,0.08273214986881705,-0.34314345869492835,0.38471560840526703,-0.21270649559640753,0.6890611014558184,-0.5827223464554927,-0.4618802929250703,0.06383655886245503,0.7857150177727154,1.1340086632050421,-1.063400399277135,-0.7761481112548693,-0.5990669116702034,3
0.9357746758455682,1.1587705166491322,1.2151778418113506,0.8446070202366179,0.019308599657553847,0.08273214986881705,0.5934418027615983,-0.7783780914246093,0.5607716702087098,0.9651102330097674,0.61521705907515,0.506327247254973,0.862236443987706,-0.7200778909808908,1.539011757206843,0.26638286555038443,0.6802966203701428,0.8697126574483418,2
0.20385765688388,1.9701907545397173,1.406005044672807,1.7597824700056766,1.4203046678335365,0.285660064641387,1.3185400696956835,-1.2953086246823322,1.334249836013827,1.8622699105601015,1.1196125982459468,1.3159978802710328,1.4763902017763606,0.1583013057920461,-1.2960099008057626,-0.9525851272081751,-0.452493726449311,-0.332016080921377,1
0.9357746758455682,1.3210545642272493,0.5790871656064961,0.7560416541299348,0.36955761670154946,-0.5260515944488928,1.0768406473843217,-1.1660759913679015,0.9475107531112684,0.8960979501212801,1.3402856466331705,1.1234887787147667,1.2000210107714662,0.6602322753765815,-0.2835021658012606,0.1555675934814245,0.5184694279673637,-0.4655414962957902,0
-0.2840870224239121,-0.9509221018663889,0.006605557022127029,-0.12961200693689592,0.7198066337455451,0.285660064641387,-0.7661174477398114,0.6431808750341285,-0.5994455784989662,-0.7601968392024134,-0.7718706736445415,-0.7336578480633281,-0.5196095110367669,-0.5945951485847569,1.3365102102059425,-0.3985087668633753,0.3566422355645846,0.7361872420739286,3
-0.2840870224239121,0.18506623118043017,-0.4386579163212711,0.49034555580988565,1.5370543401815349,-0.3231236796763229,-0.433780742061689,0.12625034177640562,-0.5994455784989662,-0.07007401031754112,-0.33052457687009423,-0.4279080985327881,0.524451877203946,-0.09266417900022159,0.32400247520144054,-0.5093240389323352,0.5184694279673637,0.4691364113251022,0
0.08187148705693198,-1.275490197022623,-0.5022669839417566,0.017996936574242547,-0.3309404173864418,-0.3231236796763229,-0.19208131975032725,-0.002982291538025084,-0.21270649559640753,-1.0362459707563625,-0.33052457687009423,-0.2467230617739496,-1.3794247719408834,-1.2220088605654262,-0.08100061880036022,-0.7309545830702552,1.4894325823840384,1.1367634881971682,1
-0.16210085259696408,-1.113206149444506,-0.5022669839417566,0.28369303489429176,0.019308599657553847,0.08273214986881705,-0.22229374753924747,-0.002982291538025084,-0.21270649559640753,-0.898221404979388,-0.2359504132755698,-0.2806952561662318,-1.3180093961620178,-1.2220088605654262,0.12150092820054016,1.8177966745158238,1.3276053899812592,1.4038143189459946,1
0.20385765688388,-0.30178591155392087,-0.6930941868032129,-0.2772209504480344,0.2528079443535509,-0.5260515944488928,-0.7056925921619709,0.5139482417196978,-0.5994455784989662,-0.48414770764846454,-0.6142470676536675,-0.6543893944813363,-0.12040956847414136,-0.7200778909808908,0.32400247520144054,-0.9525851272081751,1.003951005175701,0.6026618266995154,0
1.5457055249803082,1.1587705166491322,1.2151778418113506,1.316955639472261,0.2528079443535509,0.488587979413957,0.9862033640175611,-1.0368433580534706,0.9475107531112684,0.6890611014558184,0.8043653862641988,0.9592898391520693,0.8929441318771388,-0.9710433757731585,-0.8910068068039617,-0.9525851272081751,0.5184694279673637,1.1367634881971682,2
-1.5039487206933924,-0.30178591155392087,-0.8839213896646693,-0.8676567244925882,0.019308599657553847,-0.3231236796763229,-0.58484288100629,0.6431808750341285,-0.5994455784989662,-0.2080985760945156,-0.519672904059143,-0.6487273620826226,-0.12040956847414136,1.2876459873572508,-1.0935083538048622,0.1555675934814245,-1.4234568808659858,-1.5337448192910959,0
-0.16210085259696408,-0.30178591155392087,-0.7567032544236983,-1.3104835550260037,-1.1481881238224316,-0.5260515944488928,-0.8869671588954922,1.0308787749774206,-0.9861846614015248,-0.2771108589830028,-0.7718706736445415,-0.8808706904298844,-0.08970188058470863,0.7857150177727154,-0.486003712802161,0.3771981376193444,-0.9379753036576484,-1.4002194039166826,3
-1.2599763810394964,0.022782183602313148,-0.5658760515622421,-0.218177373043579,0.7198066337455451,-0.1201957649037529,-0.7963298755287316,0.6431808750341285,-0.9861846614015248,-0.2771108589830028,-0.6142470676536675,-0.7506439452594692,0.1252519346413205,-0.21814692139635544,0.7290055692032413,-1.063400399277135,0.3566422355645846,0.4691364113251022,3
1.1797470154994643,1.9701907545397173,1.4696141122932924,1.5531299490900825,0.8365563060935437,0.488587979413957,1.4998146364292049,-1.424541257996763,1.334249836013827,1.724245344783127,1.1826620406422965,1.519831046624726,2.3054977747910446,0.032818563395912256,0.7290055692032413,-1.174215671346095,-0.29066653404653187,-0.06496525017255063,1
0.5698161663647241,-0.4640699591320379,0.5154780979860106,0.6969980767254795,-0.09744107269044469,0.08273214986881705,0.2913175248723962,-0.5199128247957479,0.17403258730615112,-0.2771108589830028,0.016247356309828664,0.24021172451542896,-1.1337632688254216,-1.472974345357694,-0.6885052598030614,-0.5093240389323352,1.6512597747868174,1.670865149694821,2
-0.40607319225086014,-0.626354006710155,-1.265575795387582,-0.6314824148747668,-0.21419074503844324,-0.5260515944488928,-1.2193038645736145,1.4185766749207127,-0.9861846614015248,-0.48414770764846454,-1.2447414916171637,-1.0847038567835778,-0.5503171989261996,-1.472974345357694,1.3365102102059425,-0.9525851272081751,1.9749141595923758,1.670865149694821,3
1.5457055249803082,1.1587705166491322,1.5968322475342633,1.2579120620678057,0.019308599657553847,-0.1201957649037529,0.955990936228641,-1.0368433580534706,0.9475107531112684,0.8960979501212801,0.9304642710568981,0.9309796771585008,0.7701133803194079,-0.7200778909808908,0.5265040222023409,0.48801340968830437,0.8421238127729219,0.7361872420739286,1
0.44782999653777605,0.3473502787585472,-0.05700351059835842,0.4313019784054303,0.2528079443535509,-0.1201957649037529,-0.010806753016805958,-0.2614475581668865,-0.21270649559640753,0.13696283834792058,0.1423462411025279,-0.06553802501511106,0.21737499830961868,-0.34362966379248927,0.9315071162041417,-1.174215671346095,0.5184694279673637,0.335610995950689,1
-1.0160040413856002,-0.7886380542882719,-1.01113952490564,-1.3990489211326866,-1.1481881238224316,-0.9319074239940327,-0.49420559763952937,0.38471560840526703,-0.5994455784989662,-1.0362459707563625,-0.5827223464554927,-0.5524728113044896,-0.3660710715896032,1.789576956941786,1.3365102102059425,-1.063400399277135,-1.4234568808659858,-1.667270234665509,1
0.8137885060186202,0.6719183739147813,-0.12061257821884387,1.1103031185566672,0.9533059784415422,-0.5260515944488928,0.4423796638169973,-0.7783780914246093,0.17403258730615112,0.551036535678844,0.5521676166788004,0.449706923267836,0.7086980045405424,0.032818563395912256,-0.6885052598030614,0.04475232141246454,1.4894325823840384,0.4691364113251022,0
-1.3819625508664444,-0.30178591155392087,-0.6930941868032129,-0.42482989395917287,0.7198066337455451,-0.3231236796763229,-0.5546304532173698,0.5139482417196978,-0.5994455784989662,-0.34612314187149007,-0.5511976252573179,-0.6090931352916267,-0.0589941926952759,0.6602322753765815,0.12150092820054016,-0.17687822272545536,-1.2616296884632066,-1.2666939885422694,0
-1.8699072301742365,-0.30178591155392087,-0.7567032544236983,-0.6314824148747668,0.36955761670154946,-0.1201957649037529,-0.6452677365841305,0.6431808750341285,-0.5994455784989662,-0.2080985760945156,-0.6142470676536675,-0.6713754916774773,-0.21253263214243956,0.5347495329804477,-1.0935083538048622,-0.06606295065649542,-1.2616296884632066,-1.2666939885422694,0
0.325843826710828,1.4833386118053662,1.406005044672807,0.1951276687876087,-0.44769008973444036,0.285660064641387,1.409177353062444,-1.2953086246823322,1.334249836013827,1.8622699105601015,1.0250384346514225,1.3839422690555971,1.445682513886928,0.2837840481881799,1.3365102102059425,1.1529050421020641,-0.452493726449311,-0.19849066554696385,1
1.4237193551533602,0.9964864690710152,1.6604413151547488,0.9626941750455288,0.019308599657553847,0.488587979413957,1.5602394920070453,-1.424541257996763,1.7209889189163858,1.0341225158982545,1.3718103678313454,1.5481412086182946,0.8315287560982734,-0.09266417900022159,1.1340086632050421,0.3771981376193444,0.032987850759026355,0.6026618266995154,2
-0.16210085259696408,-0.7886380542882719,-1.265575795387582,-0.7200477809814498,-0.3309404173864418,-0.1201957649037529,-1.2495162923625347,1.4185766749207127,-1.3729237443040836,-0.622172273425439,-1.2447414916171637,-1.1130140187771462,-0.7652710141522288,-1.34749160296156,1.3365102102059425,-1.2850309434150549,2.460395736800713,1.9379159804436474,3
-0.2840870224239121,-0.13950186397580386,-1.01113952490564,-0.5133952600658559,0.1360582720055524,-0.3231236796763229,-0.9473920144733327,0.9016461416629898,-0.9861846614015248,-0.13908629320602836,-0.708821231248192,-0.8921947552273118,-0.2432403200318723,-0.09266417900022159,-1.0935083538048622,-0.3985087668633753,-0.12883934164375277,-0.19849066554696385,3
1.3017331853264122,1.6456226593834833,1.7240503827752343,1.8188260474101319,0.6030569613975466,0.6915158941865269,1.4998146364292049,-1.424541257996763,1.334249836013827,1.7932576276716141,1.308760925434996,1.519831046624726,1.568513265444659,-0.7200778909808908,0.32400247520144054,1.0420897700331042,0.3566422355645846,0.8697126574483418,1
1.4237193551533602,0.8342024214928982,0.706305300847467,0.13608409138315333,-0.9146887791264345,-0.9319074239940327,1.6206643475848856,-1.424541257996763,1.7209889189163858,0.7580733843443057,2.065354234191191,1.6840299861874235,0.9543595076560043,1.2876459873572508,-0.486003712802161,-0.06606295065649542,-0.452493726449311,-1.5337448192910959,0
1.6676916948072564,1.8079067069616004,1.4696141122932924,0.9922159637477564,-0.09744107269044469,0.488587979413957,1.5904519197959655,-1.424541257996763,1.7209889189163858,2.1383190421140505,1.434859810227695,1.6274096622002865,1.1386056349926006,-0.09266417900022159,1.7415133042077433,-1.2850309434150549,0.032987850759026355,0.06856016520186257,1
-1.3819625508664444,-0.7886380542882719,-0.5658760515622421,-0.8086131470881329,-0.5644397620824388,-0.1201957649037529,-0.4639931698506092,0.38471560840526703,-0.5994455784989662,-1.0362459707563625,-0.4881481828609683,-0.5411487465070622,-0.6731479504839305,0.2837840481881799,0.9315071162041417,-0.3985087668633753,-1.2616296884632066,-1.1331685731678562,1
0.44782999653777605,1.6456226593834833,1.406005044672807,1.4940863716856272,1.0700556507895407,0.08273214986881705,1.2883276419067633,-1.1660759913679015,1.334249836013827,1.5862207790061524,1.0565631558495974,1.2480534914864683,1.4763902017763606,0.1583013057920461,-1.0935083538048622,1.263720314171024,-0.452493726449311,0.06856016520186257,2
0.9357746758455682,1.6456226593834833,1.2151778418113506,0.4313019784054303,-0.5644397620824388,0.8944438089590969,1.7113016309516462,-1.424541257996763,1.7209889189163858,2.000294476337076,1.1511373194441217,1.7180021805797057,0.8929441318771388,-0.21814692139635544,-0.2835021658012606,-0.2876934947944153,-0.452493726449311,0.335610995950689,1
-0.5280593620778081,0.18506623118043017,-0.24783071345981478,-0.5429170487680837,0.1360582720055524,0.488587979413957,-0.25250617532816766,0.25548297509083634,-0.21270649559640753,0.8270856672327929,-0.5827223464554927,-0.3995979365392196,0.0331288709730223,0.032818563395912256,-0.2835021658012606,-0.3985087668633753,-0.6143209188520901,-0.19849066554696385,3
0.08187148705693198,0.022782183602313148,0.45186903036552517,1.316955639472261,1.0700556507895407,-0.7289795092214628,0.5330169471837579,-0.7783780914246093,0.5607716702087098,-0.2080985760945156,0.4891181742824508,0.5402994416472553,0.21737499830961868,-0.21814692139635544,-0.486003712802161,0.04475232141246454,1.003951005175701,0.335610995950689,0
-0.8940178715586523,-0.4640699591320379,-1.138357660146611,-1.369527132430459,-0.9146887791264345,-0.5260515944488928,-0.6150553087952103,0.6431808750341285,-0.5994455784989662,-0.34612314187149007,-0.5827223464554927,-0.6713754916774773,-0.12040956847414136,1.789576956941786,-1.0935083538048622,-1.063400399277135,-1.5852840732687647,-1.8007956500399223,0
1.3017331853264122,1.6456226593834833,1.1515687741908651,0.9626941750455288,0.486307289049548,0.285660064641387,1.3789649252735239,-1.2953086246823322,1.334249836013827,1.724245344783127,1.1196125982459468,1.3726182042581698,1.4149748259974952,0.1583013057920461,-1.0935083538048622,-1.2850309434150549,-0.6143209188520901,-0.19849066554696385,2
1.3017331853264122,1.4833386118053662,0.5790871656064961,1.1988684846633504,0.6030569613975466,0.488587979413957,1.4998146364292049,-1.2953086246823322,1.334249836013827,1.5172084961176653,1.0880878770477722,1.4688727550363028,0.647282628761677,0.1583013057920461,-0.486003712802161,0.9312744979641442,-0.29066653404653187,0.06856016520186257,1
0.08187148705693198,0.18506623118043017,-0.18422164583932932,0.37225840100097485,0.019308599657553847,-0.1201957649037529,-0.041019180805726176,-0.13221492485245578,-0.21270649559640753,-0.001061727429053891,0.047772077508003476,-0.1108342842048207,0.5551595650933787,-0.7200778909808908,1.1340086632050421,0.26638286555038443,0.3566422355645846,0.335610995950689,1
-0.8940178715586523,-1.113206149444506,-0.3750488487007857,-0.7495695696836775,-0.3309404173864418,-0.1201957649037529,-0.7963298755287316,0.7724135083485592,-0.9861846614015248,-1.1742705365333368,-0.6772965100500171,-0.773292074854324,-1.1337632688254216,-0.21814692139635544,-0.2835021658012606,-0.2876934947944153,0.032987850759026355,0.06856016520186257,3
-0.40607319225086014,0.5096343263366642,-0.24783071345981478,-0.7495695696836775,-0.21419074503844324,0.488587979413957,-0.22229374753924747,0.25548297509083634,-0.21270649559640753,0.7580733843443057,-0.519672904059143,-0.35996370974822367,0.34020574986734964,0.2837840481881799,-0.8910068068039617,-1.174215671346095,-0.7761481112548693,-0.332016080921377,3
-1.2599763810394964,0.18506623118043017,-0.6930941868032129,-0.3657863165547175,0.9533059784415422,-0.5260515944488928,-0.5244180254284496,0.38471560840526703,-0.5994455784989662,-0.07007401031754112,-0.45662346166279344,-0.563796876101917,0.7086980045405424,0.9111977601688491,-0.6885052598030614,-0.17687822272545536,-1.2616296884632066,-1.2666939885422694,0
1.3017331853264122,1.9701907545397173,1.3423959770523215,1.5826517377923104,1.1868053231375393,0.6915158941865269,1.5904519197959655,-1.424541257996763,1.7209889189163858,2.000294476337076,1.0880878770477722,1.5877754354092906,1.322851762329197,-0.09266417900022159,0.9315071162041417,-0.06606295065649542,-0.452493726449311,-0.06496525017255063,1
-0.04011468277001606,0.022782183602313148,-0.05700351059835842,0.2541712461920641,0.2528079443535509,-0.3231236796763229,-0.25250617532816766,-0.002982291538025084,-0.21270649559640753,-0.07007401031754112,-0.2674751344737446,-0.3090054181598003,0.4016211256462151,-0.34362966379248927,0.9315071162041417,-0.17687822272545536,0.5184694279673637,0.4691364113251022,2
-1.3819625508664444,-0.9509221018663889,0.26104182750406885,-0.8381349357903606,-0.9146887791264345,-0.3231236796763229,-0.4639931698506092,0.5139482417196978,-0.5994455784989662,-0.9672336878678752,-0.45662346166279344,-0.563796876101917,-1.1030555809359888,-0.21814692139635544,0.9315071162041417,0.5988286817572643,-0.9379753036576484,-0.8661177424190298,1
1.0577608456725163,0.9964864690710152,1.6604413151547488,0.7265198654277072,-0.5644397620824388,0.285660064641387,1.3185400696956835,-1.2953086246823322,1.334249836013827,0.9651102330097674,0.961988992255073,1.2763636534800369,0.27879037408848417,-0.8455606333770247,0.12150092820054016,0.9312744979641442,0.3566422355645846,0.7361872420739286,1
1.7896778646342044,1.4833386118053662,1.7240503827752343,0.6084327106187964,-0.5644397620824388,0.488587979413957,1.5602394920070453,-1.2953086246823322,1.7209889189163858,1.7932576276716141,1.277236204236821,1.536817143820867,1.2000210107714662,-0.34362966379248927,1.1340086632050421,1.1529050421020641,0.032987850759026355,0.7361872420739286,2
0.44782999653777605,0.022782183602313148,-0.3750488487007857,0.1951276687876087,-0.21419074503844324,0.08273214986881705,-0.34314345869492835,0.12625034177640562,-0.21270649559640753,0.06795055545943335,-0.2674751344737446,-0.38261183934307846,-0.18182494425300683,-1.2220088605654262,1.9440148512086437,-0.06606295065649542,1.4894325823840384,1.4038143189459946,2
-1.0160040413856002,-0.30178591155392087,-1.01113952490564,-1.1333528228126375,-0.5644397620824388,-0.5260515944488928,-0.5244180254284496,0.5139482417196978,-0.5994455784989662,-0.34612314187149007,-0.4881481828609683,-0.5921070380954855,-0.21253263214243956,1.6640942145456523,-0.486003712802161,-0.3985087668633753,-1.4234568808659858,-1.667270234665509,0
1.0577608456725163,1.4833386118053662,1.0243506389498942,0.2541712461920641,-0.6811894344304374,0.285660064641387,1.530027064218125,-1.2953086246823322,1.7209889189163858,1.5862207790061524,0.961988992255073,1.519831046624726,1.4763902017763606,-0.09266417900022159,-0.2835021658012606,0.48801340968830437,-0.452493726449311,0.06856016520186257,1
1.5457055249803082,1.4833386118053662,1.4696141122932924,-0.12961200693689592,-1.6151868132144258,-0.7289795092214628,2.375975042307891,-1.812239157940055,2.494467084721503,1.172147081675229,2.5382250521638134,2.5673070403867615,2.0905439595650153,1.4131287297533845,1.1340086632050421,-1.2850309434150549,-1.2616296884632066,-1.8007956500399223,0
0.08187148705693198,0.022782183602313148,-0.6294851191827274,0.3132148235965195,0.8365563060935437,-0.5260515944488928,-0.37335588648384854,-0.002982291538025084,-0.5994455784989662,-0.2771108589830028,-0.2359504132755698,-0.3656257421469374,0.4937441893145133,-0.4691124061886231,-0.2835021658012606,-0.8417698551392151,0.6802966203701428,0.335610995950689,0
1.5457055249803082,1.6456226593834833,1.0243506389498942,1.6416953151967657,0.7198066337455451,0.488587979413957,1.409177353062444,-1.2953086246823322,1.334249836013827,1.5172084961176653,1.0565631558495974,1.366956171859456,1.2000210107714662,-0.5945951485847569,-0.8910068068039617,1.8177966745158238,0.032987850759026355,0.7361872420739286,1
0.08187148705693198,-0.30178591155392087,0.006605557022127029,-0.9562220905992713,-0.9146887791264345,0.285660064641387,-0.40356831427276874,0.25548297509083634,-0.5994455784989662,0.06795055545943335,-0.39357401926644386,-0.44489419572892924,-0.4274864473684687,0.1583013057920461,-1.0935083538048622,-0.7309545830702552,-0.452493726449311,0.20208558057627576,3
-0.6500455319047562,-1.43777424460074,-1.838057403971951,-1.6352232307505083,-0.5644397620824388,-1.1348353387666028,-1.5214281424628167,2.0647398414928664,-1.3729237443040836,-1.3813073851987985,-1.6230381459952614,-1.3225092175295534,-1.195178644604287,1.9150596993379199,0.12150092820054016,0.1555675934814245,-1.4234568808659858,-1.667270234665509,3
1.0577608456725163,1.4833386118053662,1.0243506389498942,-0.04104664083021284,-1.031438451474433,0.285660064641387,1.4696022086402847,-1.2953086246823322,1.334249836013827,1.7932576276716141,1.2457114830386462,1.4405625930427342,1.4763902017763606,-0.09266417900022159,-1.2960099008057626,2.039427218653744,-0.29066653404653187,0.335610995950689,1
0.9357746758455682,1.8079067069616004,1.1515687741908651,1.0512595411522119,0.019308599657553847,0.6915158941865269,1.7717264865294868,-1.424541257996763,1.7209889189163858,2.069306759225563,1.3402856466331705,1.808594698959125,0.8929441318771388,0.032818563395912256,-1.2960099008057626,-0.17687822272545536,-0.452493726449311,0.20208558057627576,1
1.4237193551533602,1.4833386118053662,0.8971325037089233,0.49034555580988565,-0.5644397620824388,0.285660064641387,1.530027064218125,-1.424541257996763,1.7209889189163858,1.5172084961176653,1.3402856466331705,1.519831046624726,1.2921440744397643,0.2837840481881799,-0.2835021658012606,-0.06606295065649542,-0.29066653404653187,-0.06496525017255063,1
-0.8940178715586523,-1.43777424460074,-1.01113952490564,-1.1923964002170928,-0.5644397620824388,-0.1201957649037529,-1.128666581206854,1.4185766749207127,-0.9861846614015248,-1.4503196680872859,-1.2762662128153384,-1.0507316623912955,-1.1030555809359888,0.4092667905843138,-0.2835021658012606,1.596166130377904,-0.9379753036576484,-1.1331685731678562,1
-0.2840870224239121,-0.9509221018663889,-0.6294851191827274,-1.0447874567059545,-0.7979391067784359,-0.3231236796763229,-0.6754801643730507,0.6431808750341285,-0.5994455784989662,-1.1052582536448496,-0.5827223464554927,-0.699685653671046,-0.7959787020416614,0.5347495329804477,0.5265040222023409,0.5988286817572643,-0.7761481112548693,-0.8661177424190298,2
0.44782999653777605,0.18506623118043017,0.7699143684679525,1.1988684846633504,0.6030569613975466,0.285660064641387,0.8049287972840399,-0.90761072473904,0.5607716702087098,-0.07007401031754112,1.1196125982459468,0.7667807375958035,0.5858672529828115,-0.34362966379248927,-1.2960099008057626,0.1555675934814245,-0.12883934164375277,0.20208558057627576,1
2.6435810534228406,1.3210545642272493,1.1515687741908651,1.0807813298544395,0.2528079443535509,0.488587979413957,1.5602394920070453,-1.424541257996763,1.7209889189163858,1.2411593645637162,1.277236204236821,1.5424791762195809,1.2000210107714662,-0.21814692139635544,2.9565225862131457,-0.17687822272545536,0.032987850759026355,0.4691364113251022,2
0.9357746758455682,0.9964864690710152,1.9148775856366906,0.9626941750455288,-0.3309404173864418,0.488587979413957,1.3789649252735239,-1.1660759913679015,1.334249836013827,0.9651102330097674,1.0880878770477722,1.2990117830748915,0.5858672529828115,-0.9710433757731585,-1.2960099008057626,2.5935035789985434,0.19481504316180548,1.4038143189459946,2
-0.04011468277001606,-1.600058292178857,-0.24783071345981478,-0.1886555843413513,-0.21419074503844324,-0.1201957649037529,-0.5546304532173698,0.5139482417196978,-0.5994455784989662,-1.5883442338642604,-0.519672904059143,-0.6034311028929129,-1.1644709567148543,-0.7200778909808908,-0.8910068068039617,2.2610577627916637,0.3566422355645846,0.335610995950689,1
0.20385765688388,0.18506623118043017,0.6426962332269816,-0.2772209504480344,0.1360582720055524,0.488587979413957,-0.25250617532816766,0.12625034177640562,-0.21270649559640753,0.6200488185673312,-0.39357401926644386,-0.3712877745456511,-0.12040956847414136,-0.34362966379248927,0.12150092820054016,0.9312744979641442,0.032987850759026355,0.6026618266995154,3
0.9357746758455682,1.6456226593834833,1.4696141122932924,0.40178018970320256,-0.3309404173864418,0.285660064641387,1.409177353062444,-1.2953086246823322,1.334249836013827,2.000294476337076,1.0250384346514225,1.3612941394607423,1.4763902017763606,0.1583013057920461,1.1340086632050421,1.4853508583089439,-0.452493726449311,-0.06496525017255063,1
-0.8940178715586523,-0.30178591155392087,-0.7567032544236983,-1.2514399776215483,-0.6811894344304374,-0.5260515944488928,-0.6150553087952103,0.6431808750341285,-0.5994455784989662,-0.2080985760945156,-0.708821231248192,-0.6826995564749048,-0.12040956847414136,1.6640942145456523,-0.08100061880036022,-0.3985087668633753,-1.5852840732687647,-1.8007956500399223,0
-0.6500455319047562,-1.113206149444506,-0.31143978108030024,-0.3657863165547175,-0.6811894344304374,-0.3231236796763229,-0.16186889196140702,-0.002982291538025084,-0.21270649559640753,-1.3122951023103113,-0.14137624968104537,-0.24106102937523588,-1.072347893046556,-0.7200778909808908,-1.0935083538048622,-0.3985087668633753,0.5184694279673637,0.335610995950689,1
1.1797470154994643,1.4833386118053662,1.5968322475342633,0.6084327106187964,-0.6811894344304374,0.488587979413957,1.6508767753738058,-1.424541257996763,1.7209889189163858,1.7932576276716141,1.1511373194441217,1.6500577917951413,0.7701133803194079,-0.34362966379248927,-1.2960099008057626,1.8177966745158238,-0.29066653404653187,0.7361872420739286,1
0.20385765688388,-1.275490197022623,-0.6930941868032129,0.07704051397869793,-0.09744107269044469,0.08273214986881705,-0.34314345869492835,0.25548297509083634,-0.21270649559640753,-0.9672336878678752,-0.33052457687009423,-0.410922001336647,-1.5329632113880471,-1.2220088605654262,-0.2835021658012606,3.0367646672743835,1.1657781975784802,1.670865149694821,2
-0.5280593620778081,-1.113206149444506,-0.5022669839417566,-0.8971785131948159,-0.3309404173864418,-0.3231236796763229,-0.9776044422622528,1.0308787749774206,-0.9861846614015248,-1.0362459707563625,-0.6772965100500171,-0.9035188200247393,-1.4408401477197488,-0.09266417900022159,0.12150092820054016,-0.6201393110012952,0.032987850759026355,-0.332016080921377,3
-2.1138795698281325,-1.113206149444506,-1.5200120658695238,-1.280961766323776,-0.44769008973444036,-0.7289795092214628,-1.0682417256290135,1.289344041606282,-0.9861846614015248,-1.4503196680872859,-1.1501673280226392,-1.0110974356002995,-0.9188094535993924,1.789576956941786,-1.2960099008057626,0.9312744979641442,-1.908938458074323,-1.5337448192910959,1
-0.16210085259696408,-0.4640699591320379,-0.4386579163212711,0.10656230268092563,-0.21419074503844324,-0.1201957649037529,-0.6452677365841305,0.5139482417196978,-0.5994455784989662,-0.4151354247599773,-0.45662346166279344,-0.6543893944813363,-0.4581941352579014,-1.34749160296156,3.159024133214046,-0.2876934947944153,2.7840501216062714,2.0714413958180606,1
1.6676916948072564,1.4833386118053662,1.6604413151547488,1.7597824700056766,0.7198066337455451,0.6915158941865269,1.4998146364292049,-1.2953086246823322,1.7209889189163858,1.5172084961176653,1.0880878770477722,1.4858588522324438,1.5070978896657934,-0.7200778909808908,1.3365102102059425,1.374535586239984,0.19481504316180548,1.1367634881971682,2
-1.0160040413856002,-0.7886380542882719,-0.4386579163212711,-0.9267003018970437,-0.6811894344304374,-0.3231236796763229,-0.49420559763952937,0.38471560840526703,-0.5994455784989662,-0.9672336878678752,-0.4881481828609683,-0.5581348437032033,-0.4581941352579014,0.4092667905843138,0.12150092820054016,0.3771981376193444,-1.0998024960604276,-1.1331685731678562,2
-0.6500455319047562,-0.9509221018663889,-0.3750488487007857,-0.39530810525694515,0.019308599657553847,-0.1201957649037529,-0.9473920144733327,0.9016461416629898,-0.9861846614015248,-0.7601968392024134,-1.02406844322994,-0.8865327228285982,-1.5636708992774797,-1.2220088605654262,-0.6885052598030614,-0.7309545830702552,1.9749141595923758,1.8043905650692342,3
